DATE,DE.DAX30
2020-11-06,12480.02
2020-11-05,12568.09
2020-11-04,12324.22
2020-11-03,12088.98
2020-11-02,11788.28
2020-10-30,11556.48
2020-10-29,11598.07
2020-10-28,11560.51
2020-10-27,12063.57
2020-10-26,12177.18
2020-10-23,12645.75
2020-10-22,12543.06
2020-10-21,12557.64
2020-10-20,12736.95
2020-10-19,12854.66
2020-10-16,12908.99
2020-10-15,12675.98
2020-10-14,13028.06
2020-10-13,13018.99
2020-10-12,13138.41
2020-10-09,13051.23
2020-10-08,13042.21
2020-10-07,12928.57
2020-10-06,12906.02
2020-10-05,12828.31
2020-10-02,12689.04
2020-10-01,12730.77
2020-09-30,12760.73
2020-09-29,12825.82
2020-09-28,12870.87
2020-09-25,12469.2
2020-09-24,12606.57
2020-09-23,12642.97
2020-09-22,12594.39
2020-09-21,12542.44
2020-09-18,13116.25
2020-09-17,13208.12
2020-09-16,13255.37
2020-09-15,13217.67
2020-09-14,13193.66
2020-09-11,13202.84
2020-09-10,13208.89
2020-09-09,13237.21
2020-09-08,12968.33
2020-09-07,13100.28
2020-09-04,12842.66
2020-09-03,13057.77
2020-09-02,13243.43
2020-09-01,12974.25
2020-08-31,12945.38
2020-08-28,13033.2
2020-08-27,13096.36
2020-08-26,13190.15
2020-08-25,13061.62
2020-08-24,13066.54
2020-08-21,12764.8
2020-08-20,12830.0
2020-08-19,12977.33
2020-08-18,12881.76
2020-08-17,12920.66
2020-08-14,12901.34
2020-08-13,12993.71
2020-08-12,13058.63
2020-08-11,12946.89
2020-08-10,12687.53
2020-08-07,12674.88
2020-08-06,12591.68
2020-08-05,12660.25
2020-08-04,12600.87
2020-08-03,12646.98
2020-07-31,12313.36
2020-07-30,12379.65
2020-07-29,12822.26
2020-07-28,12835.28
2020-07-27,12838.66
2020-07-24,12838.06
2020-07-23,13103.39
2020-07-22,13104.25
2020-07-21,13171.83
2020-07-20,13046.92
2020-07-17,12919.61
2020-07-16,12874.97
2020-07-15,12930.98
2020-07-14,12697.36
2020-07-13,12799.97
2020-07-10,12633.71
2020-07-09,12489.46
2020-07-08,12494.81
2020-07-07,12616.8
2020-07-06,12733.45
2020-07-03,12528.18
2020-07-02,12608.46
2020-07-01,12260.57
2020-06-30,12310.93
2020-06-29,12232.12
2020-06-26,12089.39
2020-06-25,12177.87
2020-06-24,12093.94
2020-06-23,12523.76
2020-06-22,12262.97
2020-06-19,12330.76
2020-06-18,12281.53
2020-06-17,12382.14
2020-06-16,12315.66
2020-06-15,11911.35
2020-06-12,11949.28
2020-06-11,11970.29
2020-06-10,12530.16
2020-06-09,12617.99
2020-06-08,12819.59
2020-06-05,12847.68
2020-06-04,12430.56
2020-06-03,12487.36
2020-06-02,12021.28
2020-05-29,11586.85
2020-05-28,11781.13
2020-05-27,11657.69
2020-05-26,11504.65
2020-05-25,11391.28
2020-05-22,11073.87
2020-05-21,11065.93
2020-05-20,11223.71
2020-05-19,11075.29
2020-05-18,11058.87
2020-05-15,10465.17
2020-05-14,10337.02
2020-05-13,10542.66
2020-05-12,10819.5
2020-05-11,10824.99
2020-05-08,10904.48
2020-05-07,10759.27
2020-05-06,10606.2
2020-05-05,10729.46
2020-05-04,10466.8
2020-04-30,10861.64
2020-04-29,11107.74
2020-04-28,10795.63
2020-04-27,10659.99
2020-04-24,10336.09
2020-04-23,10513.79
2020-04-22,10415.03
2020-04-21,10249.85
2020-04-20,10675.9
2020-04-17,10625.78
2020-04-16,10301.54
2020-04-15,10279.76
2020-04-14,10696.56
2020-04-09,10564.74
2020-04-08,10332.89
2020-04-07,10356.7
2020-04-06,10075.17
2020-04-03,9525.77
2020-04-02,9570.82
2020-04-01,9544.75
2020-03-31,9935.84
2020-03-30,9815.97
2020-03-27,9632.52
2020-03-26,10000.96
2020-03-25,9874.26
2020-03-24,9700.57
2020-03-23,8741.15
2020-03-20,8928.95
2020-03-19,8610.43
2020-03-18,8441.71
2020-03-17,8939.1
2020-03-16,8742.25
2020-03-13,9232.08
2020-03-12,9161.13
2020-03-11,10438.68
2020-03-10,10475.49
2020-03-09,10625.02
2020-03-06,11541.87
2020-03-05,11944.72
2020-03-04,12127.69
2020-03-03,11985.39
2020-03-02,11857.87
2020-02-28,11890.35
2020-02-27,12367.46
2020-02-26,12774.88
2020-02-25,12790.49
2020-02-24,13035.24
2020-02-21,13579.33
2020-02-20,13664.0
2020-02-19,13789.0
2020-02-18,13681.19
2020-02-17,13783.89
2020-02-14,13744.21
2020-02-13,13745.43
2020-02-12,13749.78
2020-02-11,13627.84
2020-02-10,13494.03
2020-02-07,13513.81
2020-02-06,13574.82
2020-02-05,13478.33
2020-02-04,13281.74
2020-02-03,13045.19
2020-01-31,12981.97
2020-01-30,13157.12
2020-01-29,13345.0
2020-01-28,13323.69
2020-01-27,13204.77
2020-01-24,13576.68
2020-01-23,13388.42
2020-01-22,13515.75
2020-01-21,13555.87
2020-01-20,13548.94
2020-01-17,13526.13
2020-01-16,13429.43
2020-01-15,13432.3
2020-01-14,13456.49
2020-01-13,13451.52
2020-01-10,13483.31
2020-01-09,13495.06
2020-01-08,13320.18
2020-01-07,13226.83
2020-01-06,13126.99
2020-01-03,13219.14
2020-01-02,13385.93
2019-12-30,13249.01
2019-12-27,13337.11
2019-12-23,13300.98
2019-12-20,13318.9
2019-12-19,13211.96
2019-12-18,13262.71
2019-12-17,13287.83
2019-12-16,13407.66
2019-12-13,13282.72
2019-12-12,13221.64
2019-12-11,13146.74
2019-12-10,13070.72
2019-12-09,13105.61
2019-12-06,13166.58
2019-12-05,13054.8
2019-12-04,13140.57
2019-12-03,12989.29
2019-12-02,12964.68
2019-11-29,13236.38
2019-11-28,13245.58
2019-11-27,13287.07
2019-11-26,13236.42
2019-11-25,13246.45
2019-11-22,13163.88
2019-11-21,13137.7
2019-11-20,13158.14
2019-11-19,13221.12
2019-11-18,13207.01
2019-11-15,13241.75
2019-11-14,13180.23
2019-11-13,13230.07
2019-11-12,13283.51
2019-11-11,13198.37
2019-11-08,13228.56
2019-11-07,13289.46
2019-11-06,13179.89
2019-11-05,13148.5
2019-11-04,13136.28
2019-11-01,12961.05
2019-10-31,12866.79
2019-10-30,12910.23
2019-10-29,12939.62
2019-10-28,12941.71
2019-10-25,12894.51
2019-10-24,12872.1
2019-10-23,12798.19
2019-10-22,12754.69
2019-10-21,12747.96
2019-10-18,12633.6
2019-10-17,12654.95
2019-10-16,12670.11
2019-10-15,12629.79
2019-10-14,12486.56
2019-10-11,12511.65
2019-10-10,12164.2
2019-10-09,12094.26
2019-10-08,11970.2
2019-10-07,12097.43
2019-10-04,12012.81
2019-10-02,11925.25
2019-10-01,12263.83
2019-09-30,12428.08
2019-09-27,12380.94
2019-09-26,12288.54
2019-09-25,12234.18
2019-09-24,12307.15
2019-09-23,12342.33
2019-09-20,12468.01
2019-09-19,12457.7
2019-09-18,12389.62
2019-09-17,12372.61
2019-09-16,12380.31
2019-09-13,12468.53
2019-09-12,12410.25
2019-09-11,12359.07
2019-09-10,12268.71
2019-09-09,12226.1
2019-09-06,12191.73
2019-09-05,12126.78
2019-09-04,12025.04
2019-09-03,11910.86
2019-09-02,11953.78
2019-08-30,11939.28
2019-08-29,11838.88
2019-08-28,11701.02
2019-08-27,11730.02
2019-08-26,11658.04
2019-08-23,11611.51
2019-08-22,11747.04
2019-08-21,11802.85
2019-08-20,11651.18
2019-08-19,11715.37
2019-08-16,11562.74
2019-08-15,11412.67
2019-08-14,11492.66
2019-08-13,11750.13
2019-08-12,11679.68
2019-08-09,11693.8
2019-08-08,11845.41
2019-08-07,11650.15
2019-08-06,11567.96
2019-08-05,11658.51
2019-08-02,11872.44
2019-08-01,12253.15
2019-07-31,12189.04
2019-07-30,12147.24
2019-07-29,12417.47
2019-07-26,12419.9
2019-07-25,12362.1
2019-07-24,12522.89
2019-07-23,12490.74
2019-07-22,12289.4
2019-07-19,12260.07
2019-07-18,12227.85
2019-07-17,12341.03
2019-07-16,12430.97
2019-07-15,12387.34
2019-07-12,12323.32
2019-07-11,12332.12
2019-07-10,12373.41
2019-07-09,12436.55
2019-07-08,12543.51
2019-07-05,12568.53
2019-07-04,12629.9
2019-07-03,12616.24
2019-07-02,12526.72
2019-07-01,12521.38
2019-06-28,12398.8
2019-06-27,12271.03
2019-06-26,12245.32
2019-06-25,12228.44
2019-06-24,12274.57
2019-06-21,12339.92
2019-06-20,12355.39
2019-06-19,12308.53
2019-06-18,12331.75
2019-06-17,12085.82
2019-06-14,12096.4
2019-06-13,12169.05
2019-06-12,12115.68
2019-06-11,12155.81
2019-06-07,12045.38
2019-06-06,11953.14
2019-06-05,11980.81
2019-06-04,11971.17
2019-06-03,11792.81
2019-05-31,11726.84
2019-05-30,11902.08
2019-05-29,11837.81
2019-05-28,12027.05
2019-05-27,12071.18
2019-05-24,12011.04
2019-05-23,11952.41
2019-05-22,12168.74
2019-05-21,12143.47
2019-05-20,12041.29
2019-05-17,12238.94
2019-05-16,12310.37
2019-05-15,12099.57
2019-05-14,11991.62
2019-05-13,11876.65
2019-05-10,12059.83
2019-05-09,11973.92
2019-05-08,12179.93
2019-05-07,12092.74
2019-05-06,12286.88
2019-05-03,12412.75
2019-05-02,12345.42
2019-04-30,12344.08
2019-04-29,12328.02
2019-04-26,12315.18
2019-04-25,12282.6
2019-04-24,12313.16
2019-04-23,12235.51
2019-04-18,12222.39
2019-04-17,12153.07
2019-04-16,12101.32
2019-04-15,12020.28
2019-04-12,12000.04
2019-04-11,11935.2
2019-04-10,11905.91
2019-04-09,11850.57
2019-04-08,11963.4
2019-04-05,12009.75
2019-04-04,11988.01
2019-04-03,11954.4
2019-04-02,11754.79
2019-04-01,11681.99
2019-03-29,11526.04
2019-03-28,11428.16
2019-03-27,11419.04
2019-03-26,11419.48
2019-03-25,11346.65
2019-03-22,11364.17
2019-03-21,11549.96
2019-03-20,11603.89
2019-03-19,11788.41
2019-03-18,11657.06
2019-03-15,11685.69
2019-03-14,11587.47
2019-03-13,11572.41
2019-03-12,11524.17
2019-03-11,11543.48
2019-03-08,11457.84
2019-03-07,11517.8
2019-03-06,11587.63
2019-03-05,11620.74
2019-03-04,11592.66
2019-03-01,11601.68
2019-02-28,11515.64
2019-02-27,11487.33
2019-02-26,11540.79
2019-02-25,11505.39
2019-02-22,11457.7
2019-02-21,11423.28
2019-02-20,11401.97
2019-02-19,11309.21
2019-02-18,11299.2
2019-02-15,11299.8
2019-02-14,11089.79
2019-02-13,11167.22
2019-02-12,11126.08
2019-02-11,11014.59
2019-02-08,10906.78
2019-02-07,11022.02
2019-02-06,11324.72
2019-02-05,11367.98
2019-02-04,11176.58
2019-02-01,11180.66
2019-01-31,11173.1
2019-01-30,11181.66
2019-01-29,11218.83
2019-01-28,11210.31
2019-01-25,11281.79
2019-01-24,11130.18
2019-01-23,11071.54
2019-01-22,11090.11
2019-01-21,11136.2
2019-01-18,11205.54
2019-01-17,10918.62
2019-01-16,10931.24
2019-01-15,10891.79
2019-01-14,10855.91
2019-01-11,10887.46
2019-01-10,10921.59
2019-01-09,10893.32
2019-01-08,10803.98
2019-01-07,10747.81
2019-01-04,10767.69
2019-01-03,10416.66
2019-01-02,10580.19
2018-12-28,10558.96
2018-12-27,10381.51
2018-12-21,10633.82
2018-12-20,10611.1
2018-12-19,10766.21
2018-12-18,10740.89
2018-12-17,10772.2
2018-12-14,10865.77
2018-12-13,10924.7
2018-12-12,10929.43
2018-12-11,10780.51
2018-12-10,10622.07
2018-12-07,10788.09
2018-12-06,10810.98
2018-12-05,11200.24
2018-12-04,11335.32
2018-12-03,11465.46
2018-11-30,11257.24
2018-11-29,11298.23
2018-11-28,11298.88
2018-11-27,11309.11
2018-11-26,11354.72
2018-11-23,11192.69
2018-11-22,11138.49
2018-11-21,11244.17
2018-11-20,11066.41
2018-11-19,11244.54
2018-11-16,11341.0
2018-11-15,11353.67
2018-11-14,11412.53
2018-11-13,11472.22
2018-11-12,11325.44
2018-11-09,11529.16
2018-11-08,11527.32
2018-11-07,11579.1
2018-11-06,11484.34
2018-11-05,11494.96
2018-11-02,11518.99
2018-11-01,11468.54
2018-10-31,11447.51
2018-10-30,11287.39
2018-10-29,11335.48
2018-10-26,11200.62
2018-10-25,11307.12
2018-10-24,11191.63
2018-10-23,11274.28
2018-10-22,11524.34
2018-10-19,11553.83
2018-10-18,11589.21
2018-10-17,11715.03
2018-10-16,11776.55
2018-10-15,11614.16
2018-10-12,11523.81
2018-10-11,11539.35
2018-10-10,11712.5
2018-10-09,11977.22
2018-10-08,11947.16
2018-10-05,12111.9
2018-10-04,12244.14
2018-10-02,12287.58
2018-10-01,12339.03
2018-09-28,12246.73
2018-09-27,12435.59
2018-09-26,12385.89
2018-09-25,12374.66
2018-09-24,12350.82
2018-09-21,12430.88
2018-09-20,12326.48
2018-09-19,12219.02
2018-09-18,12157.67
2018-09-17,12096.41
2018-09-14,12124.33
2018-09-13,12055.55
2018-09-12,12032.3
2018-09-11,11970.27
2018-09-10,11986.34
2018-09-07,11959.63
2018-09-06,11955.25
2018-09-05,12040.46
2018-09-04,12210.21
2018-09-03,12346.41
2018-08-31,12364.06
2018-08-30,12494.24
2018-08-29,12561.68
2018-08-28,12527.42
2018-08-27,12538.31
2018-08-24,12394.52
2018-08-23,12365.58
2018-08-22,12385.7
2018-08-21,12384.49
2018-08-20,12331.3
2018-08-17,12210.55
2018-08-16,12237.17
2018-08-15,12163.01
2018-08-14,12358.87
2018-08-13,12358.74
2018-08-10,12424.35
2018-08-09,12676.11
2018-08-08,12633.54
2018-08-07,12648.19
2018-08-06,12598.21
2018-08-03,12615.76
2018-08-02,12546.33
2018-08-01,12737.05
2018-07-31,12805.5
2018-07-30,12798.2
2018-07-27,12860.4
2018-07-26,12809.23
2018-07-25,12579.33
2018-07-24,12689.39
2018-07-23,12548.57
2018-07-20,12561.42
2018-07-19,12686.29
2018-07-18,12765.94
2018-07-17,12661.54
2018-07-16,12561.02
2018-07-13,12540.73
2018-07-12,12492.97
2018-07-11,12417.13
2018-07-10,12609.85
2018-07-09,12543.89
2018-07-06,12496.17
2018-07-05,12464.29
2018-07-04,12317.61
2018-07-03,12349.14
2018-07-02,12238.17
2018-06-29,12306.0
2018-06-28,12177.23
2018-06-27,12348.61
2018-06-26,12234.34
2018-06-25,12270.33
2018-06-22,12579.72
2018-06-21,12511.91
2018-06-20,12695.16
2018-06-19,12677.97
2018-06-18,12834.11
2018-06-15,13010.55
2018-06-14,13107.1
2018-06-13,12890.58
2018-06-12,12842.3
2018-06-11,12842.91
2018-06-08,12766.55
2018-06-07,12811.05
2018-06-06,12830.07
2018-06-05,12787.13
2018-06-04,12770.75
2018-06-01,12724.27
2018-05-31,12604.89
2018-05-30,12783.76
2018-05-29,12666.51
2018-05-28,12863.46
2018-05-25,12938.01
2018-05-24,12855.09
2018-05-23,12976.84
2018-05-22,13169.92
2018-05-18,13077.72
2018-05-17,13114.61
2018-05-16,12996.33
2018-05-15,12970.04
2018-05-14,12977.71
2018-05-11,13001.24
2018-05-10,13022.87
2018-05-09,12943.06
2018-05-08,12912.21
2018-05-07,12948.14
2018-05-04,12819.6
2018-05-03,12690.15
2018-05-02,12802.25
2018-04-30,12612.11
2018-04-27,12580.87
2018-04-26,12500.47
2018-04-25,12422.3
2018-04-24,12550.82
2018-04-23,12572.39
2018-04-20,12540.5
2018-04-19,12567.42
2018-04-18,12590.83
2018-04-17,12585.57
2018-04-16,12391.41
2018-04-13,12442.4
2018-04-12,12415.01
2018-04-11,12293.97
2018-04-10,12397.32
2018-04-09,12261.75
2018-04-06,12241.27
2018-04-05,12305.19
2018-04-04,11957.9
2018-04-03,12002.45
2018-03-29,12096.73
2018-03-28,11940.71
2018-03-27,11970.83
2018-03-26,11787.26
2018-03-23,11886.31
2018-03-22,12100.08
2018-03-21,12309.15
2018-03-20,12307.33
2018-03-19,12217.02
2018-03-16,12389.58
2018-03-15,12345.56
2018-03-14,12237.74
2018-03-13,12221.03
2018-03-12,12418.39
2018-03-09,12346.68
2018-03-08,12355.57
2018-03-07,12245.36
2018-03-06,12113.87
2018-03-05,12090.87
2018-03-02,11913.71
2018-03-01,12190.94
2018-02-28,12435.85
2018-02-27,12490.73
2018-02-26,12527.04
2018-02-23,12483.79
2018-02-22,12461.91
2018-02-21,12470.49
2018-02-20,12487.9
2018-02-19,12385.6
2018-02-16,12451.96
2018-02-15,12346.17
2018-02-14,12339.16
2018-02-13,12196.5
2018-02-12,12282.77
2018-02-09,12107.48
2018-02-08,12260.29
2018-02-07,12590.43
2018-02-06,12392.66
2018-02-05,12687.49
2018-02-02,12785.16
2018-02-01,13003.9
2018-01-31,13189.48
2018-01-30,13197.71
2018-01-29,13324.48
2018-01-26,13340.17
2018-01-25,13298.36
2018-01-24,13414.74
2018-01-23,13559.6
2018-01-22,13463.69
2018-01-19,13434.45
2018-01-18,13281.43
2018-01-17,13183.96
2018-01-16,13246.33
2018-01-15,13200.51
2018-01-12,13245.03
2018-01-11,13202.9
2018-01-10,13281.34
2018-01-09,13385.59
2018-01-08,13367.78
2018-01-05,13319.64
2018-01-04,13167.89
2018-01-03,12978.21
2018-01-02,12871.39
2017-12-29,12917.64
2017-12-28,12979.94
2017-12-27,13070.02
2017-12-22,13072.79
2017-12-21,13109.74
2017-12-20,13069.17
2017-12-19,13215.79
2017-12-18,13312.3
2017-12-15,13103.56
2017-12-14,13068.08
2017-12-13,13125.64
2017-12-12,13183.53
2017-12-11,13123.65
2017-12-08,13153.7
2017-12-07,13045.15
2017-12-06,12998.85
2017-12-05,13048.54
2017-12-04,13058.55
2017-12-01,12861.49
2017-11-30,13023.98
2017-11-29,13061.87
2017-11-28,13059.53
2017-11-27,13000.2
2017-11-24,13059.84
2017-11-23,13008.55
2017-11-22,13015.04
2017-11-21,13167.54
2017-11-20,13058.66
2017-11-17,12993.73
2017-11-16,13047.22
2017-11-15,12976.37
2017-11-14,13033.48
2017-11-13,13074.42
2017-11-10,13127.47
2017-11-09,13182.56
2017-11-08,13382.42
2017-11-07,13379.27
2017-11-06,13468.79
2017-11-03,13478.86
2017-11-02,13440.93
2017-11-01,13465.51
2017-10-30,13229.57
2017-10-27,13217.54
2017-10-26,13133.28
2017-10-25,12953.41
2017-10-24,13013.19
2017-10-23,13003.14
2017-10-20,12991.28
2017-10-19,12990.1
2017-10-18,13043.03
2017-10-17,12995.06
2017-10-16,13003.7
2017-10-13,12991.87
2017-10-12,12982.89
2017-10-11,12970.68
2017-10-10,12949.25
2017-10-09,12976.4
2017-10-06,12955.94
2017-10-05,12968.05
2017-10-04,12970.52
2017-10-02,12902.65
2017-09-29,12828.86
2017-09-28,12704.65
2017-09-27,12657.41
2017-09-26,12605.2
2017-09-25,12594.81
2017-09-22,12592.35
2017-09-21,12600.03
2017-09-20,12569.17
2017-09-19,12561.79
2017-09-18,12559.39
2017-09-15,12518.81
2017-09-14,12540.45
2017-09-13,12553.57
2017-09-12,12524.77
2017-09-11,12475.24
2017-09-08,12303.98
2017-09-07,12296.63
2017-09-06,12214.54
2017-09-05,12123.71
2017-09-04,12102.21
2017-09-01,12142.64
2017-08-31,12055.84
2017-08-30,12002.47
2017-08-29,11945.88
2017-08-28,12123.47
2017-08-25,12167.94
2017-08-24,12180.83
2017-08-23,12174.3
2017-08-22,12229.34
2017-08-21,12065.99
2017-08-18,12165.19
2017-08-17,12203.46
2017-08-16,12263.86
2017-08-15,12177.04
2017-08-14,12165.12
2017-08-11,12014.06
2017-08-10,12014.3
2017-08-09,12154.0
2017-08-08,12292.05
2017-08-07,12257.17
2017-08-04,12297.72
2017-08-03,12154.72
2017-08-02,12181.48
2017-08-01,12251.29
2017-07-31,12118.25
2017-07-28,12162.7
2017-07-27,12212.04
2017-07-26,12305.11
2017-07-25,12264.31
2017-07-24,12208.95
2017-07-21,12240.06
2017-07-20,12447.25
2017-07-19,12452.05
2017-07-18,12430.39
2017-07-17,12587.16
2017-07-14,12631.72
2017-07-13,12641.33
2017-07-12,12626.58
2017-07-11,12437.02
2017-07-10,12445.92
2017-07-07,12388.68
2017-07-06,12381.25
2017-07-05,12453.68
2017-07-04,12437.13
2017-07-03,12475.31
2017-06-30,12325.12
2017-06-29,12416.19
2017-06-28,12647.27
2017-06-27,12671.02
2017-06-26,12770.83
2017-06-23,12733.41
2017-06-22,12794.0
2017-06-21,12774.26
2017-06-20,12814.79
2017-06-19,12888.95
2017-06-16,12752.73
2017-06-15,12691.81
2017-06-14,12805.95
2017-06-13,12764.98
2017-06-12,12690.44
2017-06-09,12815.72
2017-06-08,12713.58
2017-06-07,12672.49
2017-06-06,12690.12
2017-06-02,12822.94
2017-06-01,12664.92
2017-05-31,12615.06
2017-05-30,12598.68
2017-05-29,12628.95
2017-05-26,12602.18
2017-05-25,12621.72
2017-05-24,12642.87
2017-05-23,12659.15
2017-05-22,12619.46
2017-05-19,12638.69
2017-05-18,12590.06
2017-05-17,12631.61
2017-05-16,12804.53
2017-05-15,12807.04
2017-05-12,12770.41
2017-05-11,12711.06
2017-05-10,12757.46
2017-05-09,12749.12
2017-05-08,12694.55
2017-05-05,12716.89
2017-05-04,12647.78
2017-05-03,12527.84
2017-05-02,12507.9
2017-04-28,12438.01
2017-04-27,12443.79
2017-04-26,12472.8
2017-04-25,12467.04
2017-04-24,12454.98
2017-04-21,12048.57
2017-04-20,12027.32
2017-04-19,12016.45
2017-04-18,12000.44
2017-04-13,12109.0
2017-04-12,12154.7
2017-04-11,12139.35
2017-04-10,12200.52
2017-04-07,12225.06
2017-04-06,12230.89
2017-04-05,12217.54
2017-04-04,12282.34
2017-04-03,12257.2
2017-03-31,12312.87
2017-03-30,12256.43
2017-03-29,12203.0
2017-03-28,12149.42
2017-03-27,11996.07
2017-03-24,12064.27
2017-03-23,12039.68
2017-03-22,11904.12
2017-03-21,11962.13
2017-03-20,12052.9
2017-03-17,12095.24
2017-03-16,12083.18
2017-03-15,12009.87
2017-03-14,11988.79
2017-03-13,11990.03
2017-03-10,11963.18
2017-03-09,11978.39
2017-03-08,11967.31
2017-03-07,11966.14
2017-03-06,11958.4
2017-03-03,12027.36
2017-03-02,12059.57
2017-03-01,12067.19
2017-02-28,11834.41
2017-02-27,11822.67
2017-02-24,11804.03
2017-02-23,11947.83
2017-02-22,11998.59
2017-02-21,11967.49
2017-02-20,11827.62
2017-02-17,11757.02
2017-02-16,11757.24
2017-02-15,11793.93
2017-02-14,11771.81
2017-02-13,11774.43
2017-02-10,11666.97
2017-02-09,11642.86
2017-02-08,11543.38
2017-02-07,11549.44
2017-02-06,11509.84
2017-02-03,11651.49
2017-02-02,11627.95
2017-02-01,11659.5
2017-01-31,11535.31
2017-01-30,11681.89
2017-01-27,11814.27
2017-01-26,11848.63
2017-01-25,11806.05
2017-01-24,11594.94
2017-01-23,11545.75
2017-01-20,11630.13
2017-01-19,11596.89
2017-01-18,11599.39
2017-01-17,11540.0
2017-01-16,11554.71
2017-01-13,11629.18
2017-01-12,11521.04
2017-01-11,11646.17
2017-01-10,11583.3
2017-01-09,11563.99
2017-01-06,11599.01
2017-01-05,11584.94
2017-01-04,11584.31
2017-01-03,11584.24
2017-01-02,11598.33
2016-12-30,11481.06
2016-12-29,11451.05
2016-12-28,11474.99
2016-12-27,11472.24
2016-12-26,11456.1
2016-12-23,11449.93
2016-12-22,11456.1
2016-12-21,11468.64
2016-12-20,11464.74
2016-12-19,11426.7
2016-12-16,11404.01
2016-12-15,11366.4
2016-12-14,11244.84
2016-12-13,11284.65
2016-12-12,11190.21
2016-12-09,11203.63
2016-12-08,11179.42
2016-12-07,10986.69
2016-12-06,10775.32
2016-12-05,10684.83
2016-12-02,10513.35
2016-12-01,10534.05
2016-11-30,10640.3
2016-11-29,10620.49
2016-11-28,10582.67
2016-11-25,10699.27
2016-11-24,10689.26
2016-11-23,10662.44
2016-11-22,10713.85
2016-11-21,10685.13
2016-11-18,10664.56
2016-11-17,10685.54
2016-11-16,10663.87
2016-11-15,10735.14
2016-11-14,10693.69
2016-11-11,10667.95
2016-11-10,10630.12
2016-11-09,10646.01
2016-11-08,10482.32
2016-11-07,10456.95
2016-11-04,10259.13
2016-11-03,10325.88
2016-11-02,10370.93
2016-11-01,10526.16
2016-10-31,10665.01
2016-10-28,10696.19
2016-10-27,10717.08
2016-10-26,10709.68
2016-10-25,10757.31
2016-10-24,10761.17
2016-10-21,10710.73
2016-10-20,10701.39
2016-10-19,10645.68
2016-10-18,10631.55
2016-10-17,10503.57
2016-10-14,10580.38
2016-10-13,10414.07
2016-10-12,10523.07
2016-10-11,10577.16
2016-10-10,10624.08
2016-10-07,10490.86
2016-10-06,10568.8
2016-10-05,10585.78
2016-10-04,10619.61
2016-10-03,10405.54
2016-09-30,10511.02
2016-09-29,10405.54
2016-09-28,10438.34
2016-09-27,10361.48
2016-09-26,10393.71
2016-09-23,10626.97
2016-09-22,10674.18
2016-09-21,10436.49
2016-09-20,10393.86
2016-09-19,10373.87
2016-09-16,10276.17
2016-09-15,10431.2
2016-09-14,10378.4
2016-09-13,10386.6
2016-09-12,10431.77
2016-09-09,10573.44
2016-09-08,10675.29
2016-09-07,10752.98
2016-09-06,10687.14
2016-09-05,10672.22
2016-09-02,10683.82
2016-09-01,10534.31
2016-08-31,10592.69
2016-08-30,10657.64
2016-08-29,10544.44
2016-08-26,10587.77
2016-08-25,10529.59
2016-08-24,10622.97
2016-08-23,10592.88
2016-08-22,10494.35
2016-08-19,10544.36
2016-08-18,10603.03
2016-08-17,10537.67
2016-08-16,10676.65
2016-08-15,10739.21
2016-08-12,10713.43
2016-08-11,10742.84
2016-08-10,10650.89
2016-08-09,10692.9
2016-08-08,10432.36
2016-08-05,10367.21
2016-08-04,10227.86
2016-08-03,10170.21
2016-08-02,10144.34
2016-08-01,10330.52
2016-07-29,10337.5
2016-07-28,10274.93
2016-07-27,10319.55
2016-07-26,10247.76
2016-07-25,10198.24
2016-07-22,10147.46
2016-07-21,10156.21
2016-07-20,10142.01
2016-07-19,9981.24
2016-07-18,10063.13
2016-07-15,10066.9
2016-07-14,10068.3
2016-07-13,9930.71
2016-07-12,9964.07
2016-07-11,9833.41
2016-07-08,9629.66
2016-07-07,9418.78
2016-07-06,9373.26
2016-07-05,9532.61
2016-07-04,9709.09
2016-07-01,9776.12
2016-06-30,9680.09
2016-06-29,9612.27
2016-06-28,9447.28
2016-06-27,9268.66
2016-06-24,9557.16
2016-06-23,10257.03
2016-06-22,10071.06
2016-06-21,10015.54
2016-06-20,9962.02
2016-06-17,9631.36
2016-06-16,9550.47
2016-06-15,9606.71
2016-06-14,9519.2
2016-06-13,9657.44
2016-06-10,9834.62
2016-06-09,10088.87
2016-06-08,10217.03
2016-06-07,10287.68
2016-06-06,10121.08
2016-06-03,10103.26
2016-06-02,10208.0
2016-06-01,10204.44
2016-05-31,10262.74
2016-05-30,10333.23
2016-05-27,10286.31
2016-05-26,10272.71
2016-05-25,10205.21
2016-05-24,10057.31
2016-05-23,9842.29
2016-05-20,9916.02
2016-05-19,9795.89
2016-05-18,9943.23
2016-05-17,9890.19
2016-05-13,9952.9
2016-05-12,9862.12
2016-05-11,9975.32
2016-05-10,10045.44
2016-05-09,9980.49
2016-05-06,9869.95
2016-05-05,9851.86
2016-05-04,9828.25
2016-05-03,9926.77
2016-05-02,10123.27
2016-04-29,10038.97
2016-04-28,10321.15
2016-04-27,10284.38
2016-04-26,10241.73
2016-04-25,10272.74
2016-04-22,10373.49
2016-04-21,10435.73
2016-04-20,10421.29
2016-04-19,10349.59
2016-04-18,10120.31
2016-04-15,10051.57
2016-04-14,10093.65
2016-04-13,10026.1
2016-04-12,9761.47
2016-04-11,9682.99
2016-04-08,9622.26
2016-04-07,9530.62
2016-04-06,9624.51
2016-04-05,9563.36
2016-04-04,9822.08
2016-04-01,9794.64
2016-03-31,9965.51
2016-03-30,10046.61
2016-03-29,9887.94
2016-03-24,9851.35
2016-03-23,10022.93
2016-03-22,9990.0
2016-03-21,9948.64
2016-03-18,9950.8
2016-03-17,9892.2
2016-03-16,9983.41
2016-03-15,9933.85
2016-03-14,9990.26
2016-03-11,9831.13
2016-03-10,9498.15
2016-03-09,9723.09
2016-03-08,9692.82
2016-03-07,9778.93
2016-03-04,9824.17
2016-03-03,9751.92
2016-03-02,9776.62
2016-03-01,9717.16
2016-02-29,9495.4
2016-02-26,9513.3
2016-02-25,9331.48
2016-02-24,9167.8
2016-02-23,9416.77
2016-02-22,9573.59
2016-02-19,9388.05
2016-02-18,9463.64
2016-02-17,9377.21
2016-02-16,9135.11
2016-02-15,9206.84
2016-02-12,8967.51
2016-02-11,8752.87
2016-02-10,9017.29
2016-02-09,8879.4
2016-02-08,8979.36
2016-02-05,9286.23
2016-02-04,9393.36
2016-02-03,9434.82
2016-02-02,9581.04
2016-02-01,9757.88
2016-01-29,9798.11
2016-01-28,9639.59
2016-01-27,9880.82
2016-01-26,9822.75
2016-01-25,9736.15
2016-01-22,9764.88
2016-01-21,9574.16
2016-01-20,9391.64
2016-01-19,9664.21
2016-01-18,9521.85
2016-01-15,9545.27
2016-01-14,9794.2
2016-01-13,9960.96
2016-01-12,9985.43
2016-01-11,9825.07
2016-01-08,9849.34
2016-01-07,9979.85
2016-01-06,10214.02
2016-01-05,10310.1
2016-01-04,10283.44
2015-12-30,10743.01
2015-12-29,10860.14
2015-12-28,10653.91
2015-12-23,10727.64
2015-12-22,10488.75
2015-12-21,10497.77
2015-12-18,10608.19
2015-12-17,10738.12
2015-12-16,10469.26
2015-12-15,10450.38
2015-12-14,10139.34
2015-12-11,10340.06
2015-12-10,10598.93
2015-12-09,10592.49
2015-12-08,10673.6
2015-12-07,10886.09
2015-12-04,10752.1
2015-12-03,10789.24
2015-12-02,11190.02
2015-12-01,11261.24
2015-11-30,11382.23
2015-11-27,11293.76
2015-11-26,11320.77
2015-11-25,11169.54
2015-11-24,10933.99
2015-11-23,11092.31
2015-11-20,11119.83
2015-11-19,11085.44
2015-11-18,10959.95
2015-11-17,10971.04
2015-11-16,10713.23
2015-11-13,10708.4
2015-11-12,10782.63
2015-11-11,10907.87
2015-11-10,10832.52
2015-11-09,10815.45
2015-11-06,10988.03
2015-11-05,10887.74
2015-11-04,10845.24
2015-11-03,10951.15
2015-11-02,10950.67
2015-10-30,10850.14
2015-10-29,10800.84
2015-10-28,10831.96
2015-10-27,10692.19
2015-10-26,10801.34
2015-10-23,10794.54
2015-10-22,10491.97
2015-10-21,10238.1
2015-10-20,10147.68
2015-10-19,10164.31
2015-10-16,10104.43
2015-10-15,10064.8
2015-10-14,9915.85
2015-10-13,10032.82
2015-10-12,10119.83
2015-10-09,10096.6
2015-10-08,9993.07
2015-10-07,9970.4
2015-10-06,9902.83
2015-10-05,9814.79
2015-10-02,9553.07
2015-10-01,9509.25
2015-09-30,9660.44
2015-09-29,9450.4
2015-09-28,9483.55
2015-09-25,9688.53
2015-09-24,9427.64
2015-09-23,9612.62
2015-09-22,9570.66
2015-09-21,9948.51
2015-09-18,9916.16
2015-09-17,10229.58
2015-09-16,10227.21
2015-09-15,10188.13
2015-09-14,10131.74
2015-09-11,10123.56
2015-09-10,10210.44
2015-09-09,10303.12
2015-09-08,10271.36
2015-09-07,10108.61
2015-09-04,10038.04
2015-09-03,10317.84
2015-09-02,10048.05
2015-09-01,10015.57
2015-08-31,10259.46
2015-08-28,10298.53
2015-08-27,10315.62
2015-08-26,9997.43
2015-08-25,10128.12
2015-08-24,9648.43
2015-08-21,10124.52
2015-08-20,10432.19
2015-08-19,10682.15
2015-08-18,10915.92
2015-08-17,10940.33
2015-08-14,10985.14
2015-08-13,11014.63
2015-08-12,10924.61
2015-08-11,11293.65
2015-08-10,11604.78
2015-08-07,11490.83
2015-08-06,11585.1
2015-08-05,11636.3
2015-08-04,11456.07
2015-08-03,11443.72
2015-07-31,11308.99
2015-07-30,11257.15
2015-07-29,11211.85
2015-07-28,11173.91
2015-07-27,11056.4
2015-07-24,11347.45
2015-07-23,11512.11
2015-07-22,11520.67
2015-07-21,11604.8
2015-07-20,11735.72
2015-07-17,11673.42
2015-07-16,11716.76
2015-07-15,11539.66
2015-07-14,11516.9
2015-07-13,11484.38
2015-07-10,11315.63
2015-07-09,10996.41
2015-07-08,10747.3
2015-07-07,10676.78
2015-07-06,10890.63
2015-07-03,11058.39
2015-07-02,11099.35
2015-07-01,11180.5
2015-06-30,10944.97
2015-06-29,11083.2
2015-06-26,11492.43
2015-06-25,11473.13
2015-06-24,11471.26
2015-06-23,11542.54
2015-06-22,11460.5
2015-06-19,11040.1
2015-06-18,11100.3
2015-06-17,10978.01
2015-06-16,11044.01
2015-06-15,10984.97
2015-06-12,11196.49
2015-06-11,11332.78
2015-06-10,11265.39
2015-06-09,11001.29
2015-06-08,11064.92
2015-06-05,11197.15
2015-06-04,11340.6
2015-06-03,11419.62
2015-06-02,11328.8
2015-06-01,11436.05
2015-05-29,11413.82
2015-05-28,11677.57
2015-05-27,11771.13
2015-05-26,11625.13
2015-05-22,11815.01
2015-05-21,11864.59
2015-05-20,11848.47
2015-05-19,11853.33
2015-05-18,11594.28
2015-05-15,11447.03
2015-05-14,11559.82
2015-05-13,11351.46
2015-05-12,11472.41
2015-05-11,11673.35
2015-05-08,11709.73
2015-05-07,11407.97
2015-05-06,11350.15
2015-05-05,11327.68
2015-05-04,11619.85
2015-04-30,11454.38
2015-04-29,11432.72
2015-04-28,11811.66
2015-04-27,12039.16
2015-04-24,11810.85
2015-04-23,11723.58
2015-04-22,11867.37
2015-04-21,11939.58
2015-04-20,11891.91
2015-04-17,11688.7
2015-04-16,11998.86
2015-04-15,12231.34
2015-04-14,12227.6
2015-04-13,12338.73
2015-04-10,12374.73
2015-04-09,12166.44
2015-04-08,12035.86
2015-04-07,12123.52
2015-04-02,11967.39
2015-04-01,12001.38
2015-03-31,11966.17
2015-03-30,12086.01
2015-03-27,11868.33
2015-03-26,11843.68
2015-03-25,11865.32
2015-03-24,12005.69
2015-03-23,11895.84
2015-03-20,12039.37
2015-03-19,11899.4
2015-03-18,11922.77
2015-03-17,11980.85
2015-03-16,12167.72
2015-03-13,11901.61
2015-03-12,11799.39
2015-03-11,11805.99
2015-03-10,11500.38
2015-03-09,11582.11
2015-03-06,11550.97
2015-03-05,11504.01
2015-03-04,11390.38
2015-03-03,11280.36
2015-03-02,11410.36
2015-02-27,11401.66
2015-02-26,11327.19
2015-02-25,11210.27
2015-02-24,11205.74
2015-02-23,11130.92
2015-02-20,11050.64
2015-02-19,11001.94
2015-02-18,10961.0
2015-02-17,10895.62
2015-02-16,10923.23
2015-02-13,10963.4
2015-02-12,10919.65
2015-02-11,10752.11
2015-02-10,10753.83
2015-02-09,10663.51
2015-02-06,10846.39
2015-02-05,10905.41
2015-02-04,10911.32
2015-02-03,10890.95
2015-02-02,10828.01
2015-01-30,10694.32
2015-01-29,10737.87
2015-01-28,10710.97
2015-01-27,10628.58
2015-01-26,10798.33
2015-01-23,10649.58
2015-01-22,10435.62
2015-01-21,10299.23
2015-01-20,10257.13
2015-01-19,10242.35
2015-01-16,10167.77
2015-01-15,10032.61
2015-01-14,9817.08
2015-01-13,9941.0
2015-01-12,9781.9
2015-01-09,9648.5
2015-01-08,9837.61
2015-01-07,9518.18
2015-01-06,9469.66
2015-01-05,9473.16
2015-01-02,9764.73
2014-12-30,9805.55
2014-12-29,9927.13
2014-12-23,9922.11
2014-12-22,9865.76
2014-12-19,9786.96
2014-12-18,9811.06
2014-12-17,9544.43
2014-12-16,9563.89
2014-12-15,9334.01
2014-12-12,9594.73
2014-12-11,9862.53
2014-12-10,9799.73
2014-12-09,9793.71
2014-12-08,10014.99
2014-12-05,10087.12
2014-12-04,9851.35
2014-12-03,9971.79
2014-12-02,9934.08
2014-12-01,9963.51
2014-11-28,9980.85
2014-11-27,9974.87
2014-11-26,9915.56
2014-11-25,9861.21
2014-11-24,9785.54
2014-11-21,9732.55
2014-11-20,9483.97
2014-11-19,9472.8
2014-11-18,9456.53
2014-11-17,9306.35
2014-11-14,9252.94
2014-11-13,9248.51
2014-11-12,9210.96
2014-11-11,9369.03
2014-11-10,9351.87
2014-11-07,9291.83
2014-11-06,9377.41
2014-11-05,9315.48
2014-11-04,9166.47
2014-11-03,9251.7
2014-10-29,9082.81
2014-10-28,9068.19
2014-10-27,8902.61
2014-10-24,8987.8
2014-10-23,9047.31
2014-10-22,8940.14
2014-10-21,8886.96
2014-10-20,8717.76
2014-10-17,8850.27
2014-10-16,8582.9
2014-10-15,8571.95
2014-10-14,8825.21
2014-10-13,8812.43
2014-10-10,8788.81
2014-10-09,9005.02
2014-10-08,8995.33
2014-10-07,9086.21
2014-10-06,9209.51
2014-10-02,9195.68
2014-10-01,9382.03
2014-09-30,9474.3
2014-09-29,9422.91
2014-09-26,9490.55
2014-09-25,9510.01
2014-09-24,9661.97
2014-09-23,9595.03
2014-09-22,9749.54
2014-09-19,9799.26
2014-09-18,9798.13
2014-09-17,9661.5
2014-09-16,9632.93
2014-09-15,9659.63
2014-09-12,9651.13
2014-09-11,9691.28
2014-09-10,9700.17
2014-09-09,9710.7
2014-09-08,9758.03
2014-09-05,9747.02
2014-09-04,9724.26
2014-09-03,9626.49
2014-09-02,9507.02
2014-09-01,9479.03
2014-08-29,9470.17
2014-08-28,9462.56
2014-08-27,9569.71
2014-08-26,9588.15
2014-08-25,9510.14
2014-08-22,9339.17
2014-08-21,9401.53
2014-08-20,9314.57
2014-08-19,9334.28
2014-08-18,9245.33
2014-08-15,9092.6
2014-08-14,9225.1
2014-08-13,9198.88
2014-08-12,9069.47
2014-08-11,9180.74
2014-08-08,9009.32
2014-08-07,9038.97
2014-08-06,9130.04
2014-08-05,9189.74
2014-08-04,9154.14
2014-08-01,9210.08
2014-07-31,9407.48
2014-07-30,9593.68
2014-07-29,9644.01
2014-07-28,9598.17
2014-07-25,9644.01
2014-07-24,9794.06
2014-07-23,9753.56
2014-07-22,9734.33
2014-07-21,9612.05
2014-07-18,9720.02
2014-07-17,9753.88
2014-07-16,9859.27
2014-07-15,9719.41
2014-07-14,9783.01
2014-07-11,9666.34
2014-07-10,9772.67
2014-07-09,9808.2
2014-07-08,9772.67
2014-07-07,9906.07
2014-07-04,10009.08
2014-07-03,10029.43
2014-07-02,9911.27
2014-07-01,9902.41
2014-06-30,9833.07
2014-06-27,9815.17
2014-06-26,9804.9
2014-06-25,9867.75
2014-06-24,9938.08
2014-06-23,9920.92
2014-06-20,9987.24
2014-06-19,10004.0
2014-06-18,9930.33
2014-06-17,9920.32
2014-06-16,9883.98
2014-06-13,9912.87
2014-06-12,9938.7
2014-06-11,9949.81
2014-06-10,10028.8
2014-06-09,10008.63
2014-06-06,9987.19
2014-06-05,9947.83
2014-06-04,9926.67
2014-06-03,9919.74
2014-06-02,9950.12
2014-05-30,9943.27
2014-05-29,9938.9
2014-05-28,9939.17
2014-05-27,9940.82
2014-05-26,9892.82
2014-05-23,9768.01
2014-05-22,9720.91
2014-05-21,9697.87
2014-05-20,9639.08
2014-05-19,9659.39
2014-05-16,9629.1
2014-05-15,9656.05
2014-05-14,9754.39
2014-05-13,9754.43
2014-05-12,9702.46
2014-05-09,9581.45
2014-05-08,9607.4
2014-05-07,9521.3
2014-05-06,9467.53
2014-05-05,9529.5
2014-05-02,9556.02
2014-04-30,9603.23
2014-04-29,9584.12
2014-04-28,9446.36
2014-04-25,9401.55
2014-04-24,9548.68
2014-04-23,9544.19
2014-04-22,9600.09
2014-04-17,9409.71
2014-04-16,9317.82
2014-04-15,9173.71
2014-04-14,9339.17
2014-04-11,9315.29
2014-04-10,9454.54
2014-04-09,9506.35
2014-04-08,9490.79
2014-04-07,9510.85
2014-04-04,9695.77
2014-04-03,9628.82
2014-04-02,9623.36
2014-04-01,9603.71
2014-03-31,9555.91
2014-03-28,9587.19
2014-03-27,9451.21
2014-03-26,9448.58
2014-03-25,9338.4
2014-03-24,9188.77
2014-03-21,9342.94
2014-03-20,9296.12
2014-03-19,9277.05
2014-03-18,9242.55
2014-03-17,9180.89
2014-03-14,9056.41
2014-03-13,9017.79
2014-03-12,9188.69
2014-03-11,9307.79
2014-03-10,9265.5
2014-03-07,9350.75
2014-03-06,9542.87
2014-03-05,9542.02
2014-03-04,9589.15
2014-03-03,9358.89
2014-02-28,9692.08
2014-02-27,9588.33
2014-02-26,9661.73
2014-02-25,9699.35
2014-02-24,9708.94
2014-02-21,9656.95
2014-02-20,9618.85
2014-02-19,9660.05
2014-02-18,9659.78
2014-02-17,9656.76
2014-02-14,9662.4
2014-02-13,9596.77
2014-02-12,9540.0
2014-02-11,9478.77
2014-02-10,9289.86
2014-02-07,9301.92
2014-02-06,9256.58
2014-02-05,9116.32
2014-02-04,9127.91
2014-02-03,9186.52
2014-01-31,9306.48
2014-01-30,9373.48
2014-01-29,9336.73
2014-01-28,9406.91
2014-01-27,9349.22
2014-01-24,9392.02
2014-01-23,9631.04
2014-01-22,9720.11
2014-01-21,9730.12
2014-01-20,9715.9
2014-01-17,9742.96
2014-01-16,9717.71
2014-01-15,9733.81
2014-01-14,9540.51
2014-01-13,9510.17
2014-01-10,9473.24
2014-01-09,9421.61
2014-01-08,9497.84
2014-01-07,9506.2
2014-01-06,9428.0
2014-01-03,9435.15
2014-01-02,9400.04
2013-12-30,9552.16
2013-12-27,9589.39
2013-12-23,9488.82
2013-12-20,9400.18
2013-12-19,9335.74
2013-12-18,9181.75
2013-12-17,9085.12
2013-12-16,9163.56
2013-12-13,9006.46
2013-12-12,9017.0
2013-12-11,9077.11
2013-12-10,9114.44
2013-12-09,9195.17
2013-12-06,9172.41
2013-12-05,9084.95
2013-12-04,9140.63
2013-12-03,9223.4
2013-12-02,9401.96
2013-11-29,9405.3
2013-11-28,9387.37
2013-11-27,9351.13
2013-11-26,9290.07
2013-11-25,9299.95
2013-11-22,9219.04
2013-11-21,9196.08
2013-11-20,9202.07
2013-11-19,9193.29
2013-11-18,9225.43
2013-11-15,9168.69
2013-11-14,9149.66
2013-11-13,9054.83
2013-11-12,9076.48
2013-11-11,9107.86
2013-11-08,9078.28
2013-11-07,9081.03
2013-11-06,9040.87
2013-11-05,9009.11
2013-11-04,9037.23
2013-11-01,9007.83
2013-10-31,9033.92
2013-10-30,9010.27
2013-10-29,9022.04
2013-10-28,8978.65
2013-10-25,8985.74
2013-10-24,8980.63
2013-10-23,8919.86
2013-10-22,8947.46
2013-10-21,8867.22
2013-10-18,8865.1
2013-10-17,8811.98
2013-10-16,8846.0
2013-10-15,8804.44
2013-10-14,8723.81
2013-10-11,8724.83
2013-10-10,8685.77
2013-10-09,8516.69
2013-10-08,8555.89
2013-10-07,8591.58
2013-10-04,8622.97
2013-10-03,8597.91
2013-10-02,8629.42
2013-10-01,8689.14
2013-09-30,8594.4
2013-09-27,8661.51
2013-09-26,8664.1
2013-09-25,8665.63
2013-09-24,8664.6
2013-09-23,8635.29
2013-09-20,8675.73
2013-09-19,8694.18
2013-09-18,8636.06
2013-09-17,8596.95
2013-09-16,8613.0
2013-09-13,8509.42
2013-09-12,8494.0
2013-09-11,8495.73
2013-09-10,8446.54
2013-09-09,8276.32
2013-09-06,8275.67
2013-09-05,8234.98
2013-09-04,8195.92
2013-09-03,8180.71
2013-09-02,8243.87
2013-08-30,8103.15
2013-08-29,8194.55
2013-08-28,8157.9
2013-08-27,8242.56
2013-08-26,8435.15
2013-08-23,8416.99
2013-08-22,8397.89
2013-08-21,8285.41
2013-08-20,8300.03
2013-08-19,8366.29
2013-08-16,8391.94
2013-08-15,8376.29
2013-08-14,8438.12
2013-08-13,8415.76
2013-08-12,8359.25
2013-08-09,8338.31
2013-08-08,8318.32
2013-08-07,8260.48
2013-08-06,8299.73
2013-08-05,8398.38
2013-08-02,8406.94
2013-08-01,8410.73
2013-07-31,8275.97
2013-07-30,8271.02
2013-07-29,8259.03
2013-07-26,8244.91
2013-07-25,8298.98
2013-07-24,8379.11
2013-07-23,8314.23
2013-07-22,8331.06
2013-07-19,8331.57
2013-07-18,8337.09
2013-07-17,8254.72
2013-07-16,8201.05
2013-07-15,8234.81
2013-07-12,8212.77
2013-07-11,8158.8
2013-07-10,8066.48
2013-07-09,8057.75
2013-07-08,7968.54
2013-07-05,7806.0
2013-07-04,7994.31
2013-07-03,7829.32
2013-07-02,7910.77
2013-07-01,7983.92
2013-06-28,7959.22
2013-06-27,7990.75
2013-06-26,7940.99
2013-06-25,7811.3
2013-06-24,7692.45
2013-06-21,7789.24
2013-06-20,7928.48
2013-06-19,8197.08
2013-06-18,8229.51
2013-06-17,8215.73
2013-06-14,8127.96
2013-06-13,8095.39
2013-06-12,8143.27
2013-06-11,8222.46
2013-06-10,8307.69
2013-06-07,8254.68
2013-06-06,8098.81
2013-06-05,8196.18
2013-06-04,8295.96
2013-06-03,8285.8
2013-05-31,8348.84
2013-05-30,8400.2
2013-05-29,8336.58
2013-05-28,8480.87
2013-05-27,8383.3
2013-05-24,8305.32
2013-05-23,8351.98
2013-05-22,8530.89
2013-05-21,8472.2
2013-05-20,8455.83
2013-05-17,8398.0
2013-05-16,8369.87
2013-05-15,8362.42
2013-05-14,8339.11
2013-05-13,8279.29
2013-05-10,8278.59
2013-05-09,8262.55
2013-05-08,8249.71
2013-05-07,8181.78
2013-05-06,8112.08
2013-05-03,8122.29
2013-05-02,7961.71
2013-04-30,7913.71
2013-04-29,7873.5
2013-04-26,7814.76
2013-04-25,7832.86
2013-04-24,7759.03
2013-04-23,7658.21
2013-04-22,7478.11
2013-04-19,7459.96
2013-04-18,7473.73
2013-04-17,7503.03
2013-04-16,7682.58
2013-04-15,7712.63
2013-04-12,7744.77
2013-04-11,7871.63
2013-04-10,7810.63
2013-04-09,7637.51
2013-04-08,7662.64
2013-04-05,7658.75
2013-04-04,7817.39
2013-04-03,7874.75
2013-04-02,7943.87
2013-03-28,7795.31
2013-03-27,7789.09
2013-03-26,7879.67
2013-03-25,7870.9
2013-03-22,7911.35
2013-03-21,7932.51
2013-03-20,8001.97
2013-03-19,7947.79
2013-03-18,8010.7
2013-03-15,8042.85
2013-03-14,8058.37
2013-03-13,7970.91
2013-03-12,7966.12
2013-03-11,7984.29
2013-03-08,7986.47
2013-03-07,7939.77
2013-03-06,7919.33
2013-03-05,7870.31
2013-03-04,7691.68
2013-03-01,7708.16
2013-02-28,7741.7
2013-02-27,7675.83
2013-02-26,7597.11
2013-02-25,7773.19
2013-02-22,7661.91
2013-02-21,7583.57
2013-02-20,7728.9
2013-02-19,7752.45
2013-02-18,7628.73
2013-02-15,7593.51
2013-02-14,7631.19
2013-02-13,7711.89
2013-02-12,7660.19
2013-02-11,7633.74
2013-02-08,7652.14
2013-02-07,7590.85
2013-02-06,7581.18
2013-02-05,7664.66
2013-02-04,7638.23
2013-02-01,7833.39
2013-01-31,7776.05
2013-01-30,7811.31
2013-01-29,7848.57
2013-01-28,7833.0
2013-01-25,7857.97
2013-01-24,7748.13
2013-01-23,7707.54
2013-01-22,7696.21
2013-01-21,7748.86
2013-01-18,7702.23
2013-01-17,7735.46
2013-01-16,7691.13
2013-01-15,7675.91
2013-01-14,7729.52
2013-01-11,7715.53
2013-01-10,7708.47
2013-01-09,7720.47
2013-01-08,7695.83
2013-01-07,7732.66
2013-01-04,7776.37
2013-01-03,7756.44
2013-01-02,7778.78
2012-12-28,7612.39
2012-12-27,7655.88
2012-12-21,7636.23
2012-12-20,7672.1
2012-12-19,7668.5
2012-12-18,7653.58
2012-12-17,7604.94
2012-12-14,7596.47
2012-12-13,7581.98
2012-12-12,7614.79
2012-12-11,7589.75
2012-12-10,7530.92
2012-12-07,7517.8
2012-12-06,7534.54
2012-12-05,7454.55
2012-12-04,7435.12
2012-12-03,7435.21
2012-11-30,7405.5
2012-11-29,7400.96
2012-11-28,7343.41
2012-11-27,7332.33
2012-11-26,7292.03
2012-11-23,7309.13
2012-11-22,7244.99
2012-11-21,7184.71
2012-11-20,7172.99
2012-11-19,7123.84
2012-11-16,6950.53
2012-11-15,7043.42
2012-11-14,7101.92
2012-11-13,7169.12
2012-11-12,7168.76
2012-11-09,7163.5
2012-11-08,7204.96
2012-11-07,7232.83
2012-11-06,7377.76
2012-11-05,7326.47
2012-11-02,7363.85
2012-11-01,7335.67
2012-10-31,7260.63
2012-10-30,7284.4
2012-10-29,7203.16
2012-10-26,7231.85
2012-10-25,7200.23
2012-10-24,7192.85
2012-10-23,7173.69
2012-10-22,7328.05
2012-10-19,7380.64
2012-10-18,7437.23
2012-10-17,7394.55
2012-10-16,7376.27
2012-10-15,7261.25
2012-10-12,7232.49
2012-10-11,7281.7
2012-10-10,7205.23
2012-10-09,7234.53
2012-10-08,7291.21
2012-10-05,7397.87
2012-10-04,7305.21
2012-10-03,7322.08
2012-10-02,7305.86
2012-10-01,7326.73
2012-09-28,7216.15
2012-09-27,7290.02
2012-09-26,7276.51
2012-09-25,7425.11
2012-09-24,7413.16
2012-09-21,7451.62
2012-09-20,7389.49
2012-09-19,7390.76
2012-09-18,7347.69
2012-09-17,7403.69
2012-09-14,7412.13
2012-09-13,7310.32
2012-09-12,7343.53
2012-09-11,7310.11
2012-09-10,7213.7
2012-09-07,7214.5
2012-09-06,7167.33
2012-09-05,6964.69
2012-09-04,6932.58
2012-09-03,7014.83
2012-08-31,6970.79
2012-08-30,6895.49
2012-08-29,7010.57
2012-08-28,7002.68
2012-08-27,7047.45
2012-08-24,6971.07
2012-08-23,6949.57
2012-08-22,7017.75
2012-08-21,7089.32
2012-08-20,7033.68
2012-08-17,7040.88
2012-08-16,6996.29
2012-08-15,6946.8
2012-08-14,6974.39
2012-08-13,6909.68
2012-08-10,6944.56
2012-08-09,6964.99
2012-08-08,6966.15
2012-08-07,6967.95
2012-08-06,6918.72
2012-08-03,6865.66
2012-08-02,6606.09
2012-08-01,6754.46
2012-07-31,6772.26
2012-07-30,6774.06
2012-07-27,6689.4
2012-07-26,6582.96
2012-07-25,6406.52
2012-07-24,6390.41
2012-07-23,6419.33
2012-07-20,6630.02
2012-07-19,6758.39
2012-07-18,6684.42
2012-07-17,6577.64
2012-07-16,6565.72
2012-07-13,6557.1
2012-07-12,6419.35
2012-07-11,6453.85
2012-07-10,6438.33
2012-07-09,6387.57
2012-07-06,6410.11
2012-07-05,6535.56
2012-07-04,6564.8
2012-07-03,6578.21
2012-07-02,6496.08
2012-06-29,6416.28
2012-06-28,6149.91
2012-06-27,6228.99
2012-06-26,6136.69
2012-06-25,6132.39
2012-06-22,6263.25
2012-06-21,6343.13
2012-06-20,6392.13
2012-06-19,6363.36
2012-06-18,6248.2
2012-06-15,6229.41
2012-06-14,6138.61
2012-06-13,6152.49
2012-06-12,6161.24
2012-06-11,6141.05
2012-06-08,6130.82
2012-06-07,6144.22
2012-06-06,6093.99
2012-06-05,5969.4
2012-06-04,5978.23
2012-06-01,6050.29
2012-05-31,6264.38
2012-05-30,6280.8
2012-05-29,6396.84
2012-05-28,6323.19
2012-05-25,6339.94
2012-05-24,6315.89
2012-05-23,6285.75
2012-05-22,6435.6
2012-05-21,6331.04
2012-05-18,6271.22
2012-05-17,6308.96
2012-05-16,6384.26
2012-05-15,6401.06
2012-05-14,6451.97
2012-05-11,6579.93
2012-05-10,6518.0
2012-05-09,6475.31
2012-05-08,6444.74
2012-05-07,6569.48
2012-05-04,6561.47
2012-05-03,6694.44
2012-05-02,6710.77
2012-04-30,6761.19
2012-04-27,6801.32
2012-04-26,6739.9
2012-04-25,6704.5
2012-04-24,6590.41
2012-04-23,6523.0
2012-04-20,6750.12
2012-04-19,6671.22
2012-04-18,6732.03
2012-04-17,6801.0
2012-04-16,6625.19
2012-04-13,6583.9
2012-04-12,6743.24
2012-04-11,6674.73
2012-04-10,6606.43
2012-04-05,6775.26
2012-04-04,6784.06
2012-04-03,6982.28
2012-04-02,7056.65
2012-03-30,6946.83
2012-03-29,6875.15
2012-03-28,6998.8
2012-03-27,7078.9
2012-03-26,7079.23
2012-03-23,6995.62
2012-03-22,6981.26
2012-03-21,7071.32
2012-03-20,7054.94
2012-03-19,7154.22
2012-03-16,7157.82
2012-03-15,7144.45
2012-03-14,7079.42
2012-03-13,6995.91
2012-03-12,6901.35
2012-03-09,6880.21
2012-03-08,6834.54
2012-03-07,6671.11
2012-03-06,6633.11
2012-03-05,6866.46
2012-03-02,6921.37
2012-03-01,6941.77
2012-02-29,6856.08
2012-02-28,6887.63
2012-02-27,6849.6
2012-02-24,6864.43
2012-02-23,6809.46
2012-02-22,6843.87
2012-02-21,6908.18
2012-02-20,6948.25
2012-02-17,6848.03
2012-02-16,6751.96
2012-02-15,6757.94
2012-02-14,6728.19
2012-02-13,6738.47
2012-02-10,6692.96
2012-02-09,6788.8
2012-02-08,6748.76
2012-02-07,6754.2
2012-02-06,6764.83
2012-02-03,6766.67
2012-02-02,6655.63
2012-02-01,6616.64
2012-01-31,6458.91
2012-01-30,6444.45
2012-01-27,6511.98
2012-01-26,6539.85
2012-01-25,6421.85
2012-01-24,6419.22
2012-01-23,6436.62
2012-01-20,6404.39
2012-01-19,6416.26
2012-01-18,6354.57
2012-01-17,6332.93
2012-01-16,6220.01
2012-01-13,6143.08
2012-01-12,6179.21
2012-01-11,6152.34
2012-01-10,6162.98
2012-01-09,6017.23
2012-01-06,6057.92
2012-01-05,6095.99
2012-01-04,6111.55
2012-01-03,6166.57
2012-01-02,6075.52
2011-12-30,5898.35
2011-12-29,5848.78
2011-12-28,5771.27
2011-12-27,5889.76
2011-12-23,5878.93
2011-12-22,5852.18
2011-12-21,5791.53
2011-12-20,5847.03
2011-12-19,5670.71
2011-12-16,5701.78
2011-12-15,5730.62
2011-12-14,5675.14
2011-12-13,5774.26
2011-12-12,5785.43
2011-12-09,5986.71
2011-12-08,5874.44
2011-12-07,5994.73
2011-12-06,6028.82
2011-12-05,6106.09
2011-12-02,6080.68
2011-12-01,6035.88
2011-11-30,6088.84
2011-11-29,5799.91
2011-11-28,5745.33
2011-11-25,5492.87
2011-11-24,5428.11
2011-11-23,5457.77
2011-11-22,5537.39
2011-11-21,5606.0
2011-11-18,5800.24
2011-11-17,5850.17
2011-11-16,5913.36
2011-11-15,5933.14
2011-11-14,5985.02
2011-11-11,6057.03
2011-11-10,5867.81
2011-11-09,5829.54
2011-11-08,5961.44
2011-11-07,5928.68
2011-11-04,5966.16
2011-11-03,6133.18
2011-11-02,5965.63
2011-11-01,5834.51
2011-10-31,6141.34
2011-10-28,6346.19
2011-10-27,6337.84
2011-10-26,6016.07
2011-10-25,6046.75
2011-10-24,6055.27
2011-10-21,5970.96
2011-10-20,5766.48
2011-10-19,5913.53
2011-10-18,5877.41
2011-10-17,5859.43
2011-10-14,5967.2
2011-10-13,5914.84
2011-10-12,5994.47
2011-10-11,5865.01
2011-10-10,5847.29
2011-10-07,5675.7
2011-10-06,5645.25
2011-10-05,5473.03
2011-10-04,5216.71
2011-10-03,5376.7
2011-09-30,5502.02
2011-09-29,5639.58
2011-09-28,5578.42
2011-09-27,5628.44
2011-09-26,5345.56
2011-09-23,5196.56
2011-09-22,5164.21
2011-09-21,5433.8
2011-09-20,5571.68
2011-09-19,5415.91
2011-09-16,5573.51
2011-09-15,5508.24
2011-09-14,5340.19
2011-09-13,5166.36
2011-09-12,5072.33
2011-09-09,5189.93
2011-09-08,5408.46
2011-09-07,5405.53
2011-09-06,5193.97
2011-09-05,5246.18
2011-09-02,5538.33
2011-09-01,5730.63
2011-08-31,5784.85
2011-08-30,5643.92
2011-08-29,5670.07
2011-08-26,5537.48
2011-08-25,5584.14
2011-08-24,5681.08
2011-08-23,5532.38
2011-08-22,5473.78
2011-08-19,5480.0
2011-08-18,5602.8
2011-08-17,5948.94
2011-08-16,5994.9
2011-08-15,6022.24
2011-08-12,5997.74
2011-08-11,5797.66
2011-08-10,5613.42
2011-08-09,5917.08
2011-08-08,5923.27
2011-08-05,6236.16
2011-08-04,6414.76
2011-08-03,6640.59
2011-08-02,6796.75
2011-08-01,6953.98
2011-07-29,7158.77
2011-07-28,7190.06
2011-07-27,7252.68
2011-07-26,7349.45
2011-07-25,7344.54
2011-07-22,7326.39
2011-07-21,7290.14
2011-07-20,7221.36
2011-07-19,7192.67
2011-07-18,7107.92
2011-07-15,7220.12
2011-07-14,7214.74
2011-07-13,7267.87
2011-07-12,7174.14
2011-07-11,7230.25
2011-07-08,7402.73
2011-07-07,7471.44
2011-07-06,7431.19
2011-07-05,7439.44
2011-07-04,7442.96
2011-07-01,7419.44
2011-06-30,7376.24
2011-06-29,7294.14
2011-06-28,7170.43
2011-06-27,7107.9
2011-06-24,7121.38
2011-06-23,7149.44
2011-06-22,7278.19
2011-06-21,7285.51
2011-06-20,7150.21
2011-06-17,7164.05
2011-06-16,7110.2
2011-06-15,7115.08
2011-06-14,7204.79
2011-06-13,7085.14
2011-06-10,7069.9
2011-06-09,7159.66
2011-06-08,7060.23
2011-06-07,7103.25
2011-06-06,7084.57
2011-06-03,7109.03
2011-06-02,7074.12
2011-06-01,7217.43
2011-05-31,7293.69
2011-05-30,7160.3
2011-05-27,7163.47
2011-05-26,7114.09
2011-05-25,7170.94
2011-05-24,7150.66
2011-05-23,7121.52
2011-05-20,7266.82
2011-05-19,7358.23
2011-05-18,7303.53
2011-05-17,7256.65
2011-05-16,7387.54
2011-05-13,7403.31
2011-05-12,7443.95
2011-05-11,7495.05
2011-05-10,7501.52
2011-05-09,7410.52
2011-05-06,7492.25
2011-05-05,7376.96
2011-05-04,7373.93
2011-05-03,7500.7
2011-05-02,7527.64
2011-04-29,7514.46
2011-04-28,7475.22
2011-04-27,7404.95
2011-04-26,7356.51
2011-04-21,7295.49
2011-04-20,7249.19
2011-04-19,7039.31
2011-04-18,7026.85
2011-04-15,7178.29
2011-04-14,7146.56
2011-04-13,7177.97
2011-04-12,7102.91
2011-04-11,7204.86
2011-04-08,7217.02
2011-04-07,7178.78
2011-04-06,7215.11
2011-04-05,7175.31
2011-04-04,7175.33
2011-04-01,7179.81
2011-03-31,7041.31
2011-03-30,7057.15
2011-03-29,6934.44
2011-03-28,6938.63
2011-03-25,6946.36
2011-03-24,6933.58
2011-03-23,6804.45
2011-03-22,6780.97
2011-03-21,6816.12
2011-03-18,6664.4
2011-03-17,6656.88
2011-03-16,6513.84
2011-03-15,6647.66
2011-03-14,6866.63
2011-03-11,6981.49
2011-03-10,7063.09
2011-03-09,7131.8
2011-03-08,7164.75
2011-03-07,7161.93
2011-03-04,7178.9
2011-03-03,7225.96
2011-03-02,7181.12
2011-03-01,7223.3
2011-02-28,7272.32
2011-02-25,7185.17
2011-02-24,7130.5
2011-02-23,7194.6
2011-02-22,7318.35
2011-02-21,7321.81
2011-02-18,7426.81
2011-02-17,7405.51
2011-02-16,7414.3
2011-02-15,7400.04
2011-02-14,7396.63
2011-02-11,7371.2
2011-02-10,7340.28
2011-02-09,7320.9
2011-02-08,7323.24
2011-02-07,7283.62
2011-02-04,7216.21
2011-02-03,7193.68
2011-02-02,7183.67
2011-02-01,7184.27
2011-01-31,7077.48
2011-01-28,7102.8
2011-01-27,7155.58
2011-01-26,7127.35
2011-01-25,7059.01
2011-01-24,7067.77
2011-01-21,7062.42
2011-01-20,7024.27
2011-01-19,7082.76
2011-01-18,7143.45
2011-01-17,7078.06
2011-01-14,7075.7
2011-01-13,7075.11
2011-01-12,7068.78
2011-01-11,6941.57
2011-01-10,6857.06
2011-01-07,6947.84
2011-01-06,6981.39
2011-01-05,6939.82
2011-01-04,6975.35
2011-01-03,6989.74
2010-12-30,6914.19
2010-12-29,6995.47
2010-12-28,6972.1
2010-12-27,6970.73
2010-12-23,7057.69
2010-12-22,7067.92
2010-12-21,7077.99
2010-12-20,7018.6
2010-12-17,6982.45
2010-12-16,7024.4
2010-12-15,7016.37
2010-12-14,7027.4
2010-12-13,7029.39
2010-12-10,7006.17
2010-12-09,6964.16
2010-12-08,6975.87
2010-12-07,7001.91
2010-12-06,6954.38
2010-12-03,6947.72
2010-12-02,6957.61
2010-12-01,6866.63
2010-11-30,6688.49
2010-11-29,6697.97
2010-11-26,6848.98
2010-11-25,6879.66
2010-11-24,6823.8
2010-11-23,6705.0
2010-11-22,6822.05
2010-11-19,6843.55
2010-11-18,6832.11
2010-11-17,6700.07
2010-11-16,6663.24
2010-11-15,6790.17
2010-11-12,6734.61
2010-11-11,6723.41
2010-11-10,6719.84
2010-11-09,6787.81
2010-11-08,6750.5
2010-11-05,6754.2
2010-11-04,6734.69
2010-11-03,6617.8
2010-11-02,6654.31
2010-11-01,6604.86
2010-10-29,6601.37
2010-10-28,6595.28
2010-10-27,6568.0
2010-10-26,6613.8
2010-10-25,6639.21
2010-10-22,6605.84
2010-10-21,6611.01
2010-10-20,6524.55
2010-10-19,6490.69
2010-10-18,6516.63
2010-10-15,6492.3
2010-10-14,6455.27
2010-10-13,6434.52
2010-10-12,6304.57
2010-10-11,6309.51
2010-10-08,6291.67
2010-10-07,6276.25
2010-10-06,6270.73
2010-10-05,6215.83
2010-10-04,6134.21
2010-10-01,6211.34
2010-09-30,6229.02
2010-09-29,6246.92
2010-09-28,6276.09
2010-09-27,6278.89
2010-09-24,6298.3
2010-09-23,6184.71
2010-09-22,6208.33
2010-09-21,6275.98
2010-09-20,6294.58
2010-09-17,6209.76
2010-09-16,6249.65
2010-09-15,6261.87
2010-09-14,6275.41
2010-09-13,6261.68
2010-09-10,6214.77
2010-09-09,6221.52
2010-09-08,6164.44
2010-09-07,6117.89
2010-09-06,6155.04
2010-09-03,6134.62
2010-09-02,6083.85
2010-09-01,6083.9
2010-08-31,5925.22
2010-08-30,5912.41
2010-08-27,5951.17
2010-08-26,5912.58
2010-08-25,5899.5
2010-08-24,5935.44
2010-08-23,6010.91
2010-08-20,6005.16
2010-08-19,6075.13
2010-08-18,6186.31
2010-08-17,6206.4
2010-08-16,6110.57
2010-08-13,6110.41
2010-08-12,6135.17
2010-08-11,6154.07
2010-08-10,6286.25
2010-08-09,6351.6
2010-08-06,6259.63
2010-08-05,6333.58
2010-08-04,6331.33
2010-08-03,6307.91
2010-08-02,6292.13
2010-07-30,6147.97
2010-07-29,6134.7
2010-07-28,6178.94
2010-07-27,6207.31
2010-07-26,6194.21
2010-07-23,6166.34
2010-07-22,6142.15
2010-07-21,5990.38
2010-07-20,5967.49
2010-07-19,6009.11
2010-07-16,6040.27
2010-07-15,6149.36
2010-07-14,6209.76
2010-07-13,6191.13
2010-07-12,6077.19
2010-07-09,6065.24
2010-07-08,6035.66
2010-07-07,5992.86
2010-07-06,5940.98
2010-07-05,5816.2
2010-07-02,5834.15
2010-07-01,5857.43
2010-06-30,5965.52
2010-06-29,5952.03
2010-06-28,6157.22
2010-06-25,6070.6
2010-06-24,6115.48
2010-06-23,6204.52
2010-06-22,6269.04
2010-06-21,6292.97
2010-06-18,6216.98
2010-06-17,6223.54
2010-06-16,6190.91
2010-06-15,6175.05
2010-06-14,6125.0
2010-06-11,6047.83
2010-06-10,6056.59
2010-06-09,5984.75
2010-06-08,5868.55
2010-06-07,5904.95
2010-06-04,5938.88
2010-06-03,6054.63
2010-06-02,5981.2
2010-06-01,5981.27
2010-05-31,5964.33
2010-05-28,5946.18
2010-05-27,5937.14
2010-05-26,5758.02
2010-05-25,5670.04
2010-05-24,5805.68
2010-05-21,5829.25
2010-05-20,5867.88
2010-05-19,5988.67
2010-05-18,6155.93
2010-05-17,6066.92
2010-05-14,6056.71
2010-05-13,6251.97
2010-05-12,6183.49
2010-05-11,6037.71
2010-05-10,6017.91
2010-05-07,5715.09
2010-05-06,5908.26
2010-05-05,5958.45
2010-05-04,6006.86
2010-05-03,6166.92
2010-04-30,6135.7
2010-04-29,6144.91
2010-04-28,6084.34
2010-04-27,6159.51
2010-04-26,6332.1
2010-04-23,6259.53
2010-04-22,6168.72
2010-04-21,6230.38
2010-04-20,6264.23
2010-04-19,6162.44
2010-04-16,6180.9
2010-04-15,6291.45
2010-04-14,6278.4
2010-04-13,6230.83
2010-04-12,6250.69
2010-04-09,6249.7
2010-04-08,6171.83
2010-04-07,6222.41
2010-04-06,6252.21
2010-04-01,6235.56
2010-03-31,6153.55
2010-03-30,6142.45
2010-03-29,6156.85
2010-03-26,6120.05
2010-03-25,6132.95
2010-03-24,6039.0
2010-03-23,6017.27
2010-03-22,5987.5
2010-03-19,5982.43
2010-03-18,6012.31
2010-03-17,6024.28
2010-03-16,5970.99
2010-03-15,5903.56
2010-03-12,5945.11
2010-03-11,5928.63
2010-03-10,5936.72
2010-03-09,5885.89
2010-03-08,5875.91
2010-03-05,5877.36
2010-03-04,5795.32
2010-03-03,5817.88
2010-03-02,5776.56
2010-03-01,5713.51
2010-02-26,5598.46
2010-02-25,5532.33
2010-02-24,5615.51
2010-02-23,5604.07
2010-02-22,5688.44
2010-02-19,5722.05
2010-02-18,5680.41
2010-02-17,5648.34
2010-02-16,5592.12
2010-02-15,5511.1
2010-02-12,5500.39
2010-02-11,5503.93
2010-02-10,5536.37
2010-02-09,5498.26
2010-02-08,5484.85
2010-02-05,5434.34
2010-02-04,5533.24
2010-02-03,5672.09
2010-02-02,5709.66
2010-02-01,5654.48
2010-01-29,5608.79
2010-01-28,5540.33
2010-01-27,5643.2
2010-01-26,5668.93
2010-01-25,5631.37
2010-01-22,5695.32
2010-01-21,5746.97
2010-01-20,5851.53
2010-01-19,5976.48
2010-01-18,5918.55
2010-01-15,5875.97
2010-01-14,5988.88
2010-01-13,5963.14
2010-01-12,5943.0
2010-01-11,6040.5
2010-01-08,6037.61
2010-01-07,6019.36
2010-01-06,6034.33
2010-01-05,6031.86
2010-01-04,6048.3
2009-12-30,5957.43
2009-12-29,6011.55
2009-12-28,6002.92
2009-12-23,5957.44
2009-12-22,5945.69
2009-12-21,5930.53
2009-12-18,5831.21
2009-12-17,5844.44
