날짜,종가
2010-01-01,10548.51
2010-01-04,10428.05
2010-01-05,10583.96
2010-01-06,10572.02
2010-01-07,10573.68
2010-01-08,10606.86
2010-01-11,10618.19
2010-01-12,10663.99
2010-01-13,10627.26
2010-01-14,10680.77
2010-01-15,10710.55
2010-01-19,10609.65
2010-01-20,10725.43
2010-01-21,10603.15
2010-01-22,10389.88
2010-01-25,10172.98
2010-01-26,10196.86
2010-01-27,10194.29
2010-01-28,10236.16
2010-01-29,10120.46
2010-02-01,10067.33
2010-02-02,10185.53
2010-02-03,10296.85
2010-02-04,10270.55
2010-02-05,10002.18
2010-02-08,10012.23
2010-02-09,9908.39
2010-02-10,10058.64
2010-02-11,10038.38
2010-02-12,10144.19
2010-02-16,10099.14
2010-02-17,10268.81
2010-02-18,10309.24
2010-02-19,10392.9
2010-02-22,10402.35
2010-02-23,10383.38
2010-02-24,10282.41
2010-02-25,10374.16
2010-02-26,10321.03
2010-03-01,10325.26
2010-03-02,10403.79
2010-03-03,10405.98
2010-03-04,10396.76
2010-03-05,10444.14
2010-03-08,10566.2
2010-03-09,10552.52
2010-03-10,10564.38
2010-03-11,10567.33
2010-03-12,10611.84
2010-03-15,10624.69
2010-03-16,10642.15
2010-03-17,10685.98
2010-03-18,10733.67
2010-03-19,10779.17
2010-03-22,10741.98
2010-03-23,10785.89
2010-03-24,10888.83
2010-03-25,10836.15
2010-03-26,10841.21
2010-03-29,10850.36
2010-03-30,10895.86
2010-03-31,10907.42
2010-04-01,10856.63
2010-04-05,10927.07
2010-04-06,10973.55
2010-04-07,10969.99
2010-04-08,10897.52
2010-04-09,10927.07
2010-04-12,10997.35
2010-04-13,11005.97
2010-04-14,11019.42
2010-04-15,11123.11
2010-04-16,11144.57
2010-04-19,11018.66
2010-04-20,11092.05
2010-04-21,11117.06
2010-04-22,11124.92
2010-04-23,11134.29
2010-04-26,11204.28
2010-04-27,11205.03
2010-04-28,10991.99
2010-04-29,11045.27
2010-04-30,11167.32
2010-05-03,11008.61
2010-05-04,11151.83
2010-05-05,10926.77
2010-05-06,10868.12
2010-05-07,10520.32
2010-05-10,10380.43
2010-05-11,10785.14
2010-05-12,10748.26
2010-05-13,10896.91
2010-05-14,10782.95
2010-05-17,10620.16
2010-05-18,10625.83
2010-05-19,10510.95
2010-05-20,10444.37
2010-05-21,10068.01
2010-05-24,10193.39
2010-05-25,10066.57
2010-05-26,10043.75
2010-05-27,9974.45
2010-05-28,10258.99
2010-06-01,10136.63
2010-06-02,10024.02
2010-06-03,10249.54
2010-06-04,10255.28
2010-06-07,9931.97
2010-06-08,9816.49
2010-06-09,9939.98
2010-06-10,9899.25
2010-06-11,10172.53
2010-06-14,10211.07
2010-06-15,10190.89
2010-06-16,10404.77
2010-06-17,10409.46
2010-06-18,10434.17
2010-06-21,10450.64
2010-06-22,10442.41
2010-06-23,10293.52
2010-06-24,10298.44
2010-06-25,10152.8
2010-06-28,10143.81
2010-06-29,10138.52
2010-06-30,9870.3
2010-07-01,9774.02
2010-07-02,9732.53
2010-07-06,9686.48
2010-07-07,9743.62
2010-07-08,10018.28
2010-07-09,10138.99
2010-07-12,10198.03
2010-07-13,10216.27
2010-07-14,10363.02
2010-07-15,10366.72
2010-07-16,10359.31
2010-07-19,10097.9
2010-07-20,10154.43
2010-07-21,10229.96
2010-07-22,10120.53
2010-07-23,10322.3
2010-07-26,10424.62
2010-07-27,10525.43
2010-07-28,10537.69
2010-07-29,10497.88
2010-07-30,10467.16
2010-08-02,10465.94
2010-08-03,10674.38
2010-08-04,10636.38
2010-08-05,10680.43
2010-08-06,10674.98
2010-08-09,10653.56
2010-08-10,10698.75
2010-08-11,10644.25
2010-08-12,10378.83
2010-08-13,10319.95
2010-08-16,10303.15
2010-08-17,10302.01
2010-08-18,10405.85
2010-08-19,10415.54
2010-08-20,10271.21
2010-08-23,10213.62
2010-08-24,10174.41
2010-08-25,10040.45
2010-08-26,10060.06
2010-08-27,9985.81
2010-08-30,10150.65
2010-08-31,10009.73
2010-09-01,10014.72
2010-09-02,10269.47
2010-09-03,10320.1
2010-09-07,10447.93
2010-09-08,10340.69
2010-09-09,10387.01
2010-09-10,10415.24
2010-09-13,10462.77
2010-09-14,10544.13
2010-09-15,10526.49
2010-09-16,10572.73
2010-09-17,10594.83
2010-09-20,10607.85
2010-09-21,10753.62
2010-09-22,10761.03
2010-09-23,10739.31
2010-09-24,10662.42
2010-09-27,10860.26
2010-09-28,10812.04
2010-09-29,10858.14
2010-09-30,10835.28
2010-10-01,10788.05
2010-10-04,10829.68
2010-10-05,10751.27
2010-10-06,10944.72
2010-10-07,10967.65
2010-10-08,10948.58
2010-10-11,11006.48
2010-10-12,11010.34
2010-10-13,11020.4
2010-10-14,11096.08
2010-10-15,11096.92
2010-10-18,11062.78
2010-10-19,11143.69
2010-10-20,10978.62
2010-10-21,11107.97
2010-10-22,11146.57
2010-10-25,11132.56
2010-10-26,11164.05
2010-10-27,11169.46
2010-10-28,11126.28
2010-10-29,11113.95
2010-11-01,11118.4
2010-11-02,11124.62
2010-11-03,11188.72
2010-11-04,11215.13
2010-11-05,11434.84
2010-11-08,11444.08
2010-11-09,11406.84
2010-11-10,11346.75
2010-11-11,11357.04
2010-11-12,11283.1
2010-11-15,11192.58
2010-11-16,11201.97
2010-11-17,11023.5
2010-11-18,11007.88
2010-11-19,11181.23
2010-11-22,11203.55
2010-11-23,11178.58
2010-11-24,11036.37
2010-11-26,11187.28
2010-11-29,11092
2010-11-30,11052.49
2010-12-01,11006.02
2010-12-02,11255.78
2010-12-03,11362.41
2010-12-06,11382.09
2010-12-07,11362.19
2010-12-08,11359.16
2010-12-09,11372.48
2010-12-10,11370.06
2010-12-13,11410.32
2010-12-14,11428.56
2010-12-15,11476.54
2010-12-16,11457.47
2010-12-17,11499.25
2010-12-20,11491.91
2010-12-21,11478.13
2010-12-22,11533.16
2010-12-23,11559.49
2010-12-27,11573.49
2010-12-28,11555.03
2010-12-29,11575.54
2010-12-30,11585.38
2010-12-31,11569.71
2011-01-03,11577.51
2011-01-04,11670.75
2011-01-05,11691.18
2011-01-06,11722.89
2011-01-07,11697.31
2011-01-10,11674.76
2011-01-11,11637.45
2011-01-12,11671.88
2011-01-13,11755.44
2011-01-14,11731.9
2011-01-18,11787.38
2011-01-19,11837.93
2011-01-20,11825.29
2011-01-21,11822.8
2011-01-24,11871.84
2011-01-25,11980.52
2011-01-26,11977.19
2011-01-27,11985.44
2011-01-28,11989.83
2011-01-31,11823.7
2011-02-01,11891.93
2011-02-02,12040.16
2011-02-03,12041.97
2011-02-04,12062.26
2011-02-07,12092.15
2011-02-08,12161.63
2011-02-09,12233.15
2011-02-10,12239.89
2011-02-11,12229.29
2011-02-14,12273.26
2011-02-15,12268.19
2011-02-16,12226.64
2011-02-18,12288.17
2011-02-22,12391.25
2011-02-23,12212.79
2011-02-24,12105.78
2011-02-25,12068.5
2011-02-28,12130.45
2011-03-01,12226.34
2011-03-02,12058.02
2011-03-03,12066.8
2011-03-04,12258.2
2011-03-07,12169.88
2011-03-08,12090.03
2011-03-09,12214.38
2011-03-10,12213.09
2011-03-11,11984.61
2011-03-14,12044.4
2011-03-15,11993.16
2011-03-16,11855.42
2011-03-17,11613.3
2011-03-18,11774.59
2011-03-21,11858.52
2011-03-22,12036.53
2011-03-23,12018.63
2011-03-24,12086.02
2011-03-25,12170.56
2011-03-28,12220.59
2011-03-29,12197.88
2011-03-30,12279.01
2011-03-31,12350.61
2011-04-01,12319.73
2011-04-04,12376.72
2011-04-05,12400.03
2011-04-06,12393.9
2011-04-07,12426.75
2011-04-08,12409.49
2011-04-11,12380.05
2011-04-12,12381.11
2011-04-13,12263.58
2011-04-14,12270.99
2011-04-15,12285.15
2011-04-18,12341.83
2011-04-19,12201.59
2011-04-20,12266.75
2011-04-21,12453.54
2011-04-25,12505.99
2011-04-26,12479.88
2011-04-27,12595.37
2011-04-28,12690.96
2011-04-29,12763.31
2011-05-02,12810.54
2011-05-03,12807.36
2011-05-04,12807.51
2011-05-05,12723.58
2011-05-06,12584.17
2011-05-09,12638.74
2011-05-10,12684.68
2011-05-11,12760.36
2011-05-12,12630.03
2011-05-13,12695.92
2011-05-16,12595.75
2011-05-17,12548.37
2011-05-18,12479.58
2011-05-19,12560.18
2011-05-20,12605.32
2011-05-23,12512.04
2011-05-24,12381.26
2011-05-25,12356.21
2011-05-26,12394.66
2011-05-27,12402.76
2011-05-31,12441.58
2011-06-01,12569.79
2011-06-02,12290.14
2011-06-03,12248.55
2011-06-06,12151.26
2011-06-07,12089.96
2011-06-08,12070.81
2011-06-09,12048.94
2011-06-10,12124.36
2011-06-13,11951.91
2011-06-14,11952.97
2011-06-15,12076.11
2011-06-16,11897.27
2011-06-17,11961.52
2011-06-20,12004.36
2011-06-21,12080.38
2011-06-22,12190.01
2011-06-23,12109.67
2011-06-24,12050
2011-06-27,11934.58
2011-06-28,12043.56
2011-06-29,12188.69
2011-06-30,12261.42
2011-07-01,12414.34
2011-07-05,12582.77
2011-07-06,12569.87
2011-07-07,12626.02
2011-07-08,12719.49
2011-07-11,12657.2
2011-07-12,12505.76
2011-07-13,12446.88
2011-07-14,12491.61
2011-07-15,12437.12
2011-07-18,12479.73
2011-07-19,12385.16
2011-07-20,12587.42
2011-07-21,12571.91
2011-07-22,12724.41
2011-07-25,12681.16
2011-07-26,12592.8
2011-07-27,12501.3
2011-07-28,12302.55
2011-07-29,12240.11
2011-08-01,12143.24
2011-08-02,12132.49
2011-08-03,11866.62
2011-08-04,11896.44
2011-08-05,11383.68
2011-08-08,11444.61
2011-08-09,10809.85
2011-08-10,11239.77
2011-08-11,10719.94
2011-08-12,11143.31
2011-08-15,11269.02
2011-08-16,11482.9
2011-08-17,11405.93
2011-08-18,11410.21
2011-08-19,10990.58
2011-08-22,10817.65
2011-08-23,10854.65
2011-08-24,11176.76
2011-08-25,11320.71
2011-08-26,11149.82
2011-08-29,11284.54
2011-08-30,11539.25
2011-08-31,11559.95
2011-09-01,11613.53
2011-09-02,11493.57
2011-09-06,11240.26
2011-09-07,11139.3
2011-09-08,11414.86
2011-09-09,11295.81
2011-09-12,10992.13
2011-09-13,11061.12
2011-09-14,11105.85
2011-09-15,11246.73
2011-09-16,11433.18
2011-09-19,11509.09
2011-09-20,11401.01
2011-09-21,11408.66
2011-09-22,11124.84
2011-09-23,10733.83
2011-09-26,10771.48
2011-09-27,11043.86
2011-09-28,11190.69
2011-09-29,11010.9
2011-09-30,11153.98
2011-10-03,10913.38
2011-10-04,10655.3
2011-10-05,10808.71
2011-10-06,10939.95
2011-10-07,11123.33
2011-10-10,11103.12
2011-10-11,11433.18
2011-10-12,11416.3
2011-10-13,11518.85
2011-10-14,11478.13
2011-10-17,11644.49
2011-10-18,11397
2011-10-19,11577.05
2011-10-20,11504.62
2011-10-21,11541.78
2011-10-24,11808.79
2011-10-25,11913.62
2011-10-26,11706.62
2011-10-27,11869.04
2011-10-28,12208.55
2011-10-31,12231.11
2011-11-01,11955.01
2011-11-02,11657.96
2011-11-03,11836.04
2011-11-04,12044.47
2011-11-07,11983.24
2011-11-08,12068.39
2011-11-09,12170.18
2011-11-10,11780.94
2011-11-11,11893.79
2011-11-14,12153.68
2011-11-15,12078.98
2011-11-16,12096.16
2011-11-17,11905.59
2011-11-18,11770.73
2011-11-21,11796.16
2011-11-22,11547.31
2011-11-23,11493.72
2011-11-25,11257.55
2011-11-28,11231.78
2011-11-29,11523.01
2011-11-30,11555.63
2011-12-01,12045.68
2011-12-02,12020.03
2011-12-05,12019.42
2011-12-06,12097.83
2011-12-07,12150.13
2011-12-08,12196.37
2011-12-09,11997.7
2011-12-12,12184.26
2011-12-13,12021.39
2011-12-14,11954.94
2011-12-15,11823.48
2011-12-16,11868.81
2011-12-19,11866.39
2011-12-20,11766.26
2011-12-21,12103.58
2011-12-22,12107.74
2011-12-23,12169.65
2011-12-27,12294
2011-12-28,12291.35
2011-12-29,12151.41
2011-12-30,12287.04
2012-01-03,12217.56
2012-01-04,12397.38
2012-01-05,12418.42
2012-01-06,12415.7
2012-01-09,12359.92
2012-01-10,12392.69
2012-01-11,12462.47
2012-01-12,12449.45
2012-01-13,12471.02
2012-01-17,12422.06
2012-01-18,12482.07
2012-01-19,12578.95
2012-01-20,12623.98
2012-01-23,12720.48
2012-01-24,12708.82
2012-01-25,12675.75
2012-01-26,12756.96
2012-01-27,12734.63
2012-01-30,12660.46
2012-01-31,12653.72
2012-02-01,12632.91
2012-02-02,12716.46
2012-02-03,12705.41
2012-02-06,12862.23
2012-02-07,12845.13
2012-02-08,12878.2
2012-02-09,12883.95
2012-02-10,12890.46
2012-02-13,12801.23
2012-02-14,12874.04
2012-02-15,12878.28
2012-02-16,12780.95
2012-02-17,12904.08
2012-02-21,12949.87
2012-02-22,12965.69
2012-02-23,12938.67
2012-02-24,12984.69
2012-02-27,12982.95
2012-02-28,12981.51
2012-02-29,13005.12
2012-03-01,12952.07
2012-03-02,12980.3
2012-03-05,12977.57
2012-03-06,12962.81
2012-03-07,12759.15
2012-03-08,12837.33
2012-03-09,12907.94
2012-03-12,12922.02
2012-03-13,12959.71
2012-03-14,13177.68
2012-03-15,13194.1
2012-03-16,13252.76
2012-03-19,13232.62
2012-03-20,13239.13
2012-03-21,13170.19
2012-03-22,13124.62
2012-03-23,13046.14
2012-03-26,13080.73
2012-03-27,13241.63
2012-03-28,13197.73
2012-03-29,13126.21
2012-03-30,13145.82
2012-04-02,13212.04
2012-04-03,13264.49
2012-04-04,13199.55
2012-04-05,13074.75
2012-04-09,13060.14
2012-04-10,12929.59
2012-04-11,12715.93
2012-04-12,12805.39
2012-04-13,12986.58
2012-04-16,12849.59
2012-04-17,12921.41
2012-04-18,13115.54
2012-04-19,13032.75
2012-04-20,12964.1
2012-04-23,13029.26
2012-04-24,12927.17
2012-04-25,13001.56
2012-04-26,13090.72
2012-04-27,13204.62
2012-04-30,13228.31
2012-05-01,13213.63
2012-05-02,13279.32
2012-05-03,13268.57
2012-05-04,13206.59
2012-05-07,13038.27
2012-05-08,13008.53
2012-05-09,12932.09
2012-05-10,12835.06
2012-05-11,12855.04
2012-05-14,12820.6
2012-05-15,12695.35
2012-05-16,12632
2012-05-17,12598.55
2012-05-18,12442.49
2012-05-21,12369.38
2012-05-22,12504.48
2012-05-23,12502.81
2012-05-24,12496.15
2012-05-25,12529.75
2012-05-29,12454.83
2012-05-30,12580.69
2012-05-31,12419.86
2012-06-01,12393.45
2012-06-04,12118.57
2012-06-05,12101.46
2012-06-06,12127.95
2012-06-07,12414.79
2012-06-08,12460.96
2012-06-11,12554.2
2012-06-12,12411.23
2012-06-13,12573.8
2012-06-14,12496.38
2012-06-15,12651.91
2012-06-18,12767.17
2012-06-19,12741.82
2012-06-20,12837.33
2012-06-21,12824.39
2012-06-22,12573.57
2012-06-25,12640.78
2012-06-26,12502.66
2012-06-27,12534.67
2012-06-28,12627.01
2012-06-29,12602.26
2012-07-02,12880.09
2012-07-03,12871.39
2012-07-05,12943.82
2012-07-06,12896.67
2012-07-09,12772.47
2012-07-10,12736.29
2012-07-11,12653.12
2012-07-12,12604.53
2012-07-13,12573.27
2012-07-16,12777.09
2012-07-17,12727.21
2012-07-18,12805.54
2012-07-19,12908.7
2012-07-20,12943.36
2012-07-23,12822.57
2012-07-24,12721.46
2012-07-25,12617.32
2012-07-26,12676.05
2012-07-27,12887.93
2012-07-30,13075.66
2012-07-31,13073.01
2012-08-01,13008.68
2012-08-02,12971.06
2012-08-03,12878.88
2012-08-06,13096.17
2012-08-07,13117.51
2012-08-08,13168.6
2012-08-09,13175.64
2012-08-10,13165.19
2012-08-13,13207.95
2012-08-14,13169.43
2012-08-15,13172.14
2012-08-16,13164.78
2012-08-17,13250.11
2012-08-20,13275.2
2012-08-21,13271.64
2012-08-22,13203.58
2012-08-23,13172.76
2012-08-24,13057.46
2012-08-27,13157.97
2012-08-28,13124.67
2012-08-29,13102.99
2012-08-30,13107.48
2012-08-31,13000.71
2012-09-04,13090.84
2012-09-05,13035.94
2012-09-06,13047.48
2012-09-07,13292
2012-09-10,13306.64
2012-09-11,13254.29
2012-09-12,13323.36
2012-09-13,13333.35
2012-09-14,13539.86
2012-09-17,13593.37
2012-09-18,13553.1
2012-09-19,13564.64
2012-09-20,13577.96
2012-09-21,13596.93
2012-09-24,13579.47
2012-09-25,13558.92
2012-09-26,13457.55
2012-09-27,13413.51
2012-09-28,13485.97
2012-10-01,13437.13
2012-10-02,13515.11
2012-10-03,13482.36
2012-10-04,13494.61
2012-10-05,13575.36
2012-10-08,13610.15
2012-10-09,13583.65
2012-10-10,13473.53
2012-10-11,13344.97
2012-10-12,13326.39
2012-10-15,13328.85
2012-10-16,13424.23
2012-10-17,13551.78
2012-10-18,13557
2012-10-19,13548.94
2012-10-22,13343.51
2012-10-23,13345.89
2012-10-24,13102.53
2012-10-25,13077.34
2012-10-26,13103.68
2012-10-31,13107.21
2012-11-01,13096.46
2012-11-02,13232.62
2012-11-05,13093.16
2012-11-06,13112.44
2012-11-07,13245.68
2012-11-08,12932.73
2012-11-09,12811.32
2012-11-12,12815.39
2012-11-13,12815.08
2012-11-14,12756.18
2012-11-15,12570.95
2012-11-16,12542.38
2012-11-19,12588.31
2012-11-20,12795.96
2012-11-21,12788.51
2012-11-23,12836.89
2012-11-26,13009.68
2012-11-27,12967.37
2012-11-28,12878.13
2012-11-29,12985.11
2012-11-30,13021.82
2012-12-03,13025.58
2012-12-04,12965.6
2012-12-05,12951.78
2012-12-06,13034.49
2012-12-07,13074.04
2012-12-10,13155.13
2012-12-11,13169.88
2012-12-12,13248.44
2012-12-13,13245.45
2012-12-14,13170.72
2012-12-17,13135.01
2012-12-18,13235.39
2012-12-19,13350.96
2012-12-20,13251.97
2012-12-21,13311.72
2012-12-24,13190.84
2012-12-26,13139.08
2012-12-27,13114.59
2012-12-28,13096.31
2012-12-31,12938.11
2013-01-02,13104.14
2013-01-03,13412.55
2013-01-04,13391.36
2013-01-07,13435.21
2013-01-08,13384.29
2013-01-09,13328.85
2013-01-10,13390.51
2013-01-11,13471.22
2013-01-14,13488.43
2013-01-15,13507.32
2013-01-16,13534.89
2013-01-17,13511.23
2013-01-18,13596.02
2013-01-22,13649.7
2013-01-23,13712.21
2013-01-24,13779.33
2013-01-25,13825.33
2013-01-28,13895.98
2013-01-29,13881.93
2013-01-30,13954.42
2013-01-31,13910.42
2013-02-01,13860.58
2013-02-04,14009.79
2013-02-05,13880.08
2013-02-06,13979.3
2013-02-07,13986.52
2013-02-08,13944.05
2013-02-11,13992.97
2013-02-12,13971.24
2013-02-13,14018.7
2013-02-14,13982.91
2013-02-15,13973.39
2013-02-19,13981.76
2013-02-20,14035.67
2013-02-21,13927.54
2013-02-22,13880.62
2013-02-25,14000.57
2013-02-26,13784.17
2013-02-27,13900.13
2013-02-28,14075.37
2013-03-01,14054.49
2013-03-04,14089.66
2013-03-05,14127.82
2013-03-06,14253.77
2013-03-07,14296.24
2013-03-08,14329.49
2013-03-11,14397.07
2013-03-12,14447.29
2013-03-13,14450.06
2013-03-14,14455.28
2013-03-15,14539.14
2013-03-18,14514.11
2013-03-19,14452.06
2013-03-20,14455.82
2013-03-21,14511.73
2013-03-22,14421.49
2013-03-25,14512.03
2013-03-26,14447.75
2013-03-27,14559.65
2013-03-28,14526.16
2013-04-01,14578.54
2013-04-02,14572.85
2013-04-03,14662.01
2013-04-04,14550.35
2013-04-05,14606.11
2013-04-08,14565.25
2013-04-09,14613.48
2013-04-10,14673.46
2013-04-11,14802.24
2013-04-12,14865.14
2013-04-15,14865.06
2013-04-16,14599.2
2013-04-17,14756.78
2013-04-18,14618.59
2013-04-19,14537.14
2013-04-22,14547.51
2013-04-23,14567.17
2013-04-24,14719.46
2013-04-25,14676.3
2013-04-26,14700.8
2013-04-29,14712.55
2013-04-30,14818.75
2013-05-01,14839.8
2013-05-02,14700.95
2013-05-03,14831.58
2013-05-06,14973.96
2013-05-07,14968.89
2013-05-08,15056.2
2013-05-09,15105.12
2013-05-10,15082.62
2013-05-13,15118.49
2013-05-14,15091.68
2013-05-15,15215.25
2013-05-16,15275.69
2013-05-17,15233.22
2013-05-20,15354.4
2013-05-21,15335.28
2013-05-22,15387.58
2013-05-23,15307.17
2013-05-24,15294.5
2013-05-28,15303.1
2013-05-29,15409.39
2013-05-30,15302.8
2013-05-31,15324.53
2013-06-03,15115.57
2013-06-04,15254.03
2013-06-05,15177.54
2013-06-06,14960.59
2013-06-07,15040.62
2013-06-10,15248.12
2013-06-11,15238.59
2013-06-12,15122.02
2013-06-13,14995.23
2013-06-14,15176.08
2013-06-17,15070.18
2013-06-18,15179.85
2013-06-19,15318.23
2013-06-20,15112.19
2013-06-21,14758.32
2013-06-24,14799.4
2013-06-25,14659.56
2013-06-26,14760.31
2013-06-27,14910.14
2013-06-28,15024.49
2013-07-01,14909.6
2013-07-02,14974.96
2013-07-03,14932.41
2013-07-05,14988.55
2013-07-08,15135.84
2013-07-09,15224.69
2013-07-10,15300.34
2013-07-11,15291.66
2013-07-12,15460.92
2013-07-15,15464.3
2013-07-16,15484.26
2013-07-17,15451.85
2013-07-18,15470.52
2013-07-19,15548.54
2013-07-22,15543.74
2013-07-23,15545.55
2013-07-24,15567.74
2013-07-25,15542.24
2013-07-26,15555.61
2013-07-29,15558.83
2013-07-30,15521.97
2013-07-31,15520.59
2013-08-01,15499.54
2013-08-02,15628.02
2013-08-05,15658.36
2013-08-06,15612.13
2013-08-07,15518.74
2013-08-08,15470.67
2013-08-09,15498.32
2013-08-12,15425.51
2013-08-13,15419.68
2013-08-14,15451.01
2013-08-15,15337.66
2013-08-16,15112.19
2013-08-19,15081.47
2013-08-20,15010.74
2013-08-21,15002.99
2013-08-22,14897.55
2013-08-23,14963.74
2013-08-26,15010.51
2013-08-27,14946.46
2013-08-28,14776.13
2013-08-29,14824.51
2013-08-30,14840.95
2013-09-03,14810.31
2013-09-04,14833.96
2013-09-05,14930.87
2013-09-06,14937.48
2013-09-09,14922.5
2013-09-10,15063.12
2013-09-11,15191.06
2013-09-12,15326.6
2013-09-13,15300.64
2013-09-16,15376.06
2013-09-17,15494.78
2013-09-18,15529.73
2013-09-19,15676.94
2013-09-20,15636.55
2013-09-23,15451.09
2013-09-24,15401.38
2013-09-25,15334.59
2013-09-26,15273.26
2013-09-27,15328.3
2013-09-30,15258.24
2013-10-01,15129.67
2013-10-02,15191.7
2013-10-03,15133.14
2013-10-04,14996.48
2013-10-07,15072.58
2013-10-08,14936.24
2013-10-09,14776.53
2013-10-10,14802.98
2013-10-11,15126.07
2013-10-14,15237.11
2013-10-15,15301.26
2013-10-16,15168.01
2013-10-17,15373.83
2013-10-18,15371.65
2013-10-21,15399.65
2013-10-22,15392.2
2013-10-23,15467.66
2013-10-24,15413.33
2013-10-25,15509.21
2013-10-28,15570.28
2013-10-29,15568.93
2013-10-30,15680.35
2013-10-31,15618.76
2013-11-01,15545.75
2013-11-04,15615.55
2013-11-05,15639.12
2013-11-06,15618.22
2013-11-07,15746.88
2013-11-08,15593.98
2013-11-11,15761.78
2013-11-12,15783.1
2013-11-13,15750.67
2013-11-14,15821.63
2013-11-15,15876.22
2013-11-18,15961.7
2013-11-19,15976.02
2013-11-20,15967.03
2013-11-21,15900.82
2013-11-22,16009.99
2013-11-25,16064.77
2013-11-26,16072.54
2013-11-27,16072.8
2013-11-29,16097.33
2013-12-02,16086.41
2013-12-03,16008.77
2013-12-04,15914.62
2013-12-05,15889.77
2013-12-06,15821.51
2013-12-09,16020.2
2013-12-10,16025.53
2013-12-11,15973.13
2013-12-12,15843.53
2013-12-13,15739.43
2013-12-16,15755.36
2013-12-17,15884.57
2013-12-18,15875.26
2013-12-19,16167.97
2013-12-20,16179.08
2013-12-23,16221.14
2013-12-24,16294.61
2013-12-26,16357.55
2013-12-27,16479.88
2013-12-30,16478.41
2013-12-31,16504.29
2014-01-02,16576.66
2014-01-03,16441.35
2014-01-06,16469.99
2014-01-07,16425.1
2014-01-08,16530.94
2014-01-09,16462.74
2014-01-10,16444.76
2014-01-13,16437.05
2014-01-14,16257.94
2014-01-15,16373.86
2014-01-16,16481.94
2014-01-17,16417.01
2014-01-21,16458.56
2014-01-22,16414.44
2014-01-23,16373.34
2014-01-24,16197.35
2014-01-27,15879.11
2014-01-28,15837.88
2014-01-29,15928.56
2014-01-30,15738.79
2014-01-31,15848.61
2014-02-03,15698.85
2014-02-04,15372.8
2014-02-05,15445.24
2014-02-06,15440.23
2014-02-07,15628.53
2014-02-10,15794.08
2014-02-11,15801.79
2014-02-12,15994.77
2014-02-13,15963.94
2014-02-14,16027.59
2014-02-18,16154.39
2014-02-19,16130.4
2014-02-20,16040.56
2014-02-21,16133.23
2014-02-24,16103.3
2014-02-25,16207.14
2014-02-26,16179.66
2014-02-27,16198.41
2014-02-28,16272.65
2014-03-03,16321.71
2014-03-04,16168.03
2014-03-05,16395.88
2014-03-06,16360.18
2014-03-07,16421.89
2014-03-10,16452.72
2014-03-11,16418.68
2014-03-12,16351.25
2014-03-13,16340.08
2014-03-14,16108.89
2014-03-17,16065.67
2014-03-18,16247.22
2014-03-19,16336.19
2014-03-20,16222.17
2014-03-21,16331.05
2014-03-24,16302.77
2014-03-25,16276.69
2014-03-26,16367.88
2014-03-27,16268.99
2014-03-28,16264.23
2014-03-31,16323.06
2014-04-01,16457.66
2014-04-02,16532.61
2014-04-03,16573
2014-04-04,16572.55
2014-04-07,16412.71
2014-04-08,16245.87
2014-04-09,16256.14
2014-04-10,16437.18
2014-04-11,16170.22
2014-04-14,16026.75
2014-04-15,16173.24
2014-04-16,16262.56
2014-04-17,16424.85
2014-04-21,16408.54
2014-04-22,16449.25
2014-04-23,16514.37
2014-04-24,16501.65
2014-04-25,16501.65
2014-04-28,16361.46
2014-04-29,16448.74
2014-04-30,16535.37
2014-05-01,16580.84
2014-05-02,16558.87
2014-05-05,16512.89
2014-05-06,16530.55
2014-05-07,16401.02
2014-05-08,16518.54
2014-05-09,16550.97
2014-05-12,16583.34
2014-05-13,16695.47
2014-05-14,16715.44
2014-05-15,16613.97
2014-05-16,16446.81
2014-05-19,16491.31
2014-05-20,16511.86
2014-05-21,16374.31
2014-05-22,16533.06
2014-05-23,16543.08
2014-05-27,16606.27
2014-05-28,16675.5
2014-05-29,16633.18
2014-05-30,16698.74
2014-06-02,16717.17
2014-06-03,16743.63
2014-06-04,16722.34
2014-06-05,16737.53
2014-06-06,16836.11
2014-06-09,16924.28
2014-06-10,16943.1
2014-06-11,16945.92
2014-06-12,16843.88
2014-06-13,16734.19
2014-06-16,16775.74
2014-06-17,16781.01
2014-06-18,16808.49
2014-06-19,16906.62
2014-06-20,16921.46
2014-06-23,16947.08
2014-06-24,16937.26
2014-06-25,16818.13
2014-06-26,16867.51
2014-06-27,16846.13
2014-06-30,16851.84
2014-07-01,16826.6
2014-07-02,16956.07
2014-07-03,16976.24
2014-07-07,17068.26
2014-07-08,17024.21
2014-07-09,16906.62
2014-07-10,16985.61
2014-07-11,16915.07
2014-07-14,16943.81
2014-07-15,17055.42
2014-07-16,17060.68
2014-07-17,17138.2
2014-07-18,16976.81
2014-07-21,17100.18
2014-07-22,17051.73
2014-07-23,17113.54
2014-07-24,17086.63
2014-07-25,17083.8
2014-07-28,16960.57
2014-07-29,16982.59
2014-07-30,16912.11
2014-07-31,16880.36
2014-08-01,16563.3
2014-08-04,16493.37
2014-08-05,16569.28
2014-08-06,16429.47
2014-08-07,16443.34
2014-08-08,16368.27
2014-08-11,16553.93
2014-08-12,16569.98
2014-08-13,16560.54
2014-08-14,16651.8
2014-08-15,16713.58
2014-08-18,16662.91
2014-08-19,16838.74
2014-08-20,16919.59
2014-08-21,16979.13
2014-08-22,17039.49
2014-08-25,17001.22
2014-08-26,17076.87
2014-08-27,17106.7
2014-08-28,17122.01
2014-08-29,17079.57
2014-09-02,17098.45
2014-09-03,17067.56
2014-09-04,17078.28
2014-09-05,17069.58
2014-09-08,17137.36
2014-09-09,17111.42
2014-09-10,17013.87
2014-09-11,17068.71
2014-09-12,17049
2014-09-15,16987.51
2014-09-16,17031.14
2014-09-17,17131.97
2014-09-18,17156.85
2014-09-19,17265.99
2014-09-22,17279.74
2014-09-23,17172.68
2014-09-24,17055.87
2014-09-25,17210.06
2014-09-26,16945.8
2014-09-29,17113.15
2014-09-30,17071.22
2014-10-01,17042.9
2014-10-02,16804.71
2014-10-03,16801.05
2014-10-06,17009.69
2014-10-07,16991.91
2014-10-08,16719.39
2014-10-09,16994.22
2014-10-10,16659.25
2014-10-13,16544.1
2014-10-14,16321.07
2014-10-15,16315.19
2014-10-16,16141.74
2014-10-17,16117.24
2014-10-20,16380.41
2014-10-21,16399.67
2014-10-22,16614.81
2014-10-23,16461.32
2014-10-24,16677.9
2014-10-27,16805.41
2014-10-28,16817.94
2014-10-29,17005.75
2014-10-30,16974.31
2014-10-31,17195.42
2014-11-03,17390.52
2014-11-04,17366.24
2014-11-05,17383.84
2014-11-06,17484.53
2014-11-07,17554.47
2014-11-10,17573.93
2014-11-11,17613.74
2014-11-12,17614.9
2014-11-13,17612.2
2014-11-14,17652.79
2014-11-17,17634.74
2014-11-18,17647.75
2014-11-19,17687.82
2014-11-20,17685.73
2014-11-21,17719
2014-11-24,17810.06
2014-11-25,17817.9
2014-11-26,17814.94
2014-11-28,17827.75
2014-12-01,17828.24
2014-12-02,17776.8
2014-12-03,17879.55
2014-12-04,17912.62
2014-12-05,17900.1
2014-12-08,17958.79
2014-12-09,17852.48
2014-12-10,17801.2
2014-12-11,17533.15
2014-12-12,17596.34
2014-12-15,17280.83
2014-12-16,17180.84
2014-12-17,17068.87
2014-12-18,17356.87
2014-12-19,17778.15
2014-12-22,17804.8
2014-12-23,17959.44
2014-12-24,18024.17
2014-12-26,18030.21
2014-12-29,18053.71
2014-12-30,18038.23
2014-12-31,17983.07
2015-01-02,17823.07
2015-01-05,17832.99
2015-01-06,17501.65
2015-01-07,17371.64
2015-01-08,17584.52
2015-01-09,17907.87
2015-01-12,17737.37
2015-01-13,17640.84
2015-01-14,17613.68
2015-01-15,17427.09
2015-01-16,17320.71
2015-01-20,17511.57
2015-01-21,17515.23
2015-01-22,17554.28
2015-01-23,17813.98
2015-01-26,17672.6
2015-01-27,17678.7
2015-01-28,17387.21
2015-01-29,17191.37
2015-01-30,17416.85
2015-02-02,17164.95
2015-02-03,17361.04
2015-02-04,17666.4
2015-02-05,17673.02
2015-02-06,17884.88
2015-02-09,17824.29
2015-02-10,17729.21
2015-02-11,17868.76
2015-02-12,17862.14
2015-02-13,17972.38
2015-02-17,18019.35
2015-02-18,18047.58
2015-02-19,18029.85
2015-02-20,17985.77
2015-02-23,18140.44
2015-02-24,18116.84
2015-02-25,18209.19
2015-02-26,18224.57
2015-02-27,18214.42
2015-03-02,18132.7
2015-03-03,18288.63
2015-03-04,18203.37
2015-03-05,18096.9
2015-03-06,18135.72
2015-03-09,17856.78
2015-03-10,17995.72
2015-03-11,17662.94
2015-03-12,17635.39
2015-03-13,17895.22
2015-03-16,17749.31
2015-03-17,17977.42
2015-03-18,17849.08
2015-03-19,18076.19
2015-03-20,17959.03
2015-03-23,18127.65
2015-03-24,18116.04
2015-03-25,18011.14
2015-03-26,17718.54
2015-03-27,17678.23
2015-03-30,17712.66
2015-03-31,17976.31
2015-04-01,17776.12
2015-04-02,17698.18
2015-04-06,17763.24
2015-04-07,17880.85
2015-04-08,17875.42
2015-04-09,17902.51
2015-04-10,17958.73
2015-04-13,18057.65
2015-04-14,17977.04
2015-04-15,18036.7
2015-04-16,18112.61
2015-04-17,18105.77
2015-04-20,17826.3
2015-04-21,18034.93
2015-04-22,17949.59
2015-04-23,18038.27
2015-04-24,18058.69
2015-04-27,18080.14
2015-04-28,18037.97
2015-04-29,18110.14
2015-04-30,18035.53
2015-05-01,17840.52
2015-05-04,18024.06
2015-05-05,18070.4
2015-05-06,17928.2
2015-05-07,17841.98
2015-05-08,17924.06
2015-05-11,18191.11
2015-05-12,18105.17
2015-05-13,18068.23
2015-05-14,18060.49
2015-05-15,18252.24
2015-05-18,18272.56
2015-05-19,18298.88
2015-05-20,18312.39
2015-05-21,18285.4
2015-05-22,18285.74
2015-05-26,18232.02
2015-05-27,18041.54
2015-05-28,18162.99
2015-05-29,18126.12
2015-06-01,18010.68
2015-06-02,18040.37
2015-06-03,18011.94
2015-06-04,18076.27
2015-06-05,17905.58
2015-06-08,17849.46
2015-06-09,17766.55
2015-06-10,17764.04
2015-06-11,18000.4
2015-06-12,18039.37
2015-06-15,17898.84
2015-06-16,17791.17
2015-06-17,17904.48
2015-06-18,17935.74
2015-06-19,18115.84
2015-06-22,18015.95
2015-06-23,18119.78
2015-06-24,18144.07
2015-06-25,17966.07
2015-06-26,17890.36
2015-06-29,17946.68
2015-06-30,17596.35
2015-07-01,17619.51
2015-07-02,17757.91
2015-07-06,17730.11
2015-07-07,17683.58
2015-07-08,17776.91
2015-07-09,17515.42
2015-07-10,17548.62
2015-07-13,17760.41
2015-07-14,17977.68
2015-07-15,18053.58
2015-07-16,18050.17
2015-07-17,18120.25
2015-07-20,18086.45
2015-07-21,18100.41
2015-07-22,17919.29
2015-07-23,17851.04
2015-07-24,17731.92
2015-07-27,17568.53
2015-07-28,17440.59
2015-07-29,17630.27
2015-07-30,17751.39
2015-07-31,17745.98
2015-08-03,17689.86
2015-08-04,17598.2
2015-08-05,17550.69
2015-08-06,17540.47
2015-08-07,17419.75
2015-08-10,17373.38
2015-08-11,17615.17
2015-08-12,17402.84
2015-08-13,17402.51
2015-08-14,17408.25
2015-08-17,17477.4
2015-08-18,17545.18
2015-08-19,17511.34
2015-08-20,17348.73
2015-08-21,16990.69
2015-08-24,16459.75
2015-08-25,15871.35
2015-08-26,15666.44
2015-08-27,16285.51
2015-08-28,16654.77
2015-08-31,16643.01
2015-09-01,16528.03
2015-09-02,16058.35
2015-09-03,16351.38
2015-09-04,16374.76
2015-09-08,16102.38
2015-09-09,16492.68
2015-09-10,16253.57
2015-09-11,16330.4
2015-09-14,16433.09
2015-09-15,16370.96
2015-09-16,16599.85
2015-09-17,16739.95
2015-09-18,16674.74
2015-09-21,16384.58
2015-09-22,16510.19
2015-09-23,16330.47
2015-09-24,16279.89
2015-09-25,16201.32
2015-09-28,16314.67
2015-09-29,16001.89
2015-09-30,16049.13
2015-10-01,16284.7
2015-10-02,16272.01
2015-10-05,16472.37
2015-10-06,16776.43
2015-10-07,16790.19
2015-10-08,16912.29
2015-10-09,17050.75
2015-10-12,17084.49
2015-10-13,17131.86
2015-10-14,17081.89
2015-10-15,16924.75
2015-10-16,17141.75
2015-10-19,17215.97
2015-10-20,17230.54
2015-10-21,17217.11
2015-10-22,17168.61
2015-10-23,17489.16
2015-10-26,17646.7
2015-10-27,17623.05
2015-10-28,17581.43
2015-10-29,17779.52
2015-10-30,17755.8
2015-11-02,17663.54
2015-11-03,17828.76
2015-11-04,17918.15
2015-11-05,17867.58
2015-11-06,17863.43
2015-11-09,17910.33
2015-11-10,17730.48
2015-11-11,17758.21
2015-11-12,17702.22
2015-11-13,17448.07
2015-11-16,17245.24
2015-11-17,17483.01
2015-11-18,17489.5
2015-11-19,17737.16
2015-11-20,17732.75
2015-11-23,17823.81
2015-11-24,17792.68
2015-11-25,17812.19
2015-11-27,17813.39
2015-11-30,17798.49
2015-12-01,17719.92
2015-12-02,17888.35
2015-12-03,17729.68
2015-12-04,17477.67
2015-12-07,17847.63
2015-12-08,17730.51
2015-12-09,17568
2015-12-10,17492.3
2015-12-11,17574.75
2015-12-14,17265.21
2015-12-15,17368.5
2015-12-16,17524.91
2015-12-17,17749.09
2015-12-18,17495.84
2015-12-21,17128.55
2015-12-22,17251.62
2015-12-23,17417.27
2015-12-24,17602.61
2015-12-28,17552.17
2015-12-29,17528.27
2015-12-30,17720.98
2015-12-31,17603.87
2016-01-04,17425.03
2016-01-05,17148.94
2016-01-06,17158.66
2016-01-07,16906.51
2016-01-08,16514.1
2016-01-11,16346.45
2016-01-12,16398.57
2016-01-13,16516.22
2016-01-14,16151.41
2016-01-15,16379.05
2016-01-19,15988.08
2016-01-20,16016.02
2016-01-21,15766.74
2016-01-22,15882.68
2016-01-25,16093.51
2016-01-26,15885.22
2016-01-27,16167.23
2016-01-28,15944.46
2016-01-29,16069.64
2016-02-01,16466.3
2016-02-02,16449.18
2016-02-03,16153.54
2016-02-04,16336.66
2016-02-05,16416.58
2016-02-08,16204.97
2016-02-09,16027.05
2016-02-10,16014.38
2016-02-11,15914.74
2016-02-12,15660.18
2016-02-16,15973.84
2016-02-17,16196.41
2016-02-18,16453.83
2016-02-19,16413.43
2016-02-22,16391.99
2016-02-23,16620.66
2016-02-24,16431.78
2016-02-25,16484.99
2016-02-26,16697.29
2016-02-29,16639.97
2016-03-01,16516.5
2016-03-02,16865.08
2016-03-03,16899.32
2016-03-04,16943.9
2016-03-07,17006.77
2016-03-08,17073.95
2016-03-09,16964.1
2016-03-10,17000.36
2016-03-11,16995.13
2016-03-14,17213.31
2016-03-15,17229.13
2016-03-16,17251.53
2016-03-17,17325.76
2016-03-18,17481.49
2016-03-21,17602.3
2016-03-22,17623.87
2016-03-23,17582.57
2016-03-24,17502.59
2016-03-28,17515.73
2016-03-29,17535.39
2016-03-30,17633.11
2016-03-31,17716.66
2016-04-01,17685.09
2016-04-04,17792.75
2016-04-05,17737
2016-04-06,17603.32
2016-04-07,17716.05
2016-04-08,17541.96
2016-04-11,17576.96
2016-04-12,17556.41
2016-04-13,17721.25
2016-04-14,17908.28
2016-04-15,17926.43
2016-04-18,17897.46
2016-04-19,18004.16
2016-04-20,18053.6
2016-04-21,18096.27
2016-04-22,17982.52
2016-04-25,18003.75
2016-04-26,17977.24
2016-04-27,17990.32
2016-04-28,18041.55
2016-04-29,17830.76
2016-05-02,17773.64
2016-05-03,17891.16
2016-05-04,17750.91
2016-05-05,17651.26
2016-05-06,17660.71
2016-05-09,17740.63
2016-05-10,17705.91
2016-05-11,17928.35
2016-05-12,17711.12
2016-05-13,17720.5
2016-05-16,17535.32
2016-05-17,17710.71
2016-05-18,17529.98
2016-05-19,17526.62
2016-05-20,17435.4
2016-05-23,17500.94
2016-05-24,17492.93
2016-05-25,17706.05
2016-05-26,17851.51
2016-05-27,17828.29
2016-05-31,17873.22
2016-06-01,17787.2
2016-06-02,17789.67
2016-06-03,17838.56
2016-06-06,17807.06
2016-06-07,17920.33
2016-06-08,17938.28
2016-06-09,18005.05
2016-06-10,17985.19
2016-06-13,17865.34
2016-06-14,17732.48
2016-06-15,17674.82
2016-06-16,17640.17
2016-06-17,17733.1
2016-06-20,17675.16
2016-06-21,17804.87
2016-06-22,17829.73
2016-06-23,17780.83
2016-06-24,18011.07
2016-06-27,17400.75
2016-06-28,17140.24
2016-06-29,17409.72
2016-06-30,17694.68
2016-07-01,17929.99
2016-07-05,17949.37
2016-07-06,17840.62
2016-07-07,17918.62
2016-07-08,17895.88
2016-07-11,18146.74
2016-07-12,18226.93
2016-07-13,18347.67
2016-07-14,18372.12
2016-07-15,18506.41
2016-07-18,18516.55
2016-07-19,18533.05
2016-07-20,18559.01
2016-07-21,18595.03
2016-07-22,18517.23
2016-07-25,18570.85
2016-07-26,18493.06
2016-07-27,18473.75
2016-07-28,18472.17
2016-07-29,18456.35
2016-08-01,18432.24
2016-08-02,18404.51
2016-08-03,18313.77
2016-08-04,18355
2016-08-05,18352.05
2016-08-08,18543.53
2016-08-09,18529.29
2016-08-10,18533.05
2016-08-11,18495.66
2016-08-12,18613.52
2016-08-15,18576.47
2016-08-16,18636.05
2016-08-17,18552.02
2016-08-18,18573.94
2016-08-19,18597.7
2016-08-22,18552.57
2016-08-23,18529.42
2016-08-24,18547.3
2016-08-25,18481.48
2016-08-26,18448.41
2016-08-29,18395.4
2016-08-30,18502.99
2016-08-31,18454.3
2016-09-01,18400.88
2016-09-02,18419.3
2016-09-06,18491.96
2016-09-07,18538.12
2016-09-08,18526.14
2016-09-09,18479.91
2016-09-12,18085.45
2016-09-13,18325.07
2016-09-14,18066.75
2016-09-15,18034.77
2016-09-16,18212.48
2016-09-19,18123.8
2016-09-20,18120.17
2016-09-21,18129.96
2016-09-22,18293.7
2016-09-23,18392.46
2016-09-26,18261.45
2016-09-27,18094.83
2016-09-28,18228.3
2016-09-29,18339.24
2016-09-30,18143.45
2016-10-03,18308.15
2016-10-04,18253.85
2016-10-05,18168.45
2016-10-06,18281.03
2016-10-07,18268.5
2016-10-10,18240.49
2016-10-11,18329.04
2016-10-12,18128.66
2016-10-13,18144.2
2016-10-14,18098.94
2016-10-17,18138.38
2016-10-18,18086.4
2016-10-19,18161.94
2016-10-20,18202.62
2016-10-21,18162.35
2016-10-24,18145.71
2016-10-25,18223.03
2016-10-26,18169.27
2016-10-27,18199.33
2016-10-28,18169.68
2016-10-31,18161.19
2016-11-01,18142.42
2016-11-02,18037.1
2016-11-03,17959.64
2016-11-04,17930.67
2016-11-07,17888.28
2016-11-08,18259.6
2016-11-09,18332.74
2016-11-10,18589.69
2016-11-11,18807.88
2016-11-14,18847.66
2016-11-15,18868.69
2016-11-16,18923.06
2016-11-17,18868.14
2016-11-18,18903.82
2016-11-21,18867.93
2016-11-22,18956.69
2016-11-23,19023.87
2016-11-25,19083.18
2016-11-28,19152.14
2016-11-29,19097.9
2016-11-30,19121.6
2016-12-01,19123.58
2016-12-02,19191.93
2016-12-05,19170.42
2016-12-06,19216.24
2016-12-07,19251.78
2016-12-08,19549.62
2016-12-09,19614.81
2016-12-12,19756.85
2016-12-13,19796.43
2016-12-14,19911.21
2016-12-15,19792.53
2016-12-16,19852.24
2016-12-19,19843.41
2016-12-20,19883.06
2016-12-21,19974.62
2016-12-22,19941.96
2016-12-23,19918.88
2016-12-27,19933.81
2016-12-28,19945.04
2016-12-29,19833.68
2016-12-30,19819.78
2017-01-03,19762.6
2017-01-04,19881.76
2017-01-05,19942.16
2017-01-06,19899.29
2017-01-09,19963.8
2017-01-10,19887.38
2017-01-11,19855.53
2017-01-12,19954.28
2017-01-13,19891
2017-01-17,19885.73
2017-01-18,19826.77
2017-01-19,19804.72
2017-01-20,19732.4
2017-01-23,19827.25
2017-01-24,19799.85
2017-01-25,19912.71
2017-01-26,20068.51
2017-01-27,20100.91
2017-01-30,20093.78
2017-01-31,19971.13
2017-02-01,19864.09
2017-02-02,19890.94
2017-02-03,19884.91
2017-02-06,20071.46
2017-02-07,20052.42
2017-02-08,20090.29
2017-02-09,20054.34
2017-02-10,20172.4
2017-02-13,20269.37
2017-02-14,20412.16
2017-02-15,20504.41
2017-02-16,20611.86
2017-02-17,20619.77
2017-02-21,20624.05
2017-02-22,20743
2017-02-23,20775.6
2017-02-24,20810.32
2017-02-27,20821.76
2017-02-28,20837.44
2017-03-01,20812.24
2017-03-02,21115.55
2017-03-03,21002.97
2017-03-06,21005.71
2017-03-07,20954.34
2017-03-08,20924.76
2017-03-09,20855.73
2017-03-10,20858.19
2017-03-13,20902.98
2017-03-14,20881.48
2017-03-15,20837.37
2017-03-16,20950.1
2017-03-17,20934.55
2017-03-20,20914.62
2017-03-21,20905.86
2017-03-22,20668.01
2017-03-23,20661.3
2017-03-24,20656.58
2017-03-27,20596.72
2017-03-28,20550.98
2017-03-29,20701.5
2017-03-30,20659.32
2017-03-31,20728.49
2017-04-03,20663.22
2017-04-04,20650.21
2017-04-05,20689.24
2017-04-06,20648.15
2017-04-07,20662.95
2017-04-10,20656.1
2017-04-11,20658.02
2017-04-12,20651.3
2017-04-13,20591.86
2017-04-17,20453.25
2017-04-18,20636.92
2017-04-19,20523.28
2017-04-20,20404.49
2017-04-21,20578.71
2017-04-24,20547.76
2017-04-25,20763.89
2017-04-26,20996.12
2017-04-27,20975.09
2017-04-28,20981.33
2017-05-01,20940.51
2017-05-02,20913.46
2017-05-03,20949.89
2017-05-04,20957.9
2017-05-05,20951.47
2017-05-08,21006.94
2017-05-09,21012.28
2017-05-10,20975.78
2017-05-11,20943.11
2017-05-12,20919.42
2017-05-15,20896.61
2017-05-16,20981.94
2017-05-17,20979.75
2017-05-18,20606.93
2017-05-19,20663.02
2017-05-22,20804.84
2017-05-23,20894.83
2017-05-24,20937.91
2017-05-25,21012.42
2017-05-26,21082.95
2017-05-30,21080.28
2017-05-31,21029.47
2017-06-01,21008.65
2017-06-02,21144.18
2017-06-05,21206.29
2017-06-06,21184.04
2017-06-07,21136.23
2017-06-08,21173.69
2017-06-09,21182.53
2017-06-12,21271.97
2017-06-13,21235.67
2017-06-14,21328.47
2017-06-15,21374.56
2017-06-16,21359.9
2017-06-19,21384.28
2017-06-20,21528.99
2017-06-21,21467.14
2017-06-22,21410.03
2017-06-23,21397.29
2017-06-26,21394.76
2017-06-27,21409.55
2017-06-28,21310.66
2017-06-29,21454.61
2017-06-30,21287.03
2017-07-03,21349.63
2017-07-05,21479.27
2017-07-06,21478.17
2017-07-07,21320.04
2017-07-10,21414.34
2017-07-11,21408.52
2017-07-12,21409.07
2017-07-13,21532.14
2017-07-14,21553.09
2017-07-17,21637.74
2017-07-18,21629.72
2017-07-19,21574.73
2017-07-20,21640.75
2017-07-21,21611.78
2017-07-24,21580.07
2017-07-25,21513.17
2017-07-26,21613.43
2017-07-27,21711.01
2017-07-28,21796.55
2017-07-31,21830.31
2017-08-01,21891.12
2017-08-02,21963.92
2017-08-03,22016.24
2017-08-04,22026.1
2017-08-07,22092.81
2017-08-08,22118.42
2017-08-09,22085.34
2017-08-10,22048.7
2017-08-11,21844.01
2017-08-14,21858.32
2017-08-15,21993.71
2017-08-16,21998.99
2017-08-17,22024.87
2017-08-18,21750.73
2017-08-21,21674.51
2017-08-22,21703.75
2017-08-23,21899.89
2017-08-24,21812.09
2017-08-25,21783.4
2017-08-28,21813.67
2017-08-29,21808.4
2017-08-30,21865.37
2017-08-31,21892.43
2017-09-01,21948.1
2017-09-05,21987.56
2017-09-06,21753.31
2017-09-07,21807.64
2017-09-08,21784.78
2017-09-11,21797.79
2017-09-12,22057.37
2017-09-13,22118.86
2017-09-14,22158.18
2017-09-15,22203.48
2017-09-18,22268.34
2017-09-19,22331.35
2017-09-20,22370.8
2017-09-21,22412.59
2017-09-22,22359.23
2017-09-25,22349.59
2017-09-26,22296.09
2017-09-27,22284.32
2017-09-28,22340.71
2017-09-29,22381.2
2017-10-02,22405.09
2017-10-03,22557.6
2017-10-04,22641.67
2017-10-05,22661.64
2017-10-06,22775.39
2017-10-09,22773.67
2017-10-10,22761.07
2017-10-11,22830.68
2017-10-12,22872.89
2017-10-13,22841.01
2017-10-16,22871.72
2017-10-17,22956.96
2017-10-18,22997.44
2017-10-19,23157.6
2017-10-20,23163.04
2017-10-23,23328.63
2017-10-24,23273.96
2017-10-25,23441.76
2017-10-26,23329.46
2017-10-27,23400.86
2017-10-30,23434.19
2017-10-31,23348.74
2017-11-01,23377.24
2017-11-02,23435.01
2017-11-03,23516.26
2017-11-06,23539.19
2017-11-07,23548.42
2017-11-08,23557.23
2017-11-09,23563.36
2017-11-10,23461.94
2017-11-13,23422.21
2017-11-14,23439.7
2017-11-15,23409.47
2017-11-16,23271.28
2017-11-17,23458.36
2017-11-20,23358.24
2017-11-21,23430.33
2017-11-22,23590.83
2017-11-24,23526.18
2017-11-27,23557.99
2017-11-28,23580.78
2017-11-29,23836.71
2017-11-30,23940.68
2017-12-01,24272.35
2017-12-04,24231.59
2017-12-05,24290.05
2017-12-06,24180.64
2017-12-07,24140.91
2017-12-08,24211.48
2017-12-11,24329.16
2017-12-12,24386.03
2017-12-13,24504.8
2017-12-14,24585.43
2017-12-15,24508.66
2017-12-18,24651.74
2017-12-19,24792.2
2017-12-20,24754.75
2017-12-21,24726.65
2017-12-22,24782.29
2017-12-26,24754.06
2017-12-27,24746.21
2017-12-28,24774.3
2017-12-29,24837.51
2018-01-02,24719.22
2018-01-03,24824.01
2018-01-04,24922.68
2018-01-05,25075.13
2018-01-08,25295.87
2018-01-09,25283
2018-01-10,25385.8
2018-01-11,25369.13
2018-01-12,25574.73
2018-01-16,25803.19
2018-01-17,25792.86
2018-01-18,26115.65
2018-01-19,26017.81
2018-01-22,26071.72
2018-01-23,26214.6
2018-01-24,26210.81
2018-01-25,26252.12
2018-01-26,26392.79
2018-01-29,26616.71
2018-01-30,26439.48
2018-01-31,26076.89
2018-02-01,26149.39
2018-02-02,26186.71
2018-02-05,25520.96
2018-02-06,24345.75
2018-02-07,24912.77
2018-02-08,24893.35
2018-02-09,23860.46
2018-02-12,24190.9
2018-02-13,24601.27
2018-02-14,24640.45
2018-02-15,24893.49
2018-02-16,25200.37
2018-02-20,25219.38
2018-02-21,24964.75
2018-02-22,24797.78
2018-02-23,24962.48
2018-02-26,25309.99
2018-02-27,25709.27
2018-02-28,25410.03
2018-03-01,25029.2
2018-03-02,24608.98
2018-03-05,24538.06
2018-03-06,24874.76
2018-03-07,24884.12
2018-03-08,24801.36
2018-03-09,24895.21
2018-03-12,25335.74
2018-03-13,25178.61
2018-03-14,25007.03
2018-03-15,24758.12
2018-03-16,24873.66
2018-03-19,24946.51
2018-03-20,24610.91
2018-03-21,24727.27
2018-03-22,24682.31
2018-03-23,23957.89
2018-03-26,23533.2
2018-03-27,24202.6
2018-03-28,23857.71
2018-03-29,23848.42
2018-04-02,24103.11
2018-04-03,23644.19
2018-04-04,24033.36
2018-04-05,24264.3
2018-04-06,24505.22
2018-04-09,23932.76
2018-04-10,23979.1
2018-04-11,24408
2018-04-12,24189.45
2018-04-13,24483.05
2018-04-16,24360.14
2018-04-17,24573.04
2018-04-18,24786.63
2018-04-19,24748.07
2018-04-20,24664.89
2018-04-23,24462.94
2018-04-24,24448.69
2018-04-25,24024.13
2018-04-26,24083.83
2018-04-27,24322.34
2018-04-30,24311.19
2018-05-01,24163.15
2018-05-02,24099.05
2018-05-03,23924.98
2018-05-04,23930.15
2018-05-07,24262.51
2018-05-08,24357.32
2018-05-09,24360.21
2018-05-10,24542.54
2018-05-11,24739.53
2018-05-14,24831.17
2018-05-15,24899.41
2018-05-16,24706.41
2018-05-17,24768.93
2018-05-18,24713.98
2018-05-21,24715.09
2018-05-22,25013.29
2018-05-23,24834.41
2018-05-24,24886.81
2018-05-25,24811.76
2018-05-29,24753.09
2018-05-30,24361.45
2018-05-31,24667.78
2018-06-01,24415.84
2018-06-04,24635.21
2018-06-05,24813.69
2018-06-06,24799.98
2018-06-07,25146.39
2018-06-08,25241.41
2018-06-11,25316.53
2018-06-12,25322.31
2018-06-13,25320.73
2018-06-14,25201.2
2018-06-15,25175.31
2018-06-18,25090.48
2018-06-19,24987.47
2018-06-20,24700.21
2018-06-21,24657.8
2018-06-22,24461.7
2018-06-25,24580.89
2018-06-26,24252.8
2018-06-27,24283.11
2018-06-28,24117.59
2018-06-29,24216.05
2018-07-02,24271.41
2018-07-03,24307.18
2018-07-05,24174.82
2018-07-06,24356.74
2018-07-09,24456.48
2018-07-10,24776.59
2018-07-11,24919.66
2018-07-12,24700.45
2018-07-13,24924.89
2018-07-16,25019.41
2018-07-17,25064.36
2018-07-18,25119.89
2018-07-19,25199.29
2018-07-20,25064.5
2018-07-23,25058.12
2018-07-24,25044.29
2018-07-25,25241.94
2018-07-26,25414.1
2018-07-27,25527.07
2018-07-30,25451.06
2018-07-31,25306.83
2018-08-01,25415.19
2018-08-02,25333.82
2018-08-03,25326.16
2018-08-06,25462.58
2018-08-07,25502.18
2018-08-08,25628.91
2018-08-09,25583.75
2018-08-10,25509.23
2018-08-13,25313.14
2018-08-14,25187.7
2018-08-15,25299.92
2018-08-16,25162.41
2018-08-17,25558.73
2018-08-20,25669.32
2018-08-21,25758.69
2018-08-22,25822.29
2018-08-23,25733.6
2018-08-24,25656.98
2018-08-27,25790.35
2018-08-28,26049.64
2018-08-29,26064.02
2018-08-30,26124.57
2018-08-31,25986.92
2018-09-04,25964.82
2018-09-05,25952.48
2018-09-06,25974.99
2018-09-07,25995.87
2018-09-10,25916.54
2018-09-11,25857.07
2018-09-12,25971.06
2018-09-13,25998.92
2018-09-14,26145.99
2018-09-17,26154.67
2018-09-18,26062.12
2018-09-19,26246.96
2018-09-20,26405.76
2018-09-21,26656.98
2018-09-24,26743.5
2018-09-25,26562.05
2018-09-26,26492.21
2018-09-27,26385.28
2018-09-28,26439.93
2018-10-01,26458.31
2018-10-02,26651.21
2018-10-03,26773.94
2018-10-04,26828.39
2018-10-05,26627.48
2018-10-08,26447.05
2018-10-09,26486.78
2018-10-10,26430.57
2018-10-11,25598.74
2018-10-12,25052.83
2018-10-15,25339.99
2018-10-16,25250.55
2018-10-17,25798.42
2018-10-18,25706.68
2018-10-19,25379.45
2018-10-22,25444.34
2018-10-23,25317.41
2018-10-24,25191.43
2018-10-25,24583.42
2018-10-26,24984.55
2018-10-29,24688.31
2018-10-30,24442.92
2018-10-31,24874.64
2018-11-01,25115.76
2018-11-02,25380.74
2018-11-05,25270.83
2018-11-06,25461.7
2018-11-07,25635.01
2018-11-08,26180.3
2018-11-09,26191.22
2018-11-12,25989.3
2018-11-13,25387.18
2018-11-14,25286.49
2018-11-15,25080.5
2018-11-16,25289.27
2018-11-19,25413.22
2018-11-20,25017.44
2018-11-21,24465.64
2018-11-23,24464.69
2018-11-26,24285.95
2018-11-27,24640.24
2018-11-28,24748.73
2018-11-29,25366.43
2018-11-30,25338.84
2018-12-03,25538.46
2018-12-04,25826.43
2018-12-06,25027.07
2018-12-07,24947.67
2018-12-10,24388.95
2018-12-11,24423.26
2018-12-12,24370.24
2018-12-13,24527.27
2018-12-14,24597.38
2018-12-17,24100.51
2018-12-18,23592.98
2018-12-19,23675.64
2018-12-20,23323.66
2018-12-21,22859.6
2018-12-24,22445.37
2018-12-26,21792.2
2018-12-27,22878.45
2018-12-28,23138.82
2018-12-31,23062.4
2019-01-02,23327.46
2019-01-03,23346.24
2019-01-04,22686.22
2019-01-07,23433.16
2019-01-08,23531.35
2019-01-09,23787.45
2019-01-10,23879.12
2019-01-11,24001.92
2019-01-14,23995.95
2019-01-15,23909.84
2019-01-16,24065.59
2019-01-17,24207.16
2019-01-18,24370.1
2019-01-22,24706.35
2019-01-23,24404.48
2019-01-24,24575.62
2019-01-25,24553.24
2019-01-28,24737.2
2019-01-29,24528.22
2019-01-30,24579.96
2019-01-31,25014.86
2019-02-01,24999.67
2019-02-04,25063.89
2019-02-05,25239.37
2019-02-06,25411.52
2019-02-07,25390.3
2019-02-08,25169.53
2019-02-11,25106.33
2019-02-12,25053.11
2019-02-13,25425.76
2019-02-14,25543.27
2019-02-15,25439.39
2019-02-19,25883.25
2019-02-20,25891.32
2019-02-21,25954.44
2019-02-22,25850.63
2019-02-25,26031.81
2019-02-26,26091.95
2019-02-27,26057.98
2019-02-28,25985.16
2019-03-01,25916
2019-03-04,26026.32
2019-03-05,25819.65
2019-03-06,25806.63
2019-03-07,25673.46
2019-03-08,25473.23
2019-03-11,25450.24
2019-03-12,25650.88
2019-03-13,25554.66
2019-03-14,25702.89
2019-03-15,25709.94
2019-03-18,25848.87
2019-03-19,25914.1
2019-03-20,25887.38
2019-03-21,25745.67
2019-03-22,25962.51
2019-03-25,25502.32
2019-03-26,25516.83
2019-03-27,25657.73
2019-03-28,25625.59
2019-03-29,25717.46
2019-04-01,25928.68
2019-04-02,26258.42
2019-04-03,26179.13
2019-04-04,26218.13
2019-04-05,26384.63
2019-04-08,26424.99
2019-04-09,26341.02
2019-04-10,26150.58
2019-04-11,26157.16
2019-04-12,26143.05
2019-04-15,26412.3
2019-04-16,26384.77
2019-04-17,26452.66
2019-04-18,26449.54
2019-04-22,26559.54
2019-04-23,26511.05
2019-04-24,26656.39
2019-04-25,26597.05
2019-04-26,26462.08
2019-04-29,26543.33
2019-04-30,26554.39
2019-05-01,26592.91
2019-05-02,26430.14
2019-05-03,26307.79
2019-05-06,26504.95
2019-05-07,26438.48
2019-05-08,25965.09
2019-05-09,25967.33
2019-05-10,25828.36
2019-05-13,25942.37
2019-05-14,25324.99
2019-05-15,25532.05
2019-05-16,25648.02
2019-05-17,25862.68
2019-05-20,25764
2019-05-21,25679.9
2019-05-22,25877.33
2019-05-23,25776.61
2019-05-24,25490.47
2019-05-28,25585.69
2019-05-29,25347.77
2019-05-30,25126.41
2019-05-31,25169.88
2019-06-03,24815.04
2019-06-04,24819.78
2019-06-05,25332.18
2019-06-06,25539.57
2019-06-07,25720.66
2019-06-10,25983.94
2019-06-11,26062.68
2019-06-12,26048.51
2019-06-13,26004.83
2019-06-14,26106.77
2019-06-17,26089.61
2019-06-18,26112.53
2019-06-19,26465.54
2019-06-20,26504
2019-06-21,26753.17
2019-06-24,26719.13
2019-06-25,26727.54
2019-06-26,26548.22
2019-06-27,26536.82
2019-06-28,26526.58
2019-07-01,26599.96
2019-07-02,26717.43
2019-07-03,26786.68
2019-07-05,26966
2019-07-08,26922.12
2019-07-09,26806.14
2019-07-10,26783.49
2019-07-11,26860.2
2019-07-12,27088.08
2019-07-15,27332.03
2019-07-16,27359.16
2019-07-17,27335.63
2019-07-18,27219.85
2019-07-19,27222.97
2019-07-22,27154.2
2019-07-23,27171.9
2019-07-24,27349.19
2019-07-25,27269.97
2019-07-26,27140.98
2019-07-29,27192.45
2019-07-30,27221.35
2019-07-31,27198.02
2019-08-01,26864.27
2019-08-02,26583.42
2019-08-05,26485.01
2019-08-06,25717.74
2019-08-07,26029.52
2019-08-08,26007.07
2019-08-09,26378.19
2019-08-12,26287.44
2019-08-13,25907.37
2019-08-14,26279.91
2019-08-15,25479.42
2019-08-16,25579.39
2019-08-19,25886.01
2019-08-20,26135.79
2019-08-21,25962.44
2019-08-22,26202.73
2019-08-23,26252.24
2019-08-26,25628.9
2019-08-27,25898.83
2019-08-28,25777.9
2019-08-29,26036.1
2019-08-30,26362.25
2019-09-03,26403.28
2019-09-04,26118.02
2019-09-05,26355.47
2019-09-06,26728.15
2019-09-09,26797.46
2019-09-10,26835.51
2019-09-11,26909.43
2019-09-12,27137.04
2019-09-13,27182.45
2019-09-16,27219.52
2019-09-17,27076.82
2019-09-18,27110.8
2019-09-19,27147.08
2019-09-20,27094.79
2019-09-23,26935.07
2019-09-24,26949.99
2019-09-25,26807.77
2019-09-26,26970.71
2019-09-27,26891.12
2019-09-30,26820.25
2019-10-01,26916.83
2019-10-02,26573.04
2019-10-03,26078.62
2019-10-04,26201.04
2019-10-07,26573.72
2019-10-08,26478.02
2019-10-09,26164.04
2019-10-10,26346.01
2019-10-11,26496.67
2019-10-14,26816.59
2019-10-15,26787.36
2019-10-16,27024.8
2019-10-17,27001.98
2019-10-18,27025.88
2019-10-21,26770.2
2019-10-22,26827.64
2019-10-23,26788.1
2019-10-24,26833.95
2019-10-25,26805.53
2019-10-28,26958.06
2019-10-29,27090.72
2019-10-30,27071.42
2019-10-31,27186.69
2019-11-01,27046.23
2019-11-04,27347.36
2019-11-05,27462.11
2019-11-06,27492.63
2019-11-07,27492.56
2019-11-08,27674.8
2019-11-11,27681.24
2019-11-12,27691.49
2019-11-13,27691.49
2019-11-14,27783.59
2019-11-15,27781.96
2019-11-18,28004.89
2019-11-19,28036.22
2019-11-20,27934.02
2019-11-21,27821.09
2019-11-22,27766.29
2019-11-25,27875.62
2019-11-26,28066.47
2019-11-27,28121.68
2019-11-29,28164
2019-12-02,28051.41
2019-12-03,27783.04
2019-12-04,27502.81
2019-12-05,27649.78
2019-12-06,27677.79
2019-12-09,28015.06
2019-12-10,27909.6
2019-12-11,27881.72
2019-12-12,27911.3
2019-12-13,28132.05
2019-12-16,28135.38
2019-12-17,28235.89
2019-12-18,28267.16
2019-12-19,28239.28
2019-12-20,28376.96
2019-12-23,28455.09
2019-12-24,28551.53
2019-12-26,28515.45
2019-12-27,28621.39
2019-12-30,28645.26
2019-12-31,28462.14
2020-01-02,28538.44
2020-01-03,28868.8
2020-01-06,28634.88
2020-01-07,28703.38
2020-01-08,28583.68
2020-01-09,28745.09
2020-01-10,28956.9
2020-01-13,28823.77
2020-01-14,28907.05
2020-01-15,28939.67
2020-01-16,29030.22
2020-01-17,29297.64
2020-01-21,29348.1
2020-01-22,29196.04
2020-01-23,29186.27
2020-01-24,29160.09
2020-01-27,28989.73
2020-01-28,28535.8
2020-01-29,28722.85
2020-01-30,28734.45
2020-01-31,28859.44
2020-02-03,28256.03
2020-02-04,28399.81
2020-02-05,28807.63
2020-02-06,29290.85
2020-02-07,29379.77
2020-02-10,29102.51
2020-02-11,29276.82
2020-02-12,29276.34
2020-02-13,29551.42
2020-02-14,29423.31
2020-02-18,29398.08
2020-02-19,29232.19
2020-02-20,29348.03
2020-02-21,29219.98
2020-02-24,28992.41
2020-02-25,27960.8
2020-02-26,27081.36
2020-02-27,26957.59
2020-02-28,25766.64
2020-03-02,25409.36
2020-03-03,26703.32
2020-03-04,25917.41
2020-03-05,27090.86
2020-03-06,26121.28
2020-03-09,25864.78
2020-03-10,23851.02
2020-03-11,25018.16
2020-03-12,23553.22
2020-03-13,21200.62
2020-03-16,23185.62
2020-03-17,20188.52
2020-03-18,21237.38
2020-03-19,19898.92
2020-03-20,20087.19
2020-03-23,19173.98
2020-03-24,18591.93
2020-03-25,20704.91
2020-03-26,21200.55
2020-03-27,22552.17
2020-03-30,21636.78
2020-03-31,22327.48
2020-04-01,21917.16
2020-04-02,20943.51
2020-04-03,21413.44
2020-04-06,21052.53
2020-04-07,22679.99
2020-04-08,22653.86
2020-04-09,23433.57
2020-04-13,23719.37
2020-04-14,23390.77
2020-04-15,23949.76
2020-04-16,23504.35
2020-04-17,23537.68
2020-04-20,24242.49
2020-04-21,23650.44
2020-04-22,23018.88
2020-04-23,23475.82
2020-04-24,23515.26
2020-04-27,23775.27
2020-04-28,24133.78
2020-04-29,24101.55
2020-04-30,24633.86
2020-05-01,24345.72
2020-05-04,23723.69
2020-05-05,23749.76
2020-05-06,23883.09
2020-05-07,23664.64
2020-05-08,23875.89
2020-05-11,24331.32
2020-05-12,24221.99
2020-05-13,23764.78
2020-05-14,23247.97
2020-05-15,23625.34
2020-05-18,23685.42
2020-05-19,24597.37
2020-05-20,24206.86
2020-05-21,24575.9
2020-05-22,24474.12
2020-05-26,24465.16
2020-05-27,24995.11
2020-05-28,25548.27
2020-05-29,25400.64
2020-06-01,25383.11
2020-06-02,25475.02
2020-06-03,25742.65
2020-06-04,26269.89
2020-06-05,26281.82
2020-06-08,27110.98
2020-06-09,27572.44
2020-06-10,27272.3
2020-06-11,26989.99
2020-06-12,25128.17
2020-06-15,25605.54
2020-06-16,25763.16
2020-06-17,26289.98
2020-06-18,26119.61
2020-06-19,26080.1
2020-06-22,25871.46
2020-06-23,26024.96
2020-06-24,26156.1
2020-06-25,25445.94
2020-06-26,25745.6
2020-06-29,25015.55
2020-06-30,25595.8
2020-07-01,25812.88
2020-07-02,25734.97
2020-07-06,25827.36
2020-07-07,26287.03
2020-07-08,25890.18
2020-07-09,26067.28
2020-07-10,25706.09
2020-07-13,26075.3
2020-07-14,26085.8
2020-07-15,26642.59
2020-07-16,26870.1
2020-07-17,26734.71
2020-07-20,26671.95
2020-07-21,26680.87
2020-07-22,26840.4
2020-07-23,27005.84
2020-07-24,26652.33
2020-07-27,26469.89
2020-07-28,26584.77
2020-07-29,26379.28
2020-07-30,26539.57
2020-07-31,26313.65
2020-08-03,26428.32
2020-08-04,26664.4
2020-08-05,26828.47
2020-08-06,27201.52
2020-08-07,27386.98
2020-08-10,27433.48
2020-08-11,27791.44
2020-08-12,27686.91
2020-08-13,27976.84
2020-08-14,27896.72
2020-08-17,27931.02
2020-08-18,27844.91
2020-08-19,27778.07
2020-08-20,27692.88
2020-08-21,27739.73
2020-08-24,27930.33
2020-08-25,28308.46
2020-08-26,28248.44
2020-08-27,28331.92
2020-08-28,28492.27
2020-08-31,28653.87
2020-09-01,28430.05
2020-09-02,28646.45
2020-09-03,29100.5
2020-09-04,28292.73
2020-09-08,28133.31
2020-09-09,27500.89
2020-09-10,27940.47
2020-09-11,27534.58
2020-09-14,27665.64
2020-09-15,27993.33
2020-09-16,27995.6
2020-09-17,28032.38
2020-09-18,27901.98
2020-09-21,27657.42
2020-09-22,27147.7
2020-09-23,27288.18
2020-09-24,26763.13
2020-09-25,26815.44
2020-09-28,27173.96
2020-09-29,27584.06
2020-09-30,27452.66
2020-10-05,27682.81
