항목명1,달러/유로,달러/영국파운드
2010-01-01,1.4339,1.6082
2010-01-02,,
2010-01-03,,
2010-01-04,1.4332,1.6131
2010-01-05,1.4409,1.6091
2010-01-06,1.4366,1.5987
2010-01-07,1.4404,1.6012
2010-01-08,1.4308,1.5926
2010-01-09,,
2010-01-10,,
2010-01-11,1.4418,1.6067
2010-01-12,1.4516,1.6115
2010-01-13,1.4489,1.6163
2010-01-14,1.451,1.628
2010-01-15,1.4501,1.6343
2010-01-16,,
2010-01-17,,
2010-01-18,1.4357,1.6272
2010-01-19,1.4409,1.6356
2010-01-20,1.4279,1.6362
2010-01-21,1.4107,1.6294
2010-01-22,1.4073,1.618
2010-01-23,,
2010-01-24,,
2010-01-25,1.4156,1.6115
2010-01-26,1.4148,1.6246
2010-01-27,1.4071,1.6136
2010-01-28,1.4031,1.6173
2010-01-29,1.3961,1.6125
2010-01-30,,
2010-01-31,,
2010-02-01,1.3865,1.5938
2010-02-02,1.3932,1.5963
2010-02-03,1.3966,1.5976
2010-02-04,1.3891,1.5915
2010-02-05,1.373,1.5765
2010-02-06,,
2010-02-07,,
2010-02-08,1.3663,1.5603
2010-02-09,1.3655,1.5593
2010-02-10,1.3793,1.5706
2010-02-11,1.3742,1.5598
2010-02-12,1.3689,1.5693
2010-02-13,,
2010-02-14,,
2010-02-15,,
2010-02-16,1.3597,1.5661
2010-02-17,1.3763,1.5784
2010-02-18,1.3603,1.5684
2010-02-19,1.3478,1.5468
2010-02-20,,
2010-02-21,,
2010-02-22,1.3604,1.5434
2010-02-23,1.3601,1.5482
2010-02-24,1.3516,1.5439
2010-02-25,1.3543,1.5411
2010-02-26,1.3546,1.5265
2010-02-27,,
2010-02-28,,
2010-03-01,,
2010-03-02,1.3567,1.4994
2010-03-03,1.3612,1.4966
2010-03-04,1.3706,1.5106
2010-03-05,1.3575,1.503
2010-03-06,,
2010-03-07,,
2010-03-08,1.3645,1.5167
2010-03-09,1.3622,1.5044
2010-03-10,1.3605,1.5007
2010-03-11,1.3652,1.4977
2010-03-12,1.3686,1.5086
2010-03-13,,
2010-03-14,,
2010-03-15,1.3763,1.518
2010-03-16,1.3677,1.505
2010-03-17,1.3765,1.5237
2010-03-18,1.3734,1.532
2010-03-19,1.3612,1.5248
2010-03-20,,
2010-03-21,,
2010-03-22,1.352,1.4994
2010-03-23,1.3561,1.5107
2010-03-24,1.3483,1.5025
2010-03-25,1.3336,1.4893
2010-03-26,1.3279,1.4809
2010-03-27,,
2010-03-28,,
2010-03-29,1.3441,1.4916
2010-03-30,1.3485,1.4984
2010-03-31,1.3426,1.5078
2010-04-01,1.3516,1.5203
2010-04-02,1.3583,1.5289
2010-04-03,,
2010-04-04,,
2010-04-05,1.3497,1.5268
2010-04-06,1.3492,1.53
2010-04-07,1.3403,1.527
2010-04-08,1.3334,1.5231
2010-04-09,1.3359,1.5278
2010-04-10,,
2010-04-11,,
2010-04-12,1.3659,1.5442
2010-04-13,1.3591,1.5364
2010-04-14,1.3615,1.5388
2010-04-15,1.3655,1.5469
2010-04-16,1.3573,1.5465
2010-04-17,,
2010-04-18,,
2010-04-19,1.3492,1.5306
2010-04-20,1.3492,1.5341
2010-04-21,1.3424,1.5356
2010-04-22,1.3387,1.5409
2010-04-23,1.3219,1.5335
2010-04-24,,
2010-04-25,,
2010-04-26,1.3367,1.5383
2010-04-27,1.3413,1.5482
2010-04-28,1.3176,1.5249
2010-04-29,1.3215,1.5205
2010-04-30,1.3261,1.5352
2010-05-01,,
2010-05-02,,
2010-05-03,1.332,1.531
2010-05-04,1.3196,1.5246
2010-05-05,,
2010-05-06,1.2819,1.5099
2010-05-07,1.2627,1.485
2010-05-08,,
2010-05-09,,
2010-05-10,1.288,1.4789
2010-05-11,1.2764,1.4843
2010-05-12,1.2636,1.4931
2010-05-13,1.263,1.4836
2010-05-14,1.2535,1.4609
2010-05-15,,
2010-05-16,,
2010-05-17,1.2366,1.4526
2010-05-18,1.2382,1.4468
2010-05-19,1.2172,1.4286
2010-05-20,1.2392,1.4419
2010-05-21,,
2010-05-22,,
2010-05-23,,
2010-05-24,1.254,1.4471
2010-05-25,1.2344,1.4405
2010-05-26,1.2344,1.4402
2010-05-27,1.2171,1.4383
2010-05-28,1.2354,1.4561
2010-05-29,,
2010-05-30,,
2010-05-31,1.2283,1.4455
2010-06-01,1.2284,1.4524
2010-06-02,,
2010-06-03,1.2231,1.4636
2010-06-04,1.2168,1.4634
2010-06-05,,
2010-06-06,,
2010-06-07,1.1955,1.4442
2010-06-08,1.1921,1.4469
2010-06-09,1.1969,1.4447
2010-06-10,1.199,1.4536
2010-06-11,1.2107,1.4708
2010-06-12,,
2010-06-13,,
2010-06-14,1.2191,1.4597
2010-06-15,1.2214,1.4734
2010-06-16,1.2316,1.4789
2010-06-17,1.2313,1.4736
2010-06-18,1.2384,1.4818
2010-06-19,,
2010-06-20,,
2010-06-21,1.2407,1.4833
2010-06-22,1.232,1.4761
2010-06-23,1.2275,1.4818
2010-06-24,1.2316,1.4964
2010-06-25,1.2335,1.4931
2010-06-26,,
2010-06-27,,
2010-06-28,1.2378,1.5036
2010-06-29,1.2273,1.5096
2010-06-30,1.219,1.5062
2010-07-01,1.2225,1.4945
2010-07-02,1.2508,1.5162
2010-07-03,,
2010-07-04,,
2010-07-05,1.2553,1.519
2010-07-06,1.2531,1.513
2010-07-07,1.2615,1.5139
2010-07-08,1.263,1.5178
2010-07-09,1.269,1.5152
2010-07-10,,
2010-07-11,,
2010-07-12,1.2643,1.5064
2010-07-13,1.2588,1.5017
2010-07-14,1.2711,1.5184
2010-07-15,1.2739,1.5262
2010-07-16,1.2922,1.5442
2010-07-17,,
2010-07-18,,
2010-07-19,1.291,1.531
2010-07-20,1.2939,1.5224
2010-07-21,1.2892,1.5284
2010-07-22,1.2769,1.5187
2010-07-23,1.2899,1.5268
2010-07-24,,
2010-07-25,,
2010-07-26,1.2889,1.5422
2010-07-27,1.2996,1.5492
2010-07-28,1.2993,1.5588
2010-07-29,1.2996,1.5599
2010-07-30,1.3076,1.5607
2010-07-31,,
2010-08-01,,
2010-08-02,1.3058,1.5706
2010-08-03,1.3177,1.5895
2010-08-04,1.3222,1.5943
2010-08-05,1.3157,1.5886
2010-08-06,1.3184,1.5894
2010-08-07,,
2010-08-08,,
2010-08-09,1.3277,1.597
2010-08-10,1.3225,1.5894
2010-08-11,1.3181,1.5847
2010-08-12,1.2848,1.564
2010-08-13,1.2835,1.5584
2010-08-14,,
2010-08-15,,
2010-08-16,1.2777,1.5595
2010-08-17,1.2819,1.5642
2010-08-18,1.2877,1.5575
2010-08-19,1.2854,1.5597
2010-08-20,1.2805,1.5576
2010-08-21,,
2010-08-22,,
2010-08-23,1.2704,1.554
2010-08-24,1.264,1.5503
2010-08-25,1.2633,1.541
2010-08-26,1.2667,1.5474
2010-08-27,1.2703,1.5518
2010-08-28,,
2010-08-29,,
2010-08-30,1.2752,1.5536
2010-08-31,1.2664,1.5471
2010-09-01,1.2681,1.5348
2010-09-02,1.2805,1.545
2010-09-03,1.2826,1.5402
2010-09-04,,
2010-09-05,,
2010-09-06,1.289,1.5452
2010-09-07,1.2861,1.539
2010-09-08,1.2681,1.5347
2010-09-09,1.2732,1.5475
2010-09-10,1.2691,1.5426
2010-09-11,,
2010-09-12,,
2010-09-13,1.2718,1.5374
2010-09-14,1.2873,1.5404
2010-09-15,1.299,1.5532
2010-09-16,1.3006,1.5629
2010-09-17,1.3075,1.5624
2010-09-18,,
2010-09-19,,
2010-09-20,1.3046,1.5645
2010-09-21,,
2010-09-22,,
2010-09-23,,
2010-09-24,1.3317,1.5676
2010-09-25,,
2010-09-26,,
2010-09-27,1.3485,1.583
2010-09-28,1.3431,1.5805
2010-09-29,1.3575,1.5805
2010-09-30,1.3625,1.5796
2010-10-01,1.362,1.5714
2010-10-02,,
2010-10-03,,
2010-10-04,1.3778,1.5815
2010-10-05,1.3679,1.5821
2010-10-06,1.3839,1.5892
2010-10-07,1.3922,1.5862
2010-10-08,1.3918,1.5876
2010-10-09,,
2010-10-10,,
2010-10-11,1.4003,1.5956
2010-10-12,1.3869,1.5878
2010-10-13,1.3914,1.5806
2010-10-14,1.3968,1.5907
2010-10-15,1.4057,1.5994
2010-10-16,,
2010-10-17,,
2010-10-18,1.3973,1.5994
2010-10-19,1.395,1.5901
2010-10-20,1.3727,1.5694
2010-10-21,1.3964,1.5844
2010-10-22,1.3918,1.5721
2010-10-23,,
2010-10-24,,
2010-10-25,1.3937,1.568
2010-10-26,1.3928,1.5702
2010-10-27,1.3855,1.5846
2010-10-28,1.3776,1.5777
2010-10-29,1.3929,1.595
2010-10-30,,
2010-10-31,,
2010-11-01,1.3975,1.6047
2010-11-02,1.3904,1.6054
2010-11-03,1.4032,1.6036
2010-11-04,1.4125,1.6106
2010-11-05,1.4214,1.6271
2010-11-06,,
2010-11-07,,
2010-11-08,1.4053,1.6183
2010-11-09,1.392,1.6142
2010-11-10,1.3759,1.598
2010-11-11,1.3765,1.611
2010-11-12,1.3661,1.6122
2010-11-13,,
2010-11-14,,
2010-11-15,1.3694,1.6136
2010-11-16,1.3576,1.6048
2010-11-17,1.3479,1.5877
2010-11-18,1.3535,1.5914
2010-11-19,1.3645,1.6047
2010-11-20,,
2010-11-21,,
2010-11-22,1.3735,1.5994
2010-11-23,1.3625,1.596
2010-11-24,1.338,1.5788
2010-11-25,1.3343,1.5784
2010-11-26,1.3348,1.5766
2010-11-27,,
2010-11-28,,
2010-11-29,1.3277,1.5602
2010-11-30,1.3119,1.5561
2010-12-01,1.2985,1.5562
2010-12-02,1.3125,1.5611
2010-12-03,1.3208,1.559
2010-12-04,,
2010-12-05,,
2010-12-06,1.3413,1.5774
2010-12-07,1.3303,1.5715
2010-12-08,1.3267,1.5761
2010-12-09,1.3261,1.5806
2010-12-10,1.3241,1.5775
2010-12-11,,
2010-12-12,,
2010-12-13,1.3199,1.5798
2010-12-14,1.3387,1.5855
2010-12-15,1.3372,1.5768
2010-12-16,1.322,1.5549
2010-12-17,1.3243,1.5635
2010-12-18,,
2010-12-19,,
2010-12-20,1.3166,1.5517
2010-12-21,1.3124,1.5508
2010-12-22,1.3093,1.5463
2010-12-23,1.3108,1.5395
2010-12-24,1.3116,1.5428
2010-12-25,,
2010-12-26,,
2010-12-27,1.311,1.5438
2010-12-28,1.3164,1.5418
2010-12-29,1.3106,1.5365
2010-12-30,1.3222,1.5498
2010-12-31,1.329,1.5433
2011-01-01,,
2011-01-02,,
2011-01-03,1.3339,1.5559
2011-01-04,1.3347,1.5475
2011-01-05,1.3312,1.5596
2011-01-06,1.3144,1.5498
2011-01-07,1.3005,1.5464
2011-01-08,,
2011-01-09,,
2011-01-10,1.2897,1.554
2011-01-11,1.295,1.5576
2011-01-12,1.2974,1.5608
2011-01-13,1.3127,1.5757
2011-01-14,1.3356,1.5837
2011-01-15,,
2011-01-16,,
2011-01-17,1.3373,1.5879
2011-01-18,1.3284,1.5888
2011-01-19,1.3383,1.5958
2011-01-20,1.3459,1.5986
2011-01-21,1.347,1.5902
2011-01-22,,
2011-01-23,,
2011-01-24,1.3605,1.5995
2011-01-25,1.3649,1.5991
2011-01-26,1.3682,1.5818
2011-01-27,1.3702,1.5912
2011-01-28,1.3725,1.5929
2011-01-29,,
2011-01-30,,
2011-01-31,1.3587,1.5839
2011-02-01,1.3694,1.6014
2011-02-02,,
2011-02-03,,
2011-02-04,,
2011-02-05,,
2011-02-06,,
2011-02-07,1.3574,1.6096
2011-02-08,1.3581,1.6115
2011-02-09,1.3626,1.6072
2011-02-10,1.3725,1.6096
2011-02-11,1.3593,1.6088
2011-02-12,,
2011-02-13,,
2011-02-14,1.3518,1.6002
2011-02-15,1.3487,1.6034
2011-02-16,1.3491,1.6132
2011-02-17,1.3567,1.6091
2011-02-18,1.3607,1.6174
2011-02-19,,
2011-02-20,,
2011-02-21,1.3696,1.6251
2011-02-22,1.3678,1.6226
2011-02-23,1.3664,1.6152
2011-02-24,1.3749,1.6215
2011-02-25,1.381,1.6138
2011-02-26,,
2011-02-27,,
2011-02-28,1.3737,1.6084
2011-03-01,,
2011-03-02,1.3781,1.6272
2011-03-03,1.3867,1.6328
2011-03-04,1.3958,1.6273
2011-03-05,,
2011-03-06,,
2011-03-07,1.3993,1.6278
2011-03-08,1.3964,1.6199
2011-03-09,1.3908,1.6165
2011-03-10,1.3905,1.6202
2011-03-11,1.3798,1.6062
2011-03-12,,
2011-03-13,,
2011-03-14,1.394,1.6077
2011-03-15,1.3994,1.618
2011-03-16,1.3983,1.6074
2011-03-17,1.3922,1.6018
2011-03-18,1.4014,1.6125
2011-03-19,,
2011-03-20,,
2011-03-21,1.4176,1.6223
2011-03-22,1.4218,1.631
2011-03-23,1.4184,1.6368
2011-03-24,1.4101,1.6246
2011-03-25,1.4179,1.6123
2011-03-26,,
2011-03-27,,
2011-03-28,1.4023,1.6007
2011-03-29,1.4078,1.5987
2011-03-30,1.4119,1.6012
2011-03-31,1.4121,1.607
2011-04-01,1.4163,1.6036
2011-04-02,,
2011-04-03,,
2011-04-04,1.4225,1.6119
2011-04-05,1.4228,1.6133
2011-04-06,1.4222,1.6303
2011-04-07,1.4331,1.6323
2011-04-08,1.43,1.6318
2011-04-09,,
2011-04-10,,
2011-04-11,1.4461,1.637
2011-04-12,1.4431,1.6342
2011-04-13,1.4472,1.6255
2011-04-14,1.4445,1.6271
2011-04-15,1.4486,1.6353
2011-04-16,,
2011-04-17,,
2011-04-18,1.4418,1.6318
2011-04-19,1.4233,1.6266
2011-04-20,1.4336,1.6327
2011-04-21,1.4508,1.639
2011-04-22,1.4552,1.6516
2011-04-23,,
2011-04-24,,
2011-04-25,1.4559,1.6519
2011-04-26,1.4579,1.6509
2011-04-27,1.4682,1.6506
2011-04-28,1.4779,1.6628
2011-04-29,1.4839,1.6644
2011-04-30,,
2011-05-01,,
2011-05-02,1.4782,1.6679
2011-05-03,1.4823,1.6654
2011-05-04,1.4825,1.6484
2011-05-05,,
2011-05-06,1.4544,1.6384
2011-05-07,,
2011-05-08,,
2011-05-09,1.4362,1.6356
2011-05-10,,
2011-05-11,1.4415,1.6372
2011-05-12,1.4211,1.6367
2011-05-13,1.4242,1.6284
2011-05-14,,
2011-05-15,,
2011-05-16,1.4078,1.6176
2011-05-17,1.4156,1.6208
2011-05-18,1.4269,1.6251
2011-05-19,1.4257,1.6161
2011-05-20,1.4322,1.6232
2011-05-21,,
2011-05-22,,
2011-05-23,1.4123,1.622
2011-05-24,1.4027,1.6093
2011-05-25,1.4097,1.6181
2011-05-26,1.4084,1.6282
2011-05-27,1.4131,1.6381
2011-05-28,,
2011-05-29,,
2011-05-30,1.4283,1.6493
2011-05-31,1.4341,1.6495
2011-06-01,1.4423,1.6462
2011-06-02,1.4342,1.6335
2011-06-03,1.4483,1.6365
2011-06-04,,
2011-06-05,,
2011-06-06,,
2011-06-07,1.4579,1.6351
2011-06-08,1.4686,1.6439
2011-06-09,1.4592,1.64
2011-06-10,1.4513,1.6365
2011-06-11,,
2011-06-12,,
2011-06-13,1.4336,1.6225
2011-06-14,1.4411,1.6367
2011-06-15,1.4444,1.6383
2011-06-16,1.4181,1.6193
2011-06-17,1.4199,1.6162
2011-06-18,,
2011-06-19,,
2011-06-20,1.4291,1.6177
2011-06-21,1.4326,1.6208
2011-06-22,1.4365,1.6214
2011-06-23,1.4322,1.606
2011-06-24,1.4273,1.6025
2011-06-25,,
2011-06-26,,
2011-06-27,1.4168,1.5959
2011-06-28,1.4313,1.5991
2011-06-29,1.4356,1.5987
2011-06-30,1.4474,1.6072
2011-07-01,1.4487,1.6038
2011-07-02,,
2011-07-03,,
2011-07-04,1.4547,1.6066
2011-07-05,1.4547,1.6082
2011-07-06,1.443,1.6067
2011-07-07,1.4331,1.6011
2011-07-08,1.4361,1.5977
2011-07-09,,
2011-07-10,,
2011-07-11,1.4207,1.6028
2011-07-12,1.4035,1.5901
2011-07-13,1.3968,1.5917
2011-07-14,1.4224,1.6165
2011-07-15,1.4163,1.6154
2011-07-16,,
2011-07-17,,
2011-07-18,1.4124,1.6115
2011-07-19,1.4123,1.6067
2011-07-20,1.4164,1.6128
2011-07-21,1.4267,1.6161
2011-07-22,1.441,1.6321
2011-07-23,,
2011-07-24,,
2011-07-25,1.4387,1.6312
2011-07-26,1.4373,1.628
2011-07-27,1.4504,1.6423
2011-07-28,1.4373,1.6326
2011-07-29,1.4325,1.6362
2011-07-30,,
2011-07-31,,
2011-08-01,1.4373,1.6423
2011-08-02,1.4259,1.6301
2011-08-03,1.4172,1.6276
2011-08-04,1.4354,1.6433
2011-08-05,1.4065,1.623
2011-08-06,,
2011-08-07,,
2011-08-08,1.4325,1.6426
2011-08-09,1.418,1.6332
2011-08-10,1.4369,1.6304
2011-08-11,1.4139,1.6123
2011-08-12,1.4225,1.6225
2011-08-13,,
2011-08-14,,
2011-08-15,,
2011-08-16,1.4439,1.6382
2011-08-17,1.4393,1.6446
2011-08-18,1.4434,1.6542
2011-08-19,1.4312,1.6498
2011-08-20,,
2011-08-21,,
2011-08-22,1.4373,1.6476
2011-08-23,1.436,1.6464
2011-08-24,1.4431,1.6494
2011-08-25,1.441,1.637
2011-08-26,1.4372,1.6284
2011-08-27,,
2011-08-28,,
2011-08-29,1.4486,1.6349
2011-08-30,1.4519,1.6412
2011-08-31,1.4437,1.6306
2011-09-01,1.4371,1.6245
2011-09-02,1.4266,1.6185
2011-09-03,,
2011-09-04,,
2011-09-05,1.4151,1.617
2011-09-06,1.407,1.6098
2011-09-07,1.4004,1.5953
2011-09-08,1.4083,1.5975
2011-09-09,1.3909,1.5981
2011-09-10,,
2011-09-11,,
2011-09-12,,
2011-09-13,,
2011-09-14,1.3683,1.5785
2011-09-15,1.3751,1.5769
2011-09-16,1.3873,1.5794
2011-09-17,,
2011-09-18,,
2011-09-19,1.3703,1.572
2011-09-20,1.3605,1.5662
2011-09-21,1.3681,1.5727
2011-09-22,1.3582,1.5507
2011-09-23,1.348,1.5363
2011-09-24,,
2011-09-25,,
2011-09-26,1.3526,1.5474
2011-09-27,1.3519,1.5555
2011-09-28,1.358,1.5639
2011-09-29,1.3539,1.5575
2011-09-30,1.3576,1.5595
2011-10-01,,
2011-10-02,,
2011-10-03,,
2011-10-04,1.3193,1.5433
2011-10-05,1.3326,1.5467
2011-10-06,1.3345,1.5464
2011-10-07,1.3426,1.5433
2011-10-08,,
2011-10-09,,
2011-10-10,1.338,1.5535
2011-10-11,1.3637,1.5657
2011-10-12,1.3646,1.5588
2011-10-13,1.3789,1.5747
2011-10-14,1.374,1.5743
2011-10-15,,
2011-10-16,,
2011-10-17,1.3883,1.5822
2011-10-18,1.3745,1.5746
2011-10-19,1.3734,1.5712
2011-10-20,1.3765,1.5774
2011-10-21,1.3782,1.5794
2011-10-22,,
2011-10-23,,
2011-10-24,1.3846,1.5943
2011-10-25,1.3924,1.5996
2011-10-26,1.3908,1.6
2011-10-27,1.3868,1.5957
2011-10-28,1.4177,1.6087
2011-10-29,,
2011-10-30,,
2011-10-31,1.4148,1.6127
2011-11-01,1.384,1.6061
2011-11-02,1.3656,1.5927
2011-11-03,1.3722,1.5926
2011-11-04,1.3818,1.6024
2011-11-05,,
2011-11-06,,
2011-11-07,1.3806,1.6043
2011-11-08,1.3765,1.6056
2011-11-09,1.3826,1.6092
2011-11-10,1.353,1.5909
2011-11-11,1.3609,1.5937
2011-11-12,,
2011-11-13,,
2011-11-14,1.3784,1.6076
2011-11-15,1.3619,1.5897
2011-11-16,1.3527,1.5816
2011-11-17,1.3451,1.5726
2011-11-18,1.3471,1.5758
2011-11-19,,
2011-11-20,,
2011-11-21,1.3514,1.5779
2011-11-22,1.3484,1.5643
2011-11-23,1.3513,1.5636
2011-11-24,1.3342,1.5522
2011-11-25,1.3344,1.549
2011-11-26,,
2011-11-27,,
2011-11-28,1.3323,1.5484
2011-11-29,1.3317,1.5504
2011-11-30,1.3326,1.5602
2011-12-01,1.3439,1.5695
2011-12-02,1.346,1.5692
2011-12-03,,
2011-12-04,,
2011-12-05,1.3417,1.5605
2011-12-06,1.3391,1.5644
2011-12-07,1.3406,1.5602
2011-12-08,1.3414,1.5707
2011-12-09,1.3349,1.5628
2011-12-10,,
2011-12-11,,
2011-12-12,1.3367,1.5646
2011-12-13,1.3174,1.5582
2011-12-14,1.3038,1.5488
2011-12-15,1.2986,1.5471
2011-12-16,1.3022,1.5521
2011-12-17,,
2011-12-18,,
2011-12-19,1.304,1.5521
2011-12-20,1.2998,1.5501
2011-12-21,1.3083,1.5667
2011-12-22,1.3044,1.5673
2011-12-23,1.3053,1.5676
2011-12-24,,
2011-12-25,,
2011-12-26,1.3042,1.5597
2011-12-27,1.3055,1.562
2011-12-28,1.3064,1.5658
2011-12-29,1.2938,1.5449
2011-12-30,1.2955,1.541
2011-12-31,,
2012-01-01,,
2012-01-02,1.2947,1.5507
2012-01-03,1.2937,1.5514
2012-01-04,1.3052,1.5646
2012-01-05,1.2936,1.561
2012-01-06,1.2785,1.5491
2012-01-07,,
2012-01-08,,
2012-01-09,1.2687,1.5415
2012-01-10,1.2769,1.5461
2012-01-11,1.277,1.5475
2012-01-12,1.2708,1.532
2012-01-13,1.2813,1.5335
2012-01-14,,
2012-01-15,,
2012-01-16,1.2639,1.5294
2012-01-17,1.266,1.5318
2012-01-18,1.274,1.5331
2012-01-19,1.2858,1.543
2012-01-20,1.2969,1.549
2012-01-21,,
2012-01-22,,
2012-01-23,,
2012-01-24,,
2012-01-25,1.3033,1.5623
2012-01-26,1.3106,1.5656
2012-01-27,1.3106,1.5687
2012-01-28,,
2012-01-29,,
2012-01-30,1.3209,1.5726
2012-01-31,1.3139,1.5704
2012-02-01,1.3086,1.5765
2012-02-02,1.3167,1.5843
2012-02-03,1.3144,1.5804
2012-02-04,,
2012-02-05,,
2012-02-06,1.3131,1.5819
2012-02-07,1.3124,1.5815
2012-02-08,1.3259,1.5898
2012-02-09,1.3225,1.5799
2012-02-10,1.3285,1.5816
2012-02-11,,
2012-02-12,,
2012-02-13,1.326,1.5798
2012-02-14,1.3166,1.5742
2012-02-15,1.3129,1.569
2012-02-16,1.3055,1.5689
2012-02-17,1.3131,1.5802
2012-02-18,,
2012-02-19,,
2012-02-20,1.3215,1.5873
2012-02-21,1.3233,1.5836
2012-02-22,1.3232,1.5778
2012-02-23,1.3248,1.5666
2012-02-24,1.3372,1.5745
2012-02-25,,
2012-02-26,,
2012-02-27,1.3462,1.589
2012-02-28,1.34,1.5829
2012-02-29,1.346,1.59
2012-03-01,,
2012-03-02,1.3318,1.5957
2012-03-03,,
2012-03-04,,
2012-03-05,1.3193,1.5835
2012-03-06,1.3214,1.5862
2012-03-07,1.3114,1.5717
2012-03-08,1.3151,1.5743
2012-03-09,1.3275,1.5826
2012-03-10,,
2012-03-11,,
2012-03-12,1.3117,1.5667
2012-03-13,1.3156,1.564
2012-03-14,1.3078,1.5704
2012-03-15,1.3029,1.5665
2012-03-16,1.308,1.5704
2012-03-17,,
2012-03-18,,
2012-03-19,1.318,1.5844
2012-03-20,1.3233,1.5888
2012-03-21,1.3236,1.5864
2012-03-22,1.3211,1.5866
2012-03-23,1.3197,1.5814
2012-03-24,,
2012-03-25,,
2012-03-26,1.328,1.5878
2012-03-27,1.3356,1.5959
2012-03-28,1.3324,1.5953
2012-03-29,1.3319,1.5892
2012-03-30,1.3301,1.5955
2012-03-31,,
2012-04-01,,
2012-04-02,1.3365,1.602
2012-04-03,1.3329,1.6026
2012-04-04,1.3226,1.5908
2012-04-05,1.3143,1.5894
2012-04-06,1.3061,1.5828
2012-04-07,,
2012-04-08,,
2012-04-09,1.3071,1.5867
2012-04-10,1.3115,1.5903
2012-04-11,,
2012-04-12,1.312,1.5921
2012-04-13,1.3182,1.5953
2012-04-14,,
2012-04-15,,
2012-04-16,1.3072,1.5857
2012-04-17,1.3133,1.5903
2012-04-18,1.3127,1.5932
2012-04-19,1.312,1.6022
2012-04-20,1.3143,1.6061
2012-04-21,,
2012-04-22,,
2012-04-23,1.3199,1.6129
2012-04-24,1.3154,1.6124
2012-04-25,1.3196,1.6147
2012-04-26,1.3225,1.617
2012-04-27,1.3181,1.6174
2012-04-28,,
2012-04-29,,
2012-04-30,1.324,1.6274
2012-05-01,,
2012-05-02,1.3236,1.622
2012-05-03,1.3155,1.6197
2012-05-04,1.3152,1.6186
2012-05-05,,
2012-05-06,,
2012-05-07,1.2988,1.6132
2012-05-08,1.3054,1.6193
2012-05-09,1.2992,1.6148
2012-05-10,1.2938,1.6133
2012-05-11,1.2932,1.6133
2012-05-12,,
2012-05-13,,
2012-05-14,1.2896,1.6067
2012-05-15,1.2829,1.6099
2012-05-16,1.2736,1.5993
2012-05-17,1.2721,1.5916
2012-05-18,1.2694,1.5788
2012-05-19,,
2012-05-20,,
2012-05-21,1.2749,1.5794
2012-05-22,1.281,1.5826
2012-05-23,1.2674,1.5768
2012-05-24,1.2595,1.5699
2012-05-25,1.2535,1.5662
2012-05-26,,
2012-05-27,,
2012-05-28,,
2012-05-29,1.2537,1.5675
2012-05-30,1.248,1.5632
2012-05-31,1.2367,1.5473
2012-06-01,1.2364,1.5404
2012-06-02,,
2012-06-03,,
2012-06-04,1.2418,1.5356
2012-06-05,1.2504,1.5382
2012-06-06,,
2012-06-07,1.2569,1.5482
2012-06-08,1.257,1.5527
2012-06-09,,
2012-06-10,,
2012-06-11,1.2645,1.5541
2012-06-12,1.2473,1.5484
2012-06-13,1.2511,1.5576
2012-06-14,1.2564,1.5512
2012-06-15,1.2629,1.5547
2012-06-16,,
2012-06-17,,
2012-06-18,1.2721,1.5717
2012-06-19,1.2589,1.568
2012-06-20,1.2683,1.5723
2012-06-21,1.2688,1.5713
2012-06-22,1.2548,1.5598
2012-06-23,,
2012-06-24,,
2012-06-25,1.2541,1.559
2012-06-26,1.2505,1.5569
2012-06-27,1.2492,1.5634
2012-06-28,1.2474,1.557
2012-06-29,1.2437,1.551
2012-06-30,,
2012-07-01,,
2012-07-02,1.2658,1.5686
2012-07-03,1.2578,1.569
2012-07-04,1.2605,1.5685
2012-07-05,1.2524,1.5591
2012-07-06,1.2388,1.5519
2012-07-07,,
2012-07-08,,
2012-07-09,1.2279,1.5484
2012-07-10,1.232,1.5527
2012-07-11,1.225,1.5515
2012-07-12,1.2245,1.5507
2012-07-13,1.2207,1.5431
2012-07-14,,
2012-07-15,,
2012-07-16,1.2251,1.5583
2012-07-17,1.227,1.5628
2012-07-18,1.2287,1.5651
2012-07-19,1.2278,1.5649
2012-07-20,1.2276,1.5717
2012-07-21,,
2012-07-22,,
2012-07-23,1.2123,1.5607
2012-07-24,1.2116,1.5512
2012-07-25,1.2068,1.5508
2012-07-26,1.2146,1.5493
2012-07-27,1.228,1.569
2012-07-28,,
2012-07-29,,
2012-07-30,1.2307,1.5728
2012-07-31,1.2261,1.571
2012-08-01,1.2295,1.5669
2012-08-02,1.2237,1.5545
2012-08-03,1.2176,1.5511
2012-08-04,,
2012-08-05,,
2012-08-06,1.2389,1.5634
2012-08-07,1.2391,1.5592
2012-08-08,1.2389,1.5618
2012-08-09,1.2373,1.5667
2012-08-10,1.23,1.5631
2012-08-11,,
2012-08-12,,
2012-08-13,1.2284,1.5672
2012-08-14,1.2332,1.5681
2012-08-15,,
2012-08-16,1.2284,1.5677
2012-08-17,1.2358,1.5737
2012-08-18,,
2012-08-19,,
2012-08-20,1.2337,1.569
2012-08-21,1.2354,1.5711
2012-08-22,1.2464,1.5775
2012-08-23,1.2542,1.5884
2012-08-24,1.256,1.5856
2012-08-25,,
2012-08-26,,
2012-08-27,1.252,1.5814
2012-08-28,1.2504,1.5791
2012-08-29,1.2564,1.5822
2012-08-30,1.2533,1.5834
2012-08-31,1.2511,1.5789
2012-09-01,,
2012-09-02,,
2012-09-03,1.2573,1.5869
2012-09-04,1.2583,1.588
2012-09-05,1.256,1.5868
2012-09-06,1.2596,1.5902
2012-09-07,1.2629,1.5928
2012-09-08,,
2012-09-09,,
2012-09-10,1.2797,1.6009
2012-09-11,1.2761,1.5994
2012-09-12,1.2855,1.607
2012-09-13,1.2898,1.6106
2012-09-14,1.2994,1.6152
2012-09-15,,
2012-09-16,,
2012-09-17,1.311,1.6221
2012-09-18,1.3113,1.6248
2012-09-19,1.3042,1.6241
2012-09-20,1.3049,1.6225
2012-09-21,1.2974,1.6218
2012-09-22,,
2012-09-23,,
2012-09-24,1.2974,1.6238
2012-09-25,1.2933,1.6224
2012-09-26,1.2898,1.619
2012-09-27,1.2876,1.617
2012-09-28,1.2911,1.6231
2012-09-29,,
2012-09-30,,
2012-10-01,,
2012-10-02,1.2893,1.6132
2012-10-03,,
2012-10-04,1.2922,1.61
2012-10-05,1.3019,1.6188
2012-10-06,,
2012-10-07,,
2012-10-08,1.3015,1.6134
2012-10-09,1.2968,1.6028
2012-10-10,1.2873,1.5997
2012-10-11,1.2857,1.6008
2012-10-12,1.2929,1.6044
2012-10-13,,
2012-10-14,,
2012-10-15,1.2947,1.6073
2012-10-16,1.2953,1.6071
2012-10-17,1.3093,1.6114
2012-10-18,1.311,1.6136
2012-10-19,1.3075,1.6057
2012-10-20,,
2012-10-21,,
2012-10-22,1.3023,1.6002
2012-10-23,1.3066,1.6018
2012-10-24,1.2979,1.5947
2012-10-25,1.2965,1.6034
2012-10-26,1.2936,1.6118
2012-10-27,,
2012-10-28,,
2012-10-29,1.2928,1.6084
2012-10-30,1.2902,1.6033
2012-10-31,1.2963,1.6085
2012-11-01,1.296,1.613
2012-11-02,1.2946,1.613
2012-11-03,,
2012-11-04,,
2012-11-05,1.2826,1.602
2012-11-06,1.2795,1.598
2012-11-07,1.2811,1.5992
2012-11-08,1.2769,1.5982
2012-11-09,1.2743,1.5976
2012-11-10,,
2012-11-11,,
2012-11-12,1.272,1.5903
2012-11-13,1.2706,1.5872
2012-11-14,1.2703,1.5871
2012-11-15,1.2736,1.5844
2012-11-16,1.2782,1.5863
2012-11-17,,
2012-11-18,,
2012-11-19,1.2741,1.589
2012-11-20,1.2784,1.5905
2012-11-21,1.2812,1.5924
2012-11-22,1.2842,1.5957
2012-11-23,1.2881,1.594
2012-11-24,,
2012-11-25,,
2012-11-26,1.2973,1.6034
2012-11-27,1.2988,1.6028
2012-11-28,1.2939,1.6016
2012-11-29,1.2949,1.6015
2012-11-30,1.2974,1.6038
2012-12-01,,
2012-12-02,,
2012-12-03,1.2997,1.6024
2012-12-04,1.3057,1.6095
2012-12-05,1.3092,1.6096
2012-12-06,1.3071,1.6092
2012-12-07,1.2964,1.6047
2012-12-08,,
2012-12-09,,
2012-12-10,1.2904,1.6031
2012-12-11,1.2938,1.6073
2012-12-12,1.3007,1.6113
2012-12-13,1.3066,1.6135
2012-12-14,1.3076,1.611
2012-12-15,,
2012-12-16,,
2012-12-17,1.318,1.6182
2012-12-18,1.3162,1.62
2012-12-19,,
2012-12-20,1.3203,1.6246
2012-12-21,1.3245,1.6276
2012-12-22,,
2012-12-23,,
2012-12-24,1.3178,1.6152
2012-12-25,,
2012-12-26,1.3181,1.6132
2012-12-27,1.3221,1.6133
2012-12-28,1.3236,1.6103
2012-12-29,,
2012-12-30,,
2012-12-31,1.3222,1.616
2013-01-01,,
2013-01-02,1.3191,1.6242
2013-01-03,1.3184,1.6252
2013-01-04,1.3042,1.6088
2013-01-05,,
2013-01-06,,
2013-01-07,1.3072,1.6069
2013-01-08,1.3124,1.612
2013-01-09,1.308,1.606
2013-01-10,1.3057,1.6018
2013-01-11,1.3267,1.6163
2013-01-12,,
2013-01-13,,
2013-01-14,1.3358,1.6122
2013-01-15,1.3375,1.6074
2013-01-16,1.3298,1.6062
2013-01-17,1.329,1.6
2013-01-18,1.3376,1.5992
2013-01-19,,
2013-01-20,,
2013-01-21,1.3317,1.5853
2013-01-22,1.3316,1.5831
2013-01-23,1.3322,1.584
2013-01-24,1.3309,1.583
2013-01-25,1.3376,1.5788
2013-01-26,,
2013-01-27,,
2013-01-28,1.3461,1.5773
2013-01-29,1.3448,1.5695
2013-01-30,1.3488,1.5756
2013-01-31,1.357,1.5799
2013-02-01,1.3586,1.5858
2013-02-02,,
2013-02-03,,
2013-02-04,1.3648,1.5705
2013-02-05,1.3504,1.5754
2013-02-06,1.3579,1.566
2013-02-07,1.3519,1.5663
2013-02-08,1.3395,1.5713
2013-02-09,,
2013-02-10,,
2013-02-11,,
2013-02-12,1.3409,1.5663
2013-02-13,1.3451,1.5676
2013-02-14,1.3446,1.5537
2013-02-15,1.336,1.5492
2013-02-16,,
2013-02-17,,
2013-02-18,1.335,1.5496
2013-02-19,1.3352,1.5473
2013-02-20,1.3388,1.5427
2013-02-21,1.3286,1.5236
2013-02-22,1.3191,1.5254
2013-02-23,,
2013-02-24,,
2013-02-25,1.3188,1.5107
2013-02-26,1.3067,1.5169
2013-02-27,1.3065,1.5128
2013-02-28,1.3136,1.516
2013-03-01,,
2013-03-02,,
2013-03-03,,
2013-03-04,1.3018,1.503
2013-03-05,1.3022,1.5116
2013-03-06,1.3047,1.5131
2013-03-07,1.2979,1.4991
2013-03-08,1.3102,1.5016
2013-03-09,,
2013-03-10,,
2013-03-11,1.2987,1.4909
2013-03-12,1.3035,1.4908
2013-03-13,1.3027,1.4896
2013-03-14,1.296,1.4926
2013-03-15,1.3012,1.5084
2013-03-16,,
2013-03-17,,
2013-03-18,1.2911,1.5118
2013-03-19,1.2942,1.5094
2013-03-20,1.2861,1.5096
2013-03-21,1.2932,1.5092
2013-03-22,1.2901,1.5179
2013-03-23,,
2013-03-24,,
2013-03-25,1.2973,1.5236
2013-03-26,1.286,1.5175
2013-03-27,1.2862,1.5162
2013-03-28,1.2778,1.5131
2013-03-29,1.2815,1.5197
2013-03-30,,
2013-03-31,,
2013-04-01,1.2807,1.5198
2013-04-02,1.2846,1.5226
2013-04-03,1.2824,1.5107
2013-04-04,1.2843,1.5133
2013-04-05,1.2928,1.5231
2013-04-06,,
2013-04-07,,
2013-04-08,1.2993,1.5346
2013-04-09,1.3017,1.5257
2013-04-10,1.3083,1.532
2013-04-11,1.3062,1.5319
2013-04-12,1.311,1.5389
2013-04-13,,
2013-04-14,,
2013-04-15,1.3102,1.5352
2013-04-16,1.3052,1.5296
2013-04-17,1.3183,1.5368
2013-04-18,1.3035,1.524
2013-04-19,1.3054,1.5285
2013-04-20,,
2013-04-21,,
2013-04-22,1.3062,1.5226
2013-04-23,1.3064,1.5294
2013-04-24,1.3004,1.5238
2013-04-25,1.3014,1.527
2013-04-26,1.3006,1.543
2013-04-27,,
2013-04-28,,
2013-04-29,1.304,1.5482
2013-04-30,1.3097,1.5493
2013-05-01,,
2013-05-02,1.318,1.557
2013-05-03,1.3066,1.5534
2013-05-04,,
2013-05-05,,
2013-05-06,1.3114,1.5564
2013-05-07,1.3074,1.5539
2013-05-08,1.3077,1.548
2013-05-09,1.3157,1.5538
2013-05-10,1.3037,1.5451
2013-05-11,,
2013-05-12,,
2013-05-13,1.2971,1.5354
2013-05-14,1.2979,1.5301
2013-05-15,1.2932,1.5218
2013-05-16,1.2876,1.5225
2013-05-17,,
2013-05-18,,
2013-05-19,,
2013-05-20,1.283,1.5169
2013-05-21,1.2891,1.5264
2013-05-22,1.2914,1.5153
2013-05-23,1.2844,1.504
2013-05-24,1.2929,1.5101
2013-05-25,,
2013-05-26,,
2013-05-27,1.2937,1.5131
2013-05-28,1.2934,1.5111
2013-05-29,1.2848,1.5027
2013-05-30,1.2939,1.5119
2013-05-31,1.3041,1.523
2013-06-01,,
2013-06-02,,
2013-06-03,1.2994,1.5202
2013-06-04,1.3066,1.5314
2013-06-05,1.3082,1.5309
2013-06-06,,
2013-06-07,1.3244,1.5604
2013-06-08,,
2013-06-09,,
2013-06-10,1.3209,1.5536
2013-06-11,1.3254,1.5568
2013-06-12,1.3314,1.5642
2013-06-13,1.334,1.568
2013-06-14,1.3362,1.5709
2013-06-15,,
2013-06-16,,
2013-06-17,1.3347,1.5723
2013-06-18,1.3362,1.5717
2013-06-19,1.3388,1.5633
2013-06-20,1.3284,1.5476
2013-06-21,1.3239,1.5519
2013-06-22,,
2013-06-23,,
2013-06-24,1.3105,1.5385
2013-06-25,1.3129,1.5448
2013-06-26,1.3078,1.541
2013-06-27,1.3014,1.5322
2013-06-28,1.3031,1.5254
2013-06-29,,
2013-06-30,,
2013-07-01,1.3012,1.5207
2013-07-02,1.307,1.5214
2013-07-03,1.2976,1.5149
2013-07-04,1.3009,1.5274
2013-07-05,1.2903,1.5034
2013-07-06,,
2013-07-07,,
2013-07-08,1.2824,1.4874
2013-07-09,1.2866,1.4949
2013-07-10,1.2781,1.4857
2013-07-11,1.314,1.5157
2013-07-12,1.3097,1.5179
2013-07-13,,
2013-07-14,,
2013-07-15,1.306,1.5101
2013-07-16,1.3061,1.5098
2013-07-17,1.3148,1.5135
2013-07-18,1.3118,1.521
2013-07-19,1.311,1.5222
2013-07-20,,
2013-07-21,,
2013-07-22,1.3145,1.5269
2013-07-23,1.3184,1.536
2013-07-24,1.3222,1.5373
2013-07-25,1.3195,1.5317
2013-07-26,1.328,1.5388
2013-07-27,,
2013-07-28,,
2013-07-29,1.3288,1.5394
2013-07-30,1.326,1.5341
2013-07-31,1.3261,1.5237
2013-08-01,1.3298,1.5182
2013-08-02,1.321,1.5117
2013-08-03,,
2013-08-04,,
2013-08-05,1.3276,1.5282
2013-08-06,1.3258,1.5348
2013-08-07,1.3309,1.5353
2013-08-08,1.3336,1.549
2013-08-09,1.3381,1.5537
2013-08-10,,
2013-08-11,,
2013-08-12,1.3338,1.5516
2013-08-13,1.3291,1.5454
2013-08-14,1.3264,1.5447
2013-08-15,,
2013-08-16,1.3347,1.5637
2013-08-17,,
2013-08-18,,
2013-08-19,1.3324,1.562
2013-08-20,1.3336,1.5651
2013-08-21,1.3421,1.5664
2013-08-22,1.335,1.5629
2013-08-23,1.3366,1.5601
2013-08-24,,
2013-08-25,,
2013-08-26,1.3379,1.5574
2013-08-27,1.3375,1.5579
2013-08-28,1.3393,1.5549
2013-08-29,1.3341,1.5531
2013-08-30,1.3238,1.5502
2013-08-31,,
2013-09-01,,
2013-09-02,1.3204,1.5512
2013-09-03,1.3187,1.5543
2013-09-04,1.317,1.5561
2013-09-05,1.32,1.5624
2013-09-06,1.312,1.5588
2013-09-07,,
2013-09-08,,
2013-09-09,1.3173,1.563
2013-09-10,1.3253,1.5697
2013-09-11,1.3265,1.5729
2013-09-12,1.3308,1.5818
2013-09-13,1.3297,1.5802
2013-09-14,,
2013-09-15,,
2013-09-16,1.337,1.5941
2013-09-17,1.3336,1.5899
2013-09-18,,
2013-09-19,,
2013-09-20,,
2013-09-21,,
2013-09-22,,
2013-09-23,1.3532,1.6013
2013-09-24,1.3496,1.6042
2013-09-25,1.3473,1.5997
2013-09-26,1.3521,1.6073
2013-09-27,1.3487,1.6038
2013-09-28,,
2013-09-29,,
2013-09-30,1.3493,1.616
2013-10-01,1.352,1.6186
2013-10-02,1.3522,1.6193
2013-10-03,,
2013-10-04,1.3628,1.6163
2013-10-05,,
2013-10-06,,
2013-10-07,1.3569,1.6038
2013-10-08,1.3577,1.609
2013-10-09,,
2013-10-10,1.3517,1.5953
2013-10-11,1.3527,1.5974
2013-10-12,,
2013-10-13,,
2013-10-14,1.3556,1.5967
2013-10-15,1.3557,1.5969
2013-10-16,1.3528,1.5994
2013-10-17,1.3524,1.5947
2013-10-18,1.3669,1.6156
2013-10-19,,
2013-10-20,,
2013-10-21,1.3685,1.6173
2013-10-22,1.3672,1.6136
2013-10-23,1.378,1.6235
2013-10-24,1.3777,1.6164
2013-10-25,1.3797,1.6198
2013-10-26,,
2013-10-27,,
2013-10-28,1.3809,1.6178
2013-10-29,1.3787,1.6141
2013-10-30,1.3747,1.6052
2013-10-31,1.3723,1.6027
2013-11-01,1.3588,1.6043
2013-11-02,,
2013-11-03,,
2013-11-04,1.3491,1.5922
2013-11-05,1.3512,1.5969
2013-11-06,1.3474,1.6049
2013-11-07,1.3514,1.6081
2013-11-08,1.3417,1.6094
2013-11-09,,
2013-11-10,,
2013-11-11,1.3348,1.6004
2013-11-12,1.3405,1.5984
2013-11-13,1.3433,1.5894
2013-11-14,1.3482,1.6043
2013-11-15,1.3456,1.6063
2013-11-16,,
2013-11-17,,
2013-11-18,1.3486,1.6114
2013-11-19,1.3504,1.611
2013-11-20,1.3539,1.6115
2013-11-21,1.3436,1.61
2013-11-22,1.3477,1.6196
2013-11-23,,
2013-11-24,,
2013-11-25,1.3553,1.6237
2013-11-26,1.3523,1.6162
2013-11-27,1.3569,1.6214
2013-11-28,1.3575,1.6285
2013-11-29,1.3603,1.6341
2013-11-30,,
2013-12-01,,
2013-12-02,1.3584,1.6374
2013-12-03,1.3541,1.6354
2013-12-04,1.359,1.6386
2013-12-05,1.359,1.6378
2013-12-06,1.3672,1.6336
2013-12-07,,
2013-12-08,,
2013-12-09,1.3711,1.6346
2013-12-10,1.3736,1.6424
2013-12-11,1.3762,1.6449
2013-12-12,1.3787,1.638
2013-12-13,1.3748,1.6343
2013-12-14,,
2013-12-15,,
2013-12-16,1.3739,1.6306
2013-12-17,1.3761,1.6298
2013-12-18,1.377,1.6271
2013-12-19,1.367,1.6376
2013-12-20,1.3655,1.6363
2013-12-21,,
2013-12-22,,
2013-12-23,1.3676,1.6325
2013-12-24,1.3695,1.6348
2013-12-25,,
2013-12-26,1.3679,1.6352
2013-12-27,1.3692,1.6412
2013-12-28,,
2013-12-29,,
2013-12-30,1.3751,1.6489
2013-12-31,1.3799,1.6494
2014-01-01,,
2014-01-02,1.3768,1.6582
2014-01-03,1.3666,1.6448
2014-01-04,,
2014-01-05,,
2014-01-06,1.3593,1.6408
2014-01-07,1.3629,1.641
2014-01-08,1.3615,1.64
2014-01-09,1.3578,1.6444
2014-01-10,1.3605,1.6473
2014-01-11,,
2014-01-12,,
2014-01-13,1.3665,1.6487
2014-01-14,1.3669,1.6385
2014-01-15,1.3676,1.644
2014-01-16,1.3605,1.6366
2014-01-17,1.3618,1.6353
2014-01-18,,
2014-01-19,,
2014-01-20,1.3529,1.642
2014-01-21,1.3556,1.643
2014-01-22,1.3558,1.6475
2014-01-23,1.3546,1.6567
2014-01-24,1.3696,1.6639
2014-01-25,,
2014-01-26,,
2014-01-27,1.3684,1.6477
2014-01-28,1.3673,1.6578
2014-01-29,1.3654,1.6565
2014-01-30,,
2014-01-31,,
2014-02-01,,
2014-02-02,,
2014-02-03,1.3491,1.6429
2014-02-04,1.3526,1.6307
2014-02-05,1.3512,1.6325
2014-02-06,1.3531,1.6315
2014-02-07,1.359,1.6321
2014-02-08,,
2014-02-09,,
2014-02-10,1.3624,1.6409
2014-02-11,1.3644,1.6406
2014-02-12,1.3637,1.6448
2014-02-13,1.3594,1.6611
2014-02-14,1.3679,1.6656
2014-02-15,,
2014-02-16,,
2014-02-17,1.3702,1.6757
2014-02-18,1.3707,1.6719
2014-02-19,1.3761,1.6679
2014-02-20,1.3734,1.6679
2014-02-21,1.372,1.6655
2014-02-22,,
2014-02-23,,
2014-02-24,1.374,1.6632
2014-02-25,1.3732,1.6654
2014-02-26,1.3746,1.6676
2014-02-27,1.3682,1.6665
2014-02-28,1.3708,1.669
2014-03-01,,
2014-03-02,,
2014-03-03,1.3776,1.6742
2014-03-04,1.3736,1.6664
2014-03-05,1.3738,1.6666
2014-03-06,1.3733,1.6716
2014-03-07,1.3864,1.6744
2014-03-08,,
2014-03-09,,
2014-03-10,1.3878,1.6724
2014-03-11,1.3878,1.6644
2014-03-12,1.3855,1.6618
2014-03-13,1.3904,1.6625
2014-03-14,1.3868,1.6622
2014-03-15,,
2014-03-16,,
2014-03-17,1.3908,1.6636
2014-03-18,1.3925,1.6636
2014-03-19,1.3932,1.6594
2014-03-20,1.3823,1.6538
2014-03-21,1.378,1.6505
2014-03-22,,
2014-03-23,,
2014-03-24,1.3793,1.6487
2014-03-25,1.3836,1.6496
2014-03-26,1.3827,1.6534
2014-03-27,1.3781,1.6576
2014-03-28,1.3739,1.6607
2014-03-29,,
2014-03-30,,
2014-03-31,1.3748,1.6641
2014-04-01,1.3774,1.6665
2014-04-02,1.3796,1.663
2014-04-03,1.3766,1.6624
2014-04-04,1.3719,1.6595
2014-04-05,,
2014-04-06,,
2014-04-07,1.37,1.6579
2014-04-08,1.3743,1.6609
2014-04-09,1.3793,1.6749
2014-04-10,1.3856,1.68
2014-04-11,1.3885,1.6781
2014-04-12,,
2014-04-13,,
2014-04-14,1.3845,1.6734
2014-04-15,1.3819,1.6728
2014-04-16,1.3815,1.6728
2014-04-17,1.3819,1.68
2014-04-18,1.3813,1.6791
2014-04-19,,
2014-04-20,,
2014-04-21,1.3814,1.6798
2014-04-22,1.3793,1.6792
2014-04-23,1.3808,1.6826
2014-04-24,1.382,1.6778
2014-04-25,1.3835,1.6807
2014-04-26,,
2014-04-27,,
2014-04-28,1.384,1.6802
2014-04-29,1.3852,1.681
2014-04-30,1.3812,1.6822
2014-05-01,,
2014-05-02,1.3869,1.6891
2014-05-03,,
2014-05-04,,
2014-05-05,,
2014-05-06,,
2014-05-07,1.3926,1.6973
2014-05-08,1.3912,1.6956
2014-05-09,1.3841,1.6933
2014-05-10,,
2014-05-11,,
2014-05-12,1.376,1.6858
2014-05-13,1.3757,1.6871
2014-05-14,1.3705,1.6829
2014-05-15,1.3717,1.6767
2014-05-16,1.3715,1.6793
2014-05-17,,
2014-05-18,,
2014-05-19,1.3697,1.6824
2014-05-20,1.3709,1.6814
2014-05-21,1.37,1.6836
2014-05-22,1.3687,1.6898
2014-05-23,1.3655,1.6868
2014-05-24,,
2014-05-25,,
2014-05-26,1.3628,1.6832
2014-05-27,1.3645,1.6842
2014-05-28,1.3637,1.681
2014-05-29,1.3594,1.6715
2014-05-30,1.3602,1.6722
2014-05-31,,
2014-06-01,,
2014-06-02,1.3625,1.6755
2014-06-03,1.3598,1.6746
2014-06-04,,
2014-06-05,1.3602,1.6738
2014-06-06,,
2014-06-07,,
2014-06-08,,
2014-06-09,1.3644,1.6805
2014-06-10,1.3593,1.6802
2014-06-11,1.3546,1.6754
2014-06-12,1.3532,1.6789
2014-06-13,1.355,1.6933
2014-06-14,,
2014-06-15,,
2014-06-16,1.3534,1.6976
2014-06-17,1.3574,1.6981
2014-06-18,1.3547,1.696
2014-06-19,1.3588,1.6989
2014-06-20,1.361,1.7039
2014-06-21,,
2014-06-22,,
2014-06-23,1.3594,1.702
2014-06-24,1.3603,1.703
2014-06-25,1.3605,1.6985
2014-06-26,1.363,1.6986
2014-06-27,1.3613,1.7026
2014-06-28,,
2014-06-29,,
2014-06-30,1.3645,1.7034
2014-07-01,1.3691,1.7108
2014-07-02,1.3681,1.7149
2014-07-03,1.3657,1.7161
2014-07-04,1.361,1.7153
2014-07-05,,
2014-07-06,,
2014-07-07,1.3588,1.7154
2014-07-08,1.3607,1.7133
2014-07-09,1.3613,1.7131
2014-07-10,1.3641,1.7154
2014-07-11,1.3606,1.7129
2014-07-12,,
2014-07-13,,
2014-07-14,1.3605,1.7121
2014-07-15,1.3621,1.7086
2014-07-16,1.3568,1.7141
2014-07-17,1.3526,1.714
2014-07-18,1.3521,1.7092
2014-07-19,,
2014-07-20,,
2014-07-21,1.3531,1.7089
2014-07-22,1.3525,1.707
2014-07-23,1.3467,1.7065
2014-07-24,1.3457,1.7033
2014-07-25,1.3464,1.6988
2014-07-26,,
2014-07-27,,
2014-07-28,1.3433,1.6981
2014-07-29,1.3438,1.6982
2014-07-30,1.341,1.6945
2014-07-31,1.3393,1.6907
2014-08-01,1.3389,1.689
2014-08-02,,
2014-08-03,,
2014-08-04,1.3426,1.6819
2014-08-05,1.3422,1.6862
2014-08-06,1.3371,1.688
2014-08-07,1.3383,1.6855
2014-08-08,1.336,1.6832
2014-08-09,,
2014-08-10,,
2014-08-11,1.3407,1.6779
2014-08-12,1.3385,1.6786
2014-08-13,1.3369,1.6808
2014-08-14,1.3362,1.6688
2014-08-15,,
2014-08-16,,
2014-08-17,,
2014-08-18,1.3389,1.6714
2014-08-19,1.336,1.6723
2014-08-20,1.332,1.6621
2014-08-21,1.3259,1.6596
2014-08-22,1.3281,1.6579
2014-08-23,,
2014-08-24,,
2014-08-25,1.3197,1.6547
2014-08-26,1.3187,1.6568
2014-08-27,1.3168,1.6548
2014-08-28,1.3193,1.6575
2014-08-29,1.3183,1.6588
2014-08-30,,
2014-08-31,,
2014-09-01,1.3134,1.6589
2014-09-02,1.3131,1.6612
2014-09-03,1.3134,1.6469
2014-09-04,1.3151,1.6463
2014-09-05,1.2941,1.6319
2014-09-06,,
2014-09-07,,
2014-09-08,,
2014-09-09,,
2014-09-10,,
2014-09-11,1.2922,1.6208
2014-09-12,1.2922,1.6256
2014-09-13,,
2014-09-14,,
2014-09-15,1.2961,1.6258
2014-09-16,1.2939,1.623
2014-09-17,1.2955,1.6262
2014-09-18,1.2841,1.6259
2014-09-19,1.2918,1.6435
2014-09-20,,
2014-09-21,,
2014-09-22,1.2838,1.6317
2014-09-23,1.285,1.637
2014-09-24,1.2847,1.6391
2014-09-25,1.2775,1.6329
2014-09-26,1.2758,1.6325
2014-09-27,,
2014-09-28,,
2014-09-29,1.2673,1.6234
2014-09-30,1.2691,1.6244
2014-10-01,1.2628,1.6213
2014-10-02,1.2622,1.6189
2014-10-03,,
2014-10-04,,
2014-10-05,,
2014-10-06,1.2511,1.5957
2014-10-07,1.2653,1.608
2014-10-08,1.2672,1.6098
2014-10-09,,
2014-10-10,1.2687,1.6118
2014-10-11,,
2014-10-12,,
2014-10-13,1.2638,1.6088
2014-10-14,1.2735,1.6072
2014-10-15,1.2645,1.5895
2014-10-16,1.2817,1.5993
2014-10-17,1.2808,1.6104
2014-10-18,,
2014-10-19,,
2014-10-20,1.2743,1.6085
2014-10-21,1.2795,1.6159
2014-10-22,1.2711,1.6111
2014-10-23,1.2647,1.6045
2014-10-24,1.265,1.6032
2014-10-25,,
2014-10-26,,
2014-10-27,1.2676,1.6094
2014-10-28,1.2699,1.6118
2014-10-29,1.2737,1.6136
2014-10-30,1.2635,1.6013
2014-10-31,1.2607,1.5994
2014-11-01,,
2014-11-02,,
2014-11-03,1.251,1.5976
2014-11-04,1.249,1.5975
2014-11-05,1.2554,1.6007
2014-11-06,1.2474,1.5965
2014-11-07,1.2381,1.5838
2014-11-08,,
2014-11-09,,
2014-11-10,1.2472,1.5887
2014-11-11,1.2424,1.5847
2014-11-12,1.2474,1.592
2014-11-13,1.2434,1.5769
2014-11-14,1.2475,1.5706
2014-11-15,,
2014-11-16,,
2014-11-17,1.252,1.5667
2014-11-18,1.2449,1.5637
2014-11-19,1.2531,1.5627
2014-11-20,1.2543,1.5675
2014-11-21,1.254,1.5689
2014-11-22,,
2014-11-23,,
2014-11-24,1.2369,1.565
2014-11-25,1.2438,1.5705
2014-11-26,1.2473,1.5707
2014-11-27,1.2505,1.5792
2014-11-28,1.2462,1.5723
2014-11-29,,
2014-11-30,,
2014-12-01,1.2447,1.5633
2014-12-02,1.2473,1.5736
2014-12-03,1.2384,1.5639
2014-12-04,1.2314,1.5686
2014-12-05,1.2382,1.5677
2014-12-06,,
2014-12-07,,
2014-12-08,1.2287,1.5565
2014-12-09,1.2317,1.5655
2014-12-10,1.2379,1.5674
2014-12-11,1.2445,1.5717
2014-12-12,1.2404,1.5731
2014-12-13,,
2014-12-14,,
2014-12-15,1.2474,1.5733
2014-12-16,1.2444,1.5643
2014-12-17,1.2511,1.5749
2014-12-18,1.2334,1.5572
2014-12-19,1.2292,1.5672
2014-12-20,,
2014-12-21,,
2014-12-22,1.2221,1.5624
2014-12-23,1.2227,1.5583
2014-12-24,1.2171,1.5518
2014-12-25,,
2014-12-26,1.2214,1.556
2014-12-27,,
2014-12-28,,
2014-12-29,1.2175,1.5556
2014-12-30,1.2156,1.5518
2014-12-31,1.2159,1.5561
2015-01-01,,
2015-01-02,1.2102,1.5579
2015-01-03,,
2015-01-04,,
2015-01-05,1.1944,1.528
2015-01-06,1.1933,1.5252
2015-01-07,1.1878,1.5144
2015-01-08,1.1833,1.5106
2015-01-09,1.1788,1.5079
2015-01-10,,
2015-01-11,,
2015-01-12,1.1861,1.5183
2015-01-13,1.183,1.5169
2015-01-14,1.1777,1.5165
2015-01-15,1.1789,1.5236
2015-01-16,1.1634,1.519
2015-01-17,,
2015-01-18,,
2015-01-19,1.1564,1.5137
2015-01-20,1.1604,1.5101
2015-01-21,1.1556,1.5148
2015-01-22,1.1609,1.514
2015-01-23,1.1366,1.5014
2015-01-24,,
2015-01-25,,
2015-01-26,1.1144,1.5016
2015-01-27,1.1236,1.5084
2015-01-28,1.1371,1.5184
2015-01-29,1.128,1.5143
2015-01-30,1.1328,1.5076
2015-01-31,,
2015-02-01,,
2015-02-02,1.1308,1.508
2015-02-03,1.1343,1.5033
2015-02-04,1.1468,1.5158
2015-02-05,1.1332,1.5184
2015-02-06,1.1472,1.5332
2015-02-07,,
2015-02-08,,
2015-02-09,1.1312,1.5234
2015-02-10,1.1326,1.5218
2015-02-11,1.132,1.5261
2015-02-12,1.1325,1.5241
2015-02-13,1.1406,1.5387
2015-02-14,,
2015-02-15,,
2015-02-16,1.1396,1.5406
2015-02-17,1.1345,1.5359
2015-02-18,,
2015-02-19,,
2015-02-20,,
2015-02-21,,
2015-02-22,,
2015-02-23,1.1379,1.539
2015-02-24,1.1336,1.5456
2015-02-25,1.1338,1.5449
2015-02-26,1.1365,1.553
2015-02-27,1.1196,1.5412
2015-02-28,,
2015-03-01,,
2015-03-02,1.118,1.5427
2015-03-03,1.1182,1.536
2015-03-04,1.1181,1.5361
2015-03-05,1.1082,1.5267
2015-03-06,1.1032,1.525
2015-03-07,,
2015-03-08,,
2015-03-09,1.0841,1.506
2015-03-10,1.0845,1.5113
2015-03-11,1.0697,1.5071
2015-03-12,1.0549,1.4931
2015-03-13,1.0625,1.4891
2015-03-14,,
2015-03-15,,
2015-03-16,1.0498,1.475
2015-03-17,1.057,1.4825
2015-03-18,1.0593,1.4745
2015-03-19,1.0833,1.4944
2015-03-20,1.0663,1.4759
2015-03-21,,
2015-03-22,,
2015-03-23,1.0836,1.4961
2015-03-24,1.0961,1.4969
2015-03-25,1.0915,1.4846
2015-03-26,1.0967,1.4884
2015-03-27,1.088,1.4852
2015-03-28,,
2015-03-29,,
2015-03-30,1.0887,1.4898
2015-03-31,1.083,1.4808
2015-04-01,1.0739,1.4828
2015-04-02,1.0766,1.4826
2015-04-03,1.0875,1.4832
2015-04-04,,
2015-04-05,,
2015-04-06,1.1008,1.4925
2015-04-07,1.0932,1.4891
2015-04-08,1.0823,1.4818
2015-04-09,1.0784,1.4878
2015-04-10,1.0663,1.4713
2015-04-11,,
2015-04-12,,
2015-04-13,1.0615,1.4641
2015-04-14,1.0575,1.4671
2015-04-15,1.0651,1.4775
2015-04-16,1.0674,1.4823
2015-04-17,1.0769,1.4935
2015-04-18,,
2015-04-19,,
2015-04-20,1.0793,1.4952
2015-04-21,1.0738,1.49
2015-04-22,1.0737,1.4929
2015-04-23,1.0722,1.5037
2015-04-24,1.0818,1.5053
2015-04-25,,
2015-04-26,,
2015-04-27,1.0864,1.5174
2015-04-28,1.0879,1.5228
2015-04-29,1.0973,1.5335
2015-04-30,1.1113,1.5426
2015-05-01,,
2015-05-02,,
2015-05-03,,
2015-05-04,1.1191,1.5159
2015-05-05,,
2015-05-06,1.1179,1.517
2015-05-07,1.1346,1.5243
2015-05-08,1.1243,1.5389
2015-05-09,,
2015-05-10,,
2015-05-11,1.1195,1.5438
2015-05-12,1.1148,1.5579
2015-05-13,1.1216,1.5669
2015-05-14,1.1352,1.5742
2015-05-15,1.1403,1.5774
2015-05-16,,
2015-05-17,,
2015-05-18,1.1443,1.5742
2015-05-19,1.1318,1.5658
2015-05-20,1.1148,1.5512
2015-05-21,1.1094,1.5539
2015-05-22,1.1108,1.5659
2015-05-23,,
2015-05-24,,
2015-05-25,,
2015-05-26,1.0979,1.5474
2015-05-27,1.0883,1.5393
2015-05-28,1.0903,1.5352
2015-05-29,1.0967,1.532
2015-05-30,,
2015-05-31,,
2015-06-01,1.0965,1.5288
2015-06-02,1.0926,1.52
2015-06-03,1.1151,1.5342
2015-06-04,1.1269,1.5328
2015-06-05,1.1185,1.5357
2015-06-06,,
2015-06-07,,
2015-06-08,1.1108,1.5267
2015-06-09,1.128,1.5341
2015-06-10,1.128,1.5382
2015-06-11,1.1318,1.5502
2015-06-12,1.1245,1.5512
2015-06-13,,
2015-06-14,,
2015-06-15,1.1222,1.5559
2015-06-16,1.1279,1.5599
2015-06-17,1.1245,1.5646
2015-06-18,1.1342,1.5833
2015-06-19,1.1371,1.5878
2015-06-20,,
2015-06-21,,
2015-06-22,1.1364,1.5879
2015-06-23,1.1344,1.5829
2015-06-24,1.1173,1.5732
2015-06-25,1.1203,1.5707
2015-06-26,1.1205,1.5749
2015-06-27,,
2015-06-28,,
2015-06-29,1.0999,1.5716
2015-06-30,1.1213,1.5729
2015-07-01,1.1131,1.5691
2015-07-02,1.1045,1.561
2015-07-03,1.1087,1.5608
2015-07-04,,
2015-07-05,,
2015-07-06,1.1034,1.557
2015-07-07,1.1055,1.5605
2015-07-08,1.1005,1.546
2015-07-09,1.1076,1.537
2015-07-10,1.1059,1.5373
2015-07-11,,
2015-07-12,,
2015-07-13,1.1134,1.5507
2015-07-14,1.1006,1.549
2015-07-15,1.1012,1.5635
2015-07-16,1.0955,1.5638
2015-07-17,1.0876,1.5605
2015-07-18,,
2015-07-19,,
2015-07-20,1.0837,1.5606
2015-07-21,1.0832,1.5567
2015-07-22,1.0937,1.5556
2015-07-23,1.0927,1.5615
2015-07-24,1.0986,1.5517
2015-07-25,,
2015-07-26,,
2015-07-27,1.0974,1.5522
2015-07-28,1.1086,1.556
2015-07-29,1.1063,1.561
2015-07-30,1.0987,1.5606
2015-07-31,1.0935,1.5599
2015-08-01,,
2015-08-02,,
2015-08-03,1.0974,1.563
2015-08-04,1.0952,1.5588
2015-08-05,1.0891,1.5567
2015-08-06,1.0903,1.5605
2015-08-07,1.0926,1.5513
2015-08-08,,
2015-08-09,,
2015-08-10,1.0964,1.5495
2015-08-11,1.1016,1.5585
2015-08-12,1.1044,1.5582
2015-08-13,1.1156,1.5613
2015-08-14,,
2015-08-15,,
2015-08-16,,
2015-08-17,1.1096,1.565
2015-08-18,1.1075,1.5582
2015-08-19,1.1029,1.5658
2015-08-20,1.1119,1.5681
2015-08-21,1.1228,1.5687
2015-08-22,,
2015-08-23,,
2015-08-24,1.1392,1.5682
2015-08-25,1.1598,1.5756
2015-08-26,1.1521,1.5694
2015-08-27,1.1336,1.5475
2015-08-28,1.1244,1.5409
2015-08-29,,
2015-08-30,,
2015-08-31,1.1198,1.5412
2015-09-01,1.1218,1.5352
2015-09-02,1.1297,1.5301
2015-09-03,1.1221,1.5307
2015-09-04,1.1119,1.5252
2015-09-05,,
2015-09-06,,
2015-09-07,1.1149,1.5188
2015-09-08,1.1169,1.527
2015-09-09,1.1211,1.5398
2015-09-10,1.1216,1.5362
2015-09-11,1.1287,1.5437
2015-09-12,,
2015-09-13,,
2015-09-14,1.1342,1.5439
2015-09-15,1.1309,1.5422
2015-09-16,1.1272,1.5345
2015-09-17,1.1291,1.5497
2015-09-18,1.1414,1.5574
2015-09-19,,
2015-09-20,,
2015-09-21,1.1293,1.5521
2015-09-22,1.1186,1.5508
2015-09-23,1.1132,1.5352
2015-09-24,1.1179,1.5244
2015-09-25,1.1179,1.5228
2015-09-26,,
2015-09-27,,
2015-09-28,,
2015-09-29,,
2015-09-30,1.1251,1.5156
2015-10-01,1.1171,1.5124
2015-10-02,1.1192,1.5135
2015-10-03,,
2015-10-04,,
2015-10-05,1.1215,1.5185
2015-10-06,1.119,1.5147
2015-10-07,1.1271,1.5229
2015-10-08,1.124,1.5316
2015-10-09,,
2015-10-10,,
2015-10-11,,
2015-10-12,1.1362,1.5322
2015-10-13,1.1357,1.5342
2015-10-14,1.1386,1.5253
2015-10-15,1.1475,1.5474
2015-10-16,1.1374,1.5473
2015-10-17,,
2015-10-18,,
2015-10-19,1.1355,1.544
2015-10-20,1.1328,1.5463
2015-10-21,1.1352,1.5446
2015-10-22,1.1342,1.5418
2015-10-23,1.1098,1.5388
2015-10-24,,
2015-10-25,,
2015-10-26,1.1021,1.5312
2015-10-27,1.1054,1.535
2015-10-28,1.1037,1.5306
2015-10-29,1.0926,1.5271
2015-10-30,1.0984,1.5318
2015-10-31,,
2015-11-01,,
2015-11-02,1.1028,1.5433
2015-11-03,1.1016,1.5418
2015-11-04,1.0963,1.5417
2015-11-05,1.0867,1.5387
2015-11-06,1.0881,1.5209
2015-11-07,,
2015-11-08,,
2015-11-09,1.0721,1.5045
2015-11-10,1.0754,1.5116
2015-11-11,1.0722,1.5121
2015-11-12,1.076,1.5213
2015-11-13,1.0812,1.523
2015-11-14,,
2015-11-15,,
2015-11-16,1.072,1.5225
2015-11-17,1.0688,1.5202
2015-11-18,1.0644,1.5217
2015-11-19,1.0664,1.5232
2015-11-20,1.0732,1.529
2015-11-21,,
2015-11-22,,
2015-11-23,1.0639,1.5187
2015-11-24,1.0632,1.5121
2015-11-25,1.0646,1.5086
2015-11-26,1.0622,1.5124
2015-11-27,1.0606,1.5102
2015-11-28,,
2015-11-29,,
2015-11-30,1.059,1.5039
2015-12-01,1.0567,1.5057
2015-12-02,1.0623,1.5074
2015-12-03,1.0608,1.4946
2015-12-04,1.0932,1.5141
2015-12-05,,
2015-12-06,,
2015-12-07,1.0878,1.5108
2015-12-08,1.0833,1.5047
2015-12-09,1.0895,1.501
2015-12-10,1.1018,1.5179
2015-12-11,1.0945,1.5156
2015-12-12,,
2015-12-13,,
2015-12-14,1.0973,1.5192
2015-12-15,1.1,1.5171
2015-12-16,1.0934,1.5039
2015-12-17,1.0881,1.4981
2015-12-18,1.0831,1.4904
2015-12-19,,
2015-12-20,,
2015-12-21,1.0863,1.4913
2015-12-22,1.0912,1.4886
2015-12-23,1.095,1.4825
2015-12-24,1.0908,1.4874
2015-12-25,,
2015-12-26,,
2015-12-27,,
2015-12-28,1.0962,1.4923
2015-12-29,1.0971,1.4884
2015-12-30,1.0923,1.4818
2015-12-31,1.0926,1.4811
2016-01-01,,
2016-01-02,,
2016-01-03,,
2016-01-04,1.0856,1.4732
2016-01-05,1.0828,1.471
2016-01-06,1.0755,1.4682
2016-01-07,1.0776,1.4629
2016-01-08,1.0922,1.4625
2016-01-09,,
2016-01-10,,
2016-01-11,1.0967,1.4526
2016-01-12,1.086,1.4545
2016-01-13,1.085,1.444
2016-01-14,1.0889,1.4422
2016-01-15,1.0862,1.4418
2016-01-16,,
2016-01-17,,
2016-01-18,1.0918,1.4256
2016-01-19,1.089,1.4251
2016-01-20,1.0912,1.4167
2016-01-21,1.0889,1.4187
2016-01-22,1.0871,1.4228
2016-01-23,,
2016-01-24,,
2016-01-25,1.0795,1.4266
2016-01-26,1.0852,1.4251
2016-01-27,1.087,1.4348
2016-01-28,1.09,1.4242
2016-01-29,1.0941,1.4358
2016-01-30,,
2016-01-31,,
2016-02-01,1.0822,1.4235
2016-02-02,1.0891,1.4422
2016-02-03,1.0926,1.4413
2016-02-04,1.109,1.4591
2016-02-05,1.1204,1.458
2016-02-06,,
2016-02-07,,
2016-02-08,,
2016-02-09,,
2016-02-10,,
2016-02-11,1.1282,1.4531
2016-02-12,1.1317,1.4475
2016-02-13,,
2016-02-14,,
2016-02-15,1.1232,1.4511
2016-02-16,1.1168,1.444
2016-02-17,1.1143,1.4304
2016-02-18,1.1131,1.4287
2016-02-19,1.1107,1.4335
2016-02-20,,
2016-02-21,,
2016-02-22,1.1122,1.4295
2016-02-23,1.1028,1.4152
2016-02-24,1.1019,1.4024
2016-02-25,1.1018,1.3929
2016-02-26,1.1024,1.3955
2016-02-27,,
2016-02-28,,
2016-02-29,1.0914,1.3862
2016-03-01,,
2016-03-02,1.0869,1.3955
2016-03-03,1.087,1.4078
2016-03-04,1.0948,1.417
2016-03-05,,
2016-03-06,,
2016-03-07,1.0997,1.4225
2016-03-08,1.1013,1.426
2016-03-09,1.1005,1.4208
2016-03-10,1.1,1.4216
2016-03-11,1.1178,1.4286
2016-03-12,,
2016-03-13,,
2016-03-14,1.1165,1.438
2016-03-15,1.1101,1.4298
2016-03-16,1.111,1.4154
2016-03-17,1.1219,1.4252
2016-03-18,1.1318,1.4475
2016-03-19,,
2016-03-20,,
2016-03-21,1.127,1.4464
2016-03-22,1.1239,1.4373
2016-03-23,1.1219,1.4217
2016-03-24,1.118,1.4114
2016-03-25,1.1179,1.4153
2016-03-26,,
2016-03-27,,
2016-03-28,1.1159,1.4133
2016-03-29,1.12,1.426
2016-03-30,1.1289,1.4384
2016-03-31,1.1334,1.4377
2016-04-01,1.1377,1.4366
2016-04-02,,
2016-04-03,,
2016-04-04,1.1393,1.4224
2016-04-05,1.1389,1.4263
2016-04-06,1.1383,1.4156
2016-04-07,1.1396,1.4129
2016-04-08,1.1373,1.4059
2016-04-09,,
2016-04-10,,
2016-04-11,1.1407,1.4124
2016-04-12,1.1413,1.4226
2016-04-13,,
2016-04-14,1.1277,1.4197
2016-04-15,1.1265,1.4146
2016-04-16,,
2016-04-17,,
2016-04-18,1.1289,1.4176
2016-04-19,1.1309,1.4277
2016-04-20,1.1359,1.4393
2016-04-21,1.1301,1.4336
2016-04-22,1.1289,1.432
2016-04-23,,
2016-04-24,,
2016-04-25,1.1232,1.4447
2016-04-26,1.1266,1.4482
2016-04-27,1.1297,1.4578
2016-04-28,1.1327,1.4538
2016-04-29,1.135,1.4607
2016-04-30,,
2016-05-01,,
2016-05-02,1.1458,1.4595
2016-05-03,1.1526,1.4666
2016-05-04,1.1503,1.4545
2016-05-05,,
2016-05-06,,
2016-05-07,,
2016-05-08,,
2016-05-09,1.1398,1.4431
2016-05-10,1.1384,1.4413
2016-05-11,1.1371,1.4444
2016-05-12,1.1423,1.4436
2016-05-13,1.1379,1.4448
2016-05-14,,
2016-05-15,,
2016-05-16,1.1316,1.4352
2016-05-17,1.1315,1.4415
2016-05-18,1.1313,1.4456
2016-05-19,1.1223,1.4602
2016-05-20,1.1202,1.4603
2016-05-21,,
2016-05-22,,
2016-05-23,1.1219,1.4498
2016-05-24,1.1215,1.4482
2016-05-25,1.114,1.4617
2016-05-26,1.1154,1.4703
2016-05-27,1.1193,1.4664
2016-05-28,,
2016-05-29,,
2016-05-30,1.111,1.462
2016-05-31,1.1144,1.4631
2016-06-01,1.1131,1.4491
2016-06-02,1.1187,1.4415
2016-06-03,1.1152,1.4411
2016-06-04,,
2016-06-05,,
2016-06-06,,
2016-06-07,1.1356,1.4452
2016-06-08,1.1356,1.4541
2016-06-09,1.1397,1.4511
2016-06-10,1.1313,1.4463
2016-06-11,,
2016-06-12,,
2016-06-13,1.1247,1.4222
2016-06-14,1.1294,1.421
2016-06-15,1.1209,1.4111
2016-06-16,1.1263,1.4196
2016-06-17,1.1236,1.4213
2016-06-18,,
2016-06-19,,
2016-06-20,1.1333,1.4487
2016-06-21,1.1315,1.4669
2016-06-22,1.1256,1.4662
2016-06-23,1.1336,1.4807
2016-06-24,1.1355,1.4832
2016-06-25,,
2016-06-26,,
2016-06-27,1.1062,1.3457
2016-06-28,1.1013,1.3228
2016-06-29,1.1073,1.3356
2016-06-30,1.1123,1.3453
2016-07-01,1.1105,1.3337
2016-07-02,,
2016-07-03,,
2016-07-04,1.1132,1.3282
2016-07-05,1.1148,1.3283
2016-07-06,1.1062,1.2972
2016-07-07,1.1093,1.2897
2016-07-08,1.1059,1.2885
2016-07-09,,
2016-07-10,,
2016-07-11,1.1048,1.2945
2016-07-12,1.106,1.2994
2016-07-13,1.1062,1.3255
2016-07-14,1.1099,1.3115
2016-07-15,1.1112,1.3346
2016-07-16,,
2016-07-17,,
2016-07-18,1.1057,1.3252
2016-07-19,1.1076,1.3271
2016-07-20,1.102,1.3111
2016-07-21,1.1013,1.3228
2016-07-22,1.1029,1.3226
2016-07-23,,
2016-07-24,,
2016-07-25,1.0967,1.314
2016-07-26,1.0991,1.3098
2016-07-27,1.0989,1.3144
2016-07-28,1.1063,1.3224
2016-07-29,1.1075,1.3163
2016-07-30,,
2016-07-31,,
2016-08-01,1.1171,1.3205
2016-08-02,1.1163,1.3185
2016-08-03,1.1221,1.3343
2016-08-04,1.1149,1.3326
2016-08-05,1.113,1.3122
2016-08-06,,
2016-08-07,,
2016-08-08,1.109,1.3076
2016-08-09,1.1083,1.3041
2016-08-10,1.1116,1.3007
2016-08-11,1.1185,1.3022
2016-08-12,1.114,1.2958
2016-08-13,,
2016-08-14,,
2016-08-15,,
2016-08-16,1.1187,1.2891
2016-08-17,1.1277,1.3035
2016-08-18,1.1291,1.3043
2016-08-19,1.1348,1.3163
2016-08-20,,
2016-08-21,,
2016-08-22,1.1316,1.3076
2016-08-23,1.1318,1.3134
2016-08-24,1.1307,1.3199
2016-08-25,1.1265,1.3233
2016-08-26,1.1286,1.3191
2016-08-27,,
2016-08-28,,
2016-08-29,1.1199,1.3134
2016-08-30,1.1186,1.3106
2016-08-31,1.1148,1.3083
2016-09-01,1.1159,1.3142
2016-09-02,1.1193,1.3271
2016-09-03,,
2016-09-04,,
2016-09-05,1.1159,1.3293
2016-09-06,1.1147,1.3299
2016-09-07,1.1246,1.3426
2016-09-08,1.1241,1.3338
2016-09-09,1.1269,1.3305
2016-09-10,,
2016-09-11,,
2016-09-12,1.1235,1.3261
2016-09-13,1.1239,1.3336
2016-09-14,,
2016-09-15,,
2016-09-16,,
2016-09-17,,
2016-09-18,,
2016-09-19,1.1157,1.3017
2016-09-20,1.118,1.3038
2016-09-21,1.1155,1.2988
2016-09-22,1.1188,1.3031
2016-09-23,1.1211,1.3079
2016-09-24,,
2016-09-25,,
2016-09-26,1.1235,1.2976
2016-09-27,1.1251,1.297
2016-09-28,1.1219,1.3019
2016-09-29,1.1222,1.3059
2016-09-30,1.1223,1.2974
2016-10-01,,
2016-10-02,,
2016-10-03,,
2016-10-04,1.1213,1.2851
2016-10-05,1.1203,1.2733
2016-10-06,1.1208,1.275
2016-10-07,1.1145,1.2026
2016-10-08,,
2016-10-09,,
2016-10-10,1.1196,1.2434
2016-10-11,1.1142,1.2363
2016-10-12,1.106,1.2217
2016-10-13,1.1013,1.2193
2016-10-14,1.1056,1.2245
2016-10-15,,
2016-10-16,,
2016-10-17,1.0972,1.2159
2016-10-18,1.1002,1.2189
2016-10-19,1.0976,1.2295
2016-10-20,1.0978,1.2289
2016-10-21,1.0927,1.2254
2016-10-22,,
2016-10-23,,
2016-10-24,1.0879,1.2219
2016-10-25,1.0872,1.2223
2016-10-26,1.0889,1.218
2016-10-27,1.091,1.2237
2016-10-28,1.0896,1.2158
2016-10-29,,
2016-10-30,,
2016-10-31,1.0978,1.219
2016-11-01,1.0972,1.2238
2016-11-02,1.1056,1.2241
2016-11-03,1.1097,1.2302
2016-11-04,1.1105,1.2465
2016-11-05,,
2016-11-06,,
2016-11-07,1.1088,1.2473
2016-11-08,1.1047,1.2397
2016-11-09,1.1006,1.2369
2016-11-10,1.0917,1.2415
2016-11-11,1.0887,1.2545
2016-11-12,,
2016-11-13,,
2016-11-14,1.0839,1.259
2016-11-15,1.0745,1.2502
2016-11-16,1.0726,1.245
2016-11-17,1.0706,1.2442
2016-11-18,1.0626,1.2415
2016-11-19,,
2016-11-20,,
2016-11-21,1.0587,1.2349
2016-11-22,1.0628,1.2485
2016-11-23,1.0628,1.2423
2016-11-24,1.0547,1.2428
2016-11-25,1.056,1.2453
2016-11-26,,
2016-11-27,,
2016-11-28,1.0599,1.2467
2016-11-29,1.0616,1.2417
2016-11-30,1.0649,1.2492
2016-12-01,1.0597,1.2514
2016-12-02,1.0661,1.2595
2016-12-03,,
2016-12-04,,
2016-12-05,1.0538,1.2644
2016-12-06,1.0759,1.2729
2016-12-07,1.072,1.2679
2016-12-08,1.0758,1.2629
2016-12-09,1.0615,1.2584
2016-12-10,,
2016-12-11,,
2016-12-12,1.0546,1.2586
2016-12-13,1.0639,1.2681
2016-12-14,1.0628,1.2661
2016-12-15,1.0514,1.2517
2016-12-16,1.042,1.2425
2016-12-17,,
2016-12-18,,
2016-12-19,1.0453,1.2492
2016-12-20,1.0402,1.239
2016-12-21,1.0395,1.237
2016-12-22,1.0431,1.2354
2016-12-23,1.0434,1.2287
2016-12-24,,
2016-12-25,,
2016-12-26,1.0458,1.2278
2016-12-27,1.0456,1.2275
2016-12-28,1.046,1.2273
2016-12-29,1.0421,1.2224
2016-12-30,1.0489,1.2248
2016-12-31,,
2017-01-01,,
2017-01-02,1.0529,1.2348
2017-01-03,1.0461,1.2283
2017-01-04,1.0419,1.2245
2017-01-05,1.0489,1.2321
2017-01-06,1.0608,1.2422
2017-01-07,,
2017-01-08,,
2017-01-09,1.053,1.2262
2017-01-10,1.0588,1.2174
2017-01-11,1.0554,1.2173
2017-01-12,1.0582,1.2203
2017-01-13,1.0614,1.2162
2017-01-14,,
2017-01-15,,
2017-01-16,1.0634,1.2043
2017-01-17,1.0602,1.2028
2017-01-18,1.0712,1.2403
2017-01-19,1.0636,1.2267
2017-01-20,1.066,1.2338
2017-01-21,,
2017-01-22,,
2017-01-23,1.0709,1.2382
2017-01-24,1.0771,1.2537
2017-01-25,1.0731,1.2529
2017-01-26,1.0749,1.2633
2017-01-27,,
2017-01-28,,
2017-01-29,,
2017-01-30,,
2017-01-31,1.0706,1.2497
2017-02-01,1.0804,1.2585
2017-02-02,1.0767,1.2664
2017-02-03,1.0762,1.2532
2017-02-04,,
2017-02-05,,
2017-02-06,1.0785,1.2482
2017-02-07,1.0748,1.2467
2017-02-08,1.068,1.2507
2017-02-09,1.0695,1.2539
2017-02-10,1.0656,1.2496
2017-02-11,,
2017-02-12,,
2017-02-13,1.0628,1.2488
2017-02-14,1.0594,1.2527
2017-02-15,1.0578,1.2475
2017-02-16,1.0598,1.2463
2017-02-17,1.0673,1.2487
2017-02-18,,
2017-02-19,,
2017-02-20,1.062,1.2419
2017-02-21,1.0614,1.2469
2017-02-22,1.0536,1.2485
2017-02-23,1.0555,1.2457
2017-02-24,1.0583,1.2559
2017-02-25,,
2017-02-26,,
2017-02-27,1.056,1.2438
2017-02-28,1.0587,1.2439
2017-03-01,,
2017-03-02,1.0543,1.2289
2017-03-03,1.0507,1.227
2017-03-04,,
2017-03-05,,
2017-03-06,1.0619,1.2297
2017-03-07,1.058,1.2243
2017-03-08,1.0566,1.2203
2017-03-09,1.0544,1.2174
2017-03-10,1.0573,1.2153
2017-03-11,,
2017-03-12,,
2017-03-13,1.0682,1.2166
2017-03-14,1.065,1.221
2017-03-15,1.061,1.2155
2017-03-16,1.0736,1.2289
2017-03-17,1.0773,1.2352
2017-03-18,,
2017-03-19,,
2017-03-20,1.0743,1.2388
2017-03-21,1.0734,1.236
2017-03-22,1.0813,1.2481
2017-03-23,1.0793,1.2473
2017-03-24,1.0782,1.2517
2017-03-25,,
2017-03-26,,
2017-03-27,1.0847,1.2513
2017-03-28,1.0863,1.2558
2017-03-29,1.081,1.245
2017-03-30,1.0762,1.2441
2017-03-31,1.0686,1.2476
2017-04-01,,
2017-04-02,,
2017-04-03,1.0672,1.2549
2017-04-04,1.0669,1.2487
2017-04-05,1.0679,1.2438
2017-04-06,1.0673,1.2487
2017-04-07,1.0646,1.2471
2017-04-08,,
2017-04-09,,
2017-04-10,1.0578,1.237
2017-04-11,1.0597,1.2423
2017-04-12,1.0607,1.2489
2017-04-13,1.0666,1.254
2017-04-14,1.0615,1.2503
2017-04-15,,
2017-04-16,,
2017-04-17,1.0606,1.253
2017-04-18,1.064,1.2557
2017-04-19,1.0733,1.2845
2017-04-20,1.0714,1.2785
2017-04-21,1.0716,1.2808
2017-04-22,,
2017-04-23,,
2017-04-24,1.0875,1.2819
2017-04-25,1.0867,1.279
2017-04-26,1.0925,1.2833
2017-04-27,1.0909,1.2852
2017-04-28,1.0868,1.2895
2017-04-29,,
2017-04-30,,
2017-05-01,,
2017-05-02,1.0911,1.2897
2017-05-03,,
2017-05-04,1.0889,1.287
2017-05-05,,
2017-05-06,,
2017-05-07,,
2017-05-08,1.0992,1.2966
2017-05-09,,
2017-05-10,1.0883,1.2948
2017-05-11,1.0868,1.2931
2017-05-12,1.0865,1.2889
2017-05-13,,
2017-05-14,,
2017-05-15,1.0927,1.2887
2017-05-16,1.098,1.29
2017-05-17,1.1094,1.2914
2017-05-18,1.1163,1.2969
2017-05-19,1.1111,1.2945
2017-05-20,,
2017-05-21,,
2017-05-22,1.121,1.3025
2017-05-23,1.124,1.3001
2017-05-24,1.1187,1.296
2017-05-25,1.1224,1.2973
2017-05-26,1.1209,1.2931
2017-05-27,,
2017-05-28,,
2017-05-29,1.1185,1.2816
2017-05-30,1.1139,1.282
2017-05-31,1.1172,1.2805
2017-06-01,1.1243,1.2873
2017-06-02,1.1216,1.2884
2017-06-03,,
2017-06-04,,
2017-06-05,1.128,1.2871
2017-06-06,,
2017-06-07,1.1278,1.2907
2017-06-08,1.1261,1.2962
2017-06-09,1.1198,1.2781
2017-06-10,,
2017-06-11,,
2017-06-12,1.1203,1.2739
2017-06-13,1.1202,1.2666
2017-06-14,1.1209,1.2753
2017-06-15,1.1214,1.2759
2017-06-16,1.1149,1.2754
2017-06-17,,
2017-06-18,,
2017-06-19,1.1203,1.2774
2017-06-20,1.1149,1.2733
2017-06-21,1.1136,1.2631
2017-06-22,1.1168,1.2674
2017-06-23,1.1148,1.2679
2017-06-24,,
2017-06-25,,
2017-06-26,1.1198,1.2743
2017-06-27,1.118,1.272
2017-06-28,1.1342,1.2821
2017-06-29,1.1378,1.2938
2017-06-30,1.1443,1.3011
2017-07-01,,
2017-07-02,,
2017-07-03,1.1424,1.3013
2017-07-04,1.137,1.2942
2017-07-05,1.1353,1.2928
2017-07-06,1.1351,1.2936
2017-07-07,1.1422,1.2968
2017-07-08,,
2017-07-09,,
2017-07-10,1.1402,1.2889
2017-07-11,1.1397,1.2881
2017-07-12,1.147,1.2855
2017-07-13,1.1415,1.2889
2017-07-14,1.1397,1.2943
2017-07-15,,
2017-07-16,,
2017-07-17,1.1472,1.311
2017-07-18,1.1478,1.3054
2017-07-19,1.155,1.3035
2017-07-20,1.153,1.3025
2017-07-21,1.1629,1.2963
2017-07-22,,
2017-07-23,,
2017-07-24,1.1675,1.3001
2017-07-25,1.164,1.3025
2017-07-26,1.1647,1.3028
2017-07-27,1.1729,1.3113
2017-07-28,1.1683,1.3072
2017-07-29,,
2017-07-30,,
2017-07-31,1.1757,1.3147
2017-08-01,1.1826,1.3197
2017-08-02,1.1809,1.321
2017-08-03,1.1854,1.3224
2017-08-04,1.1879,1.3143
2017-08-05,,
2017-08-06,,
2017-08-07,1.1789,1.3049
2017-08-08,1.1795,1.3034
2017-08-09,1.1762,1.2994
2017-08-10,1.176,1.3011
2017-08-11,1.1765,1.2976
2017-08-12,,
2017-08-13,,
2017-08-14,1.1822,1.3007
2017-08-15,,
2017-08-16,1.174,1.2866
2017-08-17,1.1775,1.2895
2017-08-18,1.1729,1.2874
2017-08-19,,
2017-08-20,,
2017-08-21,1.1752,1.287
2017-08-22,1.181,1.2896
2017-08-23,1.1766,1.2824
2017-08-24,1.1816,1.2805
2017-08-25,1.1801,1.28
2017-08-26,,
2017-08-27,,
2017-08-28,1.1952,1.2904
2017-08-29,1.1962,1.2925
2017-08-30,1.1974,1.2927
2017-08-31,1.1896,1.2921
2017-09-01,1.1913,1.2939
2017-09-02,,
2017-09-03,,
2017-09-04,1.1884,1.2963
2017-09-05,1.1897,1.2927
2017-09-06,1.1921,1.3043
2017-09-07,1.1926,1.3048
2017-09-08,1.2025,1.3097
2017-09-09,,
2017-09-10,,
2017-09-11,1.2018,1.3194
2017-09-12,1.1964,1.3178
2017-09-13,1.1969,1.3288
2017-09-14,1.1893,1.3215
2017-09-15,1.1919,1.3402
2017-09-16,,
2017-09-17,,
2017-09-18,1.1945,1.3583
2017-09-19,1.1958,1.3515
2017-09-20,1.1996,1.3515
2017-09-21,1.1887,1.3503
2017-09-22,1.1941,1.3572
2017-09-23,,
2017-09-24,,
2017-09-25,1.1922,1.3503
2017-09-26,1.1853,1.3483
2017-09-27,1.1789,1.3453
2017-09-28,1.1745,1.3399
2017-09-29,1.1781,1.3435
2017-09-30,,
2017-10-01,,
2017-10-02,,
2017-10-03,,
2017-10-04,,
2017-10-05,,
2017-10-06,,
2017-10-07,,
2017-10-08,,
2017-10-09,,
2017-10-10,1.1742,1.3139
2017-10-11,1.1813,1.3203
2017-10-12,1.1862,1.3226
2017-10-13,1.1828,1.3261
2017-10-14,,
2017-10-15,,
2017-10-16,1.1808,1.3275
2017-10-17,1.1789,1.3248
2017-10-18,1.1771,1.3193
2017-10-19,1.1797,1.3209
2017-10-20,1.1848,1.3154
2017-10-21,,
2017-10-22,,
2017-10-23,1.1764,1.3183
2017-10-24,1.175,1.3204
2017-10-25,1.1766,1.3134
2017-10-26,1.1818,1.327
2017-10-27,1.1636,1.3128
2017-10-28,,
2017-10-29,,
2017-10-30,1.1606,1.3135
2017-10-31,1.1645,1.3205
2017-11-01,1.1648,1.3287
2017-11-02,1.1622,1.325
2017-11-03,1.1656,1.3053
2017-11-04,,
2017-11-05,,
2017-11-06,1.1612,1.3079
2017-11-07,1.161,1.3173
2017-11-08,1.1596,1.3173
2017-11-09,1.1595,1.3113
2017-11-10,1.1643,1.3144
2017-11-11,,
2017-11-12,,
2017-11-13,1.1659,1.3168
2017-11-14,1.1665,1.3115
2017-11-15,1.1797,1.3161
2017-11-16,1.1778,1.317
2017-11-17,1.1771,1.3194
2017-11-18,,
2017-11-19,,
2017-11-20,1.1752,1.3209
2017-11-21,1.1735,1.3239
2017-11-22,1.1738,1.3245
2017-11-23,1.1821,1.3326
2017-11-24,1.1849,1.3303
2017-11-25,,
2017-11-26,,
2017-11-27,1.193,1.3332
2017-11-28,1.1902,1.3323
2017-11-29,1.1848,1.3352
2017-11-30,1.1851,1.3413
2017-12-01,1.1898,1.3523
2017-12-02,,
2017-12-03,,
2017-12-04,1.1873,1.3486
2017-12-05,1.1869,1.3475
2017-12-06,1.1828,1.3408
2017-12-07,1.1804,1.3384
2017-12-08,1.1776,1.348
2017-12-09,,
2017-12-10,,
2017-12-11,1.1771,1.3391
2017-12-12,1.1775,1.3343
2017-12-13,1.1737,1.3319
2017-12-14,1.1826,1.3413
2017-12-15,1.1769,1.3425
2017-12-16,,
2017-12-17,,
2017-12-18,1.1746,1.3316
2017-12-19,1.1783,1.3383
2017-12-20,1.1843,1.3388
2017-12-21,1.1874,1.3372
2017-12-22,1.1868,1.3384
2017-12-23,,
2017-12-24,,
2017-12-25,,
2017-12-26,1.187,1.3371
2017-12-27,1.1856,1.3373
2017-12-28,1.1899,1.3406
2017-12-29,1.194,1.3436
2017-12-30,,
2017-12-31,,
2018-01-01,,
2018-01-02,1.2012,1.3509
2018-01-03,1.2062,1.3595
2018-01-04,1.2013,1.3515
2018-01-05,1.2071,1.3555
2018-01-06,,
2018-01-07,,
2018-01-08,1.2036,1.3573
2018-01-09,1.1968,1.357
2018-01-10,1.1936,1.3538
2018-01-11,1.1953,1.3509
2018-01-12,1.2033,1.3537
2018-01-13,,
2018-01-14,,
2018-01-15,1.2201,1.3738
2018-01-16,1.2266,1.3795
2018-01-17,1.2259,1.3791
2018-01-18,1.2175,1.3816
2018-01-19,1.2243,1.3898
2018-01-20,,
2018-01-21,,
2018-01-22,1.2257,1.3887
2018-01-23,1.226,1.3985
2018-01-24,1.2297,1.4001
2018-01-25,1.24,1.4236
2018-01-26,1.2385,1.4129
2018-01-27,,
2018-01-28,,
2018-01-29,1.2421,1.4149
2018-01-30,1.2384,1.4075
2018-01-31,1.2404,1.415
2018-02-01,1.2417,1.4199
2018-02-02,1.2507,1.4262
2018-02-03,,
2018-02-04,,
2018-02-05,1.2429,1.4085
2018-02-06,1.2376,1.3965
2018-02-07,1.2381,1.3956
2018-02-08,1.2257,1.3874
2018-02-09,1.2249,1.3921
2018-02-10,,
2018-02-11,,
2018-02-12,1.2249,1.382
2018-02-13,1.2297,1.3842
2018-02-14,1.235,1.3886
2018-02-15,,
2018-02-16,,
2018-02-17,,
2018-02-18,,
2018-02-19,1.242,1.4036
2018-02-20,1.2407,1.4
2018-02-21,1.2336,1.3995
2018-02-22,1.2278,1.3912
2018-02-23,1.2336,1.396
2018-02-24,,
2018-02-25,,
2018-02-26,1.2295,1.3971
2018-02-27,1.2312,1.3964
2018-02-28,1.2236,1.3909
2018-03-01,,
2018-03-02,1.2269,1.3771
2018-03-03,,
2018-03-04,,
2018-03-05,1.2337,1.3799
2018-03-06,1.2338,1.3851
2018-03-07,1.2421,1.3905
2018-03-08,1.2411,1.3904
2018-03-09,1.2315,1.3814
2018-03-10,,
2018-03-11,,
2018-03-12,1.2314,1.3856
2018-03-13,1.2333,1.3903
2018-03-14,1.2394,1.3971
2018-03-15,1.237,1.3967
2018-03-16,1.2306,1.3936
2018-03-17,,
2018-03-18,,
2018-03-19,1.2285,1.3944
2018-03-20,1.2337,1.4026
2018-03-21,1.2246,1.4003
2018-03-22,1.2347,1.4142
2018-03-23,1.2322,1.4108
2018-03-24,,
2018-03-25,,
2018-03-26,1.2366,1.4153
2018-03-27,1.2452,1.4234
2018-03-28,1.2408,1.4168
2018-03-29,1.2311,1.4082
2018-03-30,1.2302,1.4035
2018-03-31,,
2018-04-01,,
2018-04-02,1.2318,1.4033
2018-04-03,1.2303,1.4055
2018-04-04,1.2272,1.4064
2018-04-05,1.2286,1.4088
2018-04-06,1.2246,1.4005
2018-04-07,,
2018-04-08,,
2018-04-09,1.2275,1.4091
2018-04-10,1.2324,1.4132
2018-04-11,1.2359,1.4178
2018-04-12,1.237,1.4183
2018-04-13,1.2328,1.4233
2018-04-14,,
2018-04-15,,
2018-04-16,1.2329,1.4239
2018-04-17,1.2381,1.4339
2018-04-18,1.2372,1.4292
2018-04-19,1.2384,1.4208
2018-04-20,1.2347,1.4084
2018-04-21,,
2018-04-22,,
2018-04-23,1.2282,1.4007
2018-04-24,1.2209,1.3938
2018-04-25,1.2236,1.3981
2018-04-26,1.217,1.3936
2018-04-27,1.2105,1.3916
2018-04-28,,
2018-04-29,,
2018-04-30,1.2121,1.3773
2018-05-01,,
2018-05-02,1.199,1.3609
2018-05-03,1.1952,1.3579
2018-05-04,1.1987,1.3571
2018-05-05,,
2018-05-06,,
2018-05-07,,
2018-05-08,1.1925,1.3561
2018-05-09,1.1864,1.355
2018-05-10,1.1856,1.3552
2018-05-11,1.1919,1.352
2018-05-12,,
2018-05-13,,
2018-05-14,1.1947,1.3548
2018-05-15,1.1932,1.3562
2018-05-16,1.1826,1.3502
2018-05-17,1.1819,1.3549
2018-05-18,1.1797,1.3516
2018-05-19,,
2018-05-20,,
2018-05-21,1.1768,1.3477
2018-05-22,,
2018-05-23,1.1783,1.3437
2018-05-24,1.1707,1.3357
2018-05-25,1.1719,1.3383
2018-05-26,,
2018-05-27,,
2018-05-28,1.169,1.3309
2018-05-29,1.1629,1.3312
2018-05-30,1.1544,1.326
2018-05-31,1.1665,1.3285
2018-06-01,1.1699,1.3294
2018-06-02,,
2018-06-03,,
2018-06-04,1.1665,1.3354
2018-06-05,1.1695,1.3315
2018-06-06,,
2018-06-07,1.1781,1.3418
2018-06-08,1.1797,1.3422
2018-06-09,,
2018-06-10,,
2018-06-11,1.1775,1.3411
2018-06-12,1.1778,1.338
2018-06-13,,
2018-06-14,1.1798,1.3382
2018-06-15,1.1581,1.327
2018-06-16,,
2018-06-17,,
2018-06-18,1.1597,1.3274
2018-06-19,1.1623,1.3249
2018-06-20,1.159,1.3173
2018-06-21,1.1577,1.3176
2018-06-22,1.1608,1.3248
2018-06-23,,
2018-06-24,,
2018-06-25,1.1669,1.327
2018-06-26,1.1705,1.3282
2018-06-27,1.1652,1.3225
2018-06-28,1.156,1.3119
2018-06-29,1.1563,1.3077
2018-06-30,,
2018-07-01,,
2018-07-02,1.168,1.3208
2018-07-03,1.1642,1.3141
2018-07-04,1.1659,1.3191
2018-07-05,1.1657,1.323
2018-07-06,1.1691,1.3222
2018-07-07,,
2018-07-08,,
2018-07-09,1.1747,1.3293
2018-07-10,1.175,1.325
2018-07-11,1.1736,1.3264
2018-07-12,1.1672,1.3207
2018-07-13,1.166,1.3174
2018-07-14,,
2018-07-15,,
2018-07-16,1.168,1.3229
2018-07-17,1.1709,1.3236
2018-07-18,1.1654,1.3106
2018-07-19,1.1643,1.3076
2018-07-20,1.1645,1.3016
2018-07-21,,
2018-07-22,,
2018-07-23,1.1742,1.3144
2018-07-24,1.169,1.3103
2018-07-25,1.1685,1.3149
2018-07-26,1.1732,1.3195
2018-07-27,1.1639,1.3105
2018-07-28,,
2018-07-29,,
2018-07-30,1.166,1.311
2018-07-31,1.1708,1.3136
2018-08-01,1.1689,1.3118
2018-08-02,1.1664,1.3127
2018-08-03,1.159,1.3018
2018-08-04,,
2018-08-05,,
2018-08-06,1.1566,1.3005
2018-08-07,1.1559,1.2946
2018-08-08,1.1599,1.2941
2018-08-09,1.1612,1.2884
2018-08-10,1.1518,1.2822
2018-08-11,,
2018-08-12,,
2018-08-13,1.1403,1.2771
2018-08-14,1.1406,1.2765
2018-08-15,,
2018-08-16,1.1344,1.2696
2018-08-17,1.1373,1.2712
2018-08-18,,
2018-08-19,,
2018-08-20,1.1437,1.2747
2018-08-21,1.1492,1.2797
2018-08-22,1.1575,1.2904
2018-08-23,1.1597,1.2916
2018-08-24,1.1541,1.2812
2018-08-25,,
2018-08-26,,
2018-08-27,1.1632,1.2853
2018-08-28,1.1681,1.2892
2018-08-29,1.1695,1.2872
2018-08-30,1.1707,1.3025
2018-08-31,1.1663,1.3009
2018-09-01,,
2018-09-02,,
2018-09-03,1.1597,1.2928
2018-09-04,1.1617,1.2871
2018-09-05,1.1584,1.2857
2018-09-06,1.1633,1.2912
2018-09-07,1.1625,1.2929
2018-09-08,,
2018-09-09,,
2018-09-10,1.1556,1.2926
2018-09-11,1.159,1.3029
2018-09-12,1.1603,1.3022
2018-09-13,1.163,1.3047
2018-09-14,1.1691,1.3109
2018-09-15,,
2018-09-16,,
2018-09-17,1.1625,1.3076
2018-09-18,1.1673,1.3153
2018-09-19,1.1677,1.3166
2018-09-20,1.1673,1.3142
2018-09-21,1.178,1.3274
2018-09-22,,
2018-09-23,,
2018-09-24,,
2018-09-25,,
2018-09-26,,
2018-09-27,1.175,1.3171
2018-09-28,1.1635,1.3074
2018-09-29,,
2018-09-30,,
2018-10-01,1.1605,1.3036
2018-10-02,1.1577,1.3044
2018-10-03,,
2018-10-04,1.1484,1.2947
2018-10-05,1.1518,1.3023
2018-10-06,,
2018-10-07,,
2018-10-08,1.1525,1.3126
2018-10-09,,
2018-10-10,1.1496,1.3144
2018-10-11,1.1534,1.3205
2018-10-12,1.1592,1.3233
2018-10-13,,
2018-10-14,,
2018-10-15,1.1552,1.3105
2018-10-16,1.1584,1.3156
2018-10-17,1.1576,1.3186
2018-10-18,1.1502,1.31
2018-10-19,1.1457,1.3019
2018-10-20,,
2018-10-21,,
2018-10-22,1.1513,1.3066
2018-10-23,1.1466,1.2968
2018-10-24,1.1472,1.2984
2018-10-25,1.1399,1.2886
2018-10-26,1.1375,1.2822
2018-10-27,,
2018-10-28,,
2018-10-29,1.1403,1.2835
2018-10-30,1.1375,1.2803
2018-10-31,1.1345,1.2707
2018-11-01,1.1319,1.2773
2018-11-02,1.1407,1.3
2018-11-03,,
2018-11-04,,
2018-11-05,1.1398,1.3009
2018-11-06,1.1408,1.3064
2018-11-07,1.1422,1.3104
2018-11-08,1.1431,1.3131
2018-11-09,1.1365,1.3066
2018-11-10,,
2018-11-11,,
2018-11-12,1.1324,1.2932
2018-11-13,1.1225,1.2853
2018-11-14,1.1311,1.3028
2018-11-15,1.1316,1.2996
2018-11-16,1.1323,1.2765
2018-11-17,,
2018-11-18,,
2018-11-19,1.1416,1.2835
2018-11-20,1.1454,1.286
2018-11-21,1.1372,1.2797
2018-11-22,1.1384,1.2775
2018-11-23,1.1403,1.2876
2018-11-24,,
2018-11-25,,
2018-11-26,1.1336,1.282
2018-11-27,1.133,1.2809
2018-11-28,1.13,1.2744
2018-11-29,1.1369,1.2829
2018-11-30,1.139,1.2783
2018-12-01,,
2018-12-02,,
2018-12-03,1.1331,1.2739
2018-12-04,1.1356,1.2728
2018-12-05,1.1343,1.2716
2018-12-06,1.1349,1.2737
2018-12-07,1.1378,1.2783
2018-12-08,,
2018-12-09,,
2018-12-10,1.1402,1.2716
2018-12-11,1.1355,1.2563
2018-12-12,1.1322,1.2491
2018-12-13,1.1374,1.2639
2018-12-14,1.1359,1.2654
2018-12-15,,
2018-12-16,,
2018-12-17,1.1307,1.2586
2018-12-18,1.1349,1.2616
2018-12-19,1.1374,1.2653
2018-12-20,1.1387,1.2622
2018-12-21,1.1455,1.2669
2018-12-22,,
2018-12-23,,
2018-12-24,1.137,1.2641
2018-12-25,,
2018-12-26,1.1414,1.2687
2018-12-27,1.1357,1.2642
2018-12-28,1.1432,1.2645
2018-12-29,,
2018-12-30,,
2018-12-31,1.1441,1.2703
2019-01-01,,
2019-01-02,1.1466,1.2749
2019-01-03,1.1354,1.2537
2019-01-04,1.1394,1.2638
2019-01-05,,
2019-01-06,,
2019-01-07,1.141,1.2732
2019-01-08,1.1479,1.2784
2019-01-09,1.1449,1.2727
2019-01-10,1.1549,1.2798
2019-01-11,1.1502,1.2748
2019-01-12,,
2019-01-13,,
2019-01-14,1.1468,1.2861
2019-01-15,1.1472,1.2869
2019-01-16,1.1409,1.2862
2019-01-17,1.1397,1.2881
2019-01-18,1.1389,1.2987
2019-01-19,,
2019-01-20,,
2019-01-21,1.1367,1.2869
2019-01-22,1.1369,1.2896
2019-01-23,1.1364,1.2961
2019-01-24,1.1385,1.3079
2019-01-25,1.1303,1.3066
2019-01-26,,
2019-01-27,,
2019-01-28,1.1412,1.321
2019-01-29,1.143,1.3153
2019-01-30,1.1435,1.3081
2019-01-31,1.1485,1.3118
2019-02-01,1.1448,1.3108
2019-02-02,,
2019-02-03,,
2019-02-04,,
2019-02-05,,
2019-02-06,,
2019-02-07,1.1368,1.2934
2019-02-08,1.1341,1.2949
2019-02-09,,
2019-02-10,,
2019-02-11,1.132,1.2934
2019-02-12,1.1276,1.2857
2019-02-13,1.1334,1.2896
2019-02-14,1.126,1.2851
2019-02-15,1.1298,1.2797
2019-02-16,,
2019-02-17,,
2019-02-18,1.1291,1.2901
2019-02-19,1.131,1.2926
2019-02-20,1.1338,1.3062
2019-02-21,1.1345,1.3047
2019-02-22,1.1335,1.3035
2019-02-23,,
2019-02-24,,
2019-02-25,1.1337,1.3064
2019-02-26,1.1361,1.3119
2019-02-27,1.1392,1.3258
2019-02-28,1.1375,1.3317
2019-03-01,,
2019-03-02,,
2019-03-03,,
2019-03-04,1.1378,1.3231
2019-03-05,1.1338,1.3179
2019-03-06,1.1304,1.3158
2019-03-07,1.131,1.3171
2019-03-08,1.1195,1.3083
2019-03-09,,
2019-03-10,,
2019-03-11,1.1237,1.2988
2019-03-12,1.1267,1.325
2019-03-13,1.129,1.3077
2019-03-14,1.1339,1.3309
2019-03-15,1.1306,1.325
2019-03-16,,
2019-03-17,,
2019-03-18,1.1323,1.3293
2019-03-19,1.1337,1.3249
2019-03-20,1.1355,1.327
2019-03-21,1.1426,1.3199
2019-03-22,1.1375,1.312
2019-03-23,,
2019-03-24,,
2019-03-25,1.1296,1.3213
2019-03-26,1.1315,1.3211
2019-03-27,1.1274,1.3212
2019-03-28,1.125,1.316
2019-03-29,1.1228,1.3056
2019-03-30,,
2019-03-31,,
2019-04-01,1.1223,1.3022
2019-04-02,1.1206,1.3076
2019-04-03,1.1205,1.3129
2019-04-04,1.1245,1.3177
2019-04-05,1.1223,1.3073
2019-04-06,,
2019-04-07,,
2019-04-08,1.1219,1.3038
2019-04-09,1.1258,1.3063
2019-04-10,1.1266,1.3056
2019-04-11,1.1277,1.309
2019-04-12,1.126,1.3057
2019-04-13,,
2019-04-14,,
2019-04-15,1.1304,1.308
2019-04-16,1.1304,1.31
2019-04-17,1.1282,1.3043
2019-04-18,1.1299,1.3039
2019-04-19,1.1238,1.2991
2019-04-20,,
2019-04-21,,
2019-04-22,1.1243,1.2996
2019-04-23,1.1261,1.2982
2019-04-24,1.1223,1.2937
2019-04-25,1.1156,1.2905
2019-04-26,1.1137,1.29
2019-04-27,,
2019-04-28,,
2019-04-29,1.1151,1.2922
2019-04-30,1.1184,1.2932
2019-05-01,,
2019-05-02,1.1203,1.3056
2019-05-03,1.1175,1.3034
2019-05-04,,
2019-05-05,,
2019-05-06,,
2019-05-07,1.1202,1.3097
2019-05-08,1.1193,1.307
2019-05-09,1.1198,1.3013
2019-05-10,1.1219,1.3009
2019-05-11,,
2019-05-12,,
2019-05-13,1.1236,1.3007
2019-05-14,1.1232,1.2954
2019-05-15,1.1208,1.291
2019-05-16,1.1207,1.2846
2019-05-17,1.1174,1.2797
2019-05-18,,
2019-05-19,,
2019-05-20,1.1162,1.2727
2019-05-21,1.1168,1.2727
2019-05-22,1.1164,1.2704
2019-05-23,1.1157,1.2665
2019-05-24,1.1183,1.2663
2019-05-25,,
2019-05-26,,
2019-05-27,1.121,1.2726
2019-05-28,1.1193,1.2682
2019-05-29,1.1165,1.2659
2019-05-30,1.1137,1.2629
2019-05-31,1.1133,1.2612
2019-06-01,,
2019-06-02,,
2019-06-03,1.1173,1.2636
2019-06-04,1.1247,1.2667
2019-06-05,1.1255,1.2701
2019-06-06,,
2019-06-07,1.1279,1.2696
2019-06-08,,
2019-06-09,,
2019-06-10,1.1318,1.2722
2019-06-11,1.1315,1.2689
2019-06-12,1.1328,1.2723
2019-06-13,1.1293,1.2693
2019-06-14,1.1279,1.268
2019-06-15,,
2019-06-16,,
2019-06-17,1.1216,1.2594
2019-06-18,1.1222,1.2538
2019-06-19,1.1196,1.256
2019-06-20,1.1238,1.2652
2019-06-21,1.1292,1.2704
2019-06-22,,
2019-06-23,,
2019-06-24,1.1372,1.2742
2019-06-25,1.14,1.2739
2019-06-26,1.1369,1.269
2019-06-27,1.1374,1.2695
2019-06-28,1.1369,1.2672
2019-06-29,,
2019-06-30,,
2019-07-01,1.1369,1.27
2019-07-02,1.1288,1.2647
2019-07-03,1.129,1.2597
2019-07-04,1.1288,1.2581
2019-07-05,1.1287,1.2582
2019-07-06,,
2019-07-07,,
2019-07-08,1.1229,1.2526
2019-07-09,1.1216,1.2519
2019-07-10,1.1206,1.2461
2019-07-11,1.1258,1.251
2019-07-12,1.1257,1.2528
2019-07-13,,
2019-07-14,,
2019-07-15,1.1271,1.2572
2019-07-16,1.1262,1.2519
2019-07-17,1.1211,1.241
2019-07-18,1.1228,1.2434
2019-07-19,1.1256,1.2537
2019-07-20,,
2019-07-21,,
2019-07-22,1.1218,1.2507
2019-07-23,1.1209,1.2475
2019-07-24,1.1151,1.2437
2019-07-25,1.1141,1.2482
2019-07-26,1.1146,1.2453
2019-07-27,,
2019-07-28,,
2019-07-29,1.1133,1.2381
2019-07-30,1.1145,1.2223
2019-07-31,1.1158,1.2161
2019-08-01,1.1077,1.2153
2019-08-02,1.108,1.2123
2019-08-03,,
2019-08-04,,
2019-08-05,1.1109,1.215
2019-08-06,1.1232,1.2154
2019-08-07,1.1202,1.2168
2019-08-08,1.1203,1.2148
2019-08-09,1.1187,1.2139
2019-08-10,,
2019-08-11,,
2019-08-12,1.1203,1.2029
2019-08-13,1.1216,1.208
2019-08-14,1.1174,1.206
2019-08-15,,
2019-08-16,1.1111,1.2088
2019-08-17,,
2019-08-18,,
2019-08-19,1.1094,1.2157
2019-08-20,1.1083,1.2126
2019-08-21,1.1099,1.2165
2019-08-22,1.1091,1.213
2019-08-23,1.1082,1.2251
2019-08-24,,
2019-08-25,,
2019-08-26,1.1147,1.2266
2019-08-27,1.11,1.2223
2019-08-28,1.1092,1.2286
2019-08-29,1.1085,1.2219
2019-08-30,1.1059,1.2185
2019-08-31,,
2019-09-01,,
2019-09-02,1.0992,1.2163
2019-09-03,1.0966,1.2063
2019-09-04,1.0971,1.2089
2019-09-05,1.1036,1.2252
2019-09-06,1.1036,1.2327
2019-09-07,,
2019-09-08,,
2019-09-09,1.1024,1.2287
2019-09-10,1.105,1.2346
2019-09-11,1.1048,1.2356
2019-09-12,,
2019-09-13,,
2019-09-14,,
2019-09-15,,
2019-09-16,1.1081,1.2499
2019-09-17,1.1005,1.2429
2019-09-18,1.1071,1.2501
2019-09-19,1.1028,1.2476
2019-09-20,1.1046,1.2524
2019-09-21,,
2019-09-22,,
2019-09-23,1.1019,1.2471
2019-09-24,1.0995,1.2435
2019-09-25,1.102,1.2492
2019-09-26,1.095,1.2358
2019-09-27,1.092,1.2326
2019-09-28,,
2019-09-29,,
2019-09-30,1.0944,1.2292
2019-10-01,1.0899,1.2288
2019-10-02,1.0932,1.2289
2019-10-03,,
2019-10-04,1.0973,1.2337
2019-10-05,,
2019-10-06,,
2019-10-07,1.0983,1.2331
2019-10-08,1.0972,1.2288
2019-10-09,,
2019-10-10,1.0988,1.2214
2019-10-11,1.1008,1.2431
2019-10-12,,
2019-10-13,,
2019-10-14,1.1031,1.2636
2019-10-15,1.1028,1.2605
2019-10-16,1.1033,1.2761
2019-10-17,1.1076,1.2824
2019-10-18,1.1126,1.2872
2019-10-19,,
2019-10-20,,
2019-10-21,1.1158,1.2907
2019-10-22,1.115,1.2964
2019-10-23,1.1128,1.2885
2019-10-24,1.1133,1.2917
2019-10-25,1.1103,1.2838
2019-10-26,,
2019-10-27,,
2019-10-28,1.1083,1.2831
2019-10-29,1.1099,1.2856
2019-10-30,1.1114,1.2865
2019-10-31,1.1154,1.2905
2019-11-01,1.1152,1.2936
2019-11-02,,
2019-11-03,,
2019-11-04,1.1165,1.2938
2019-11-05,1.1126,1.2884
2019-11-06,1.1074,1.2885
2019-11-07,1.1069,1.2857
2019-11-08,1.1051,1.2815
2019-11-09,,
2019-11-10,,
2019-11-11,1.1021,1.2791
2019-11-12,1.1034,1.2854
2019-11-13,1.1012,1.2849
2019-11-14,1.1009,1.2854
2019-11-15,1.1022,1.2883
2019-11-16,,
2019-11-17,,
2019-11-18,1.1053,1.292
2019-11-19,1.1073,1.2951
2019-11-20,1.1078,1.2928
2019-11-21,1.1078,1.2926
2019-11-22,1.1062,1.2914
2019-11-23,,
2019-11-24,,
2019-11-25,1.1022,1.2846
2019-11-26,1.1013,1.2901
2019-11-27,1.1023,1.2863
2019-11-28,1.1005,1.2938
2019-11-29,1.1011,1.2912
2019-11-30,,
2019-12-01,,
2019-12-02,1.1019,1.2914
2019-12-03,1.1077,1.2942
2019-12-04,1.1083,1.2998
2019-12-05,1.108,1.3108
2019-12-06,1.1106,1.316
2019-12-07,,
2019-12-08,,
2019-12-09,1.106,1.3136
2019-12-10,1.1065,1.3143
2019-12-11,1.1095,1.3119
2019-12-12,1.1133,1.3197
2019-12-13,1.1186,1.3458
2019-12-14,,
2019-12-15,,
2019-12-16,1.1128,1.3348
2019-12-17,1.1139,1.3289
2019-12-18,1.1153,1.3131
2019-12-19,1.1116,1.3084
2019-12-20,1.1124,1.3012
2019-12-21,,
2019-12-22,,
2019-12-23,1.1079,1.3007
2019-12-24,1.1092,1.2941
2019-12-25,,
2019-12-26,1.1092,1.2969
2019-12-27,1.1099,1.2999
2019-12-28,,
2019-12-29,,
2019-12-30,1.1182,1.3085
2019-12-31,1.1206,1.3117
2020-01-01,,
2020-01-02,1.1221,1.3259
2020-01-03,1.1174,1.3143
2020-01-04,,
2020-01-05,,
2020-01-06,1.1165,1.3074
2020-01-07,1.1197,1.3174
2020-01-08,1.115,1.3116
2020-01-09,1.1109,1.3103
2020-01-10,1.1108,1.3069
2020-01-11,,
2020-01-12,,
2020-01-13,1.1117,1.3044
2020-01-14,1.1136,1.299
2020-01-15,1.1128,1.302
2020-01-16,1.1152,1.3043
2020-01-17,1.1137,1.3079
2020-01-18,,
2020-01-19,,
2020-01-20,1.109,1.3004
2020-01-21,1.1094,1.3008
2020-01-22,1.1085,1.3048
2020-01-23,1.1096,1.314
2020-01-24,,
2020-01-25,,
2020-01-26,,
2020-01-27,,
2020-01-28,1.102,1.3057
2020-01-29,1.1021,1.3025
2020-01-30,1.1012,1.3017
2020-01-31,1.1033,1.3089
2020-02-01,,
2020-02-02,,
2020-02-03,1.1091,1.3182
2020-02-04,1.1062,1.2995
2020-02-05,1.1046,1.3032
2020-02-06,1.1,1.2998
2020-02-07,1.098,1.2928
2020-02-08,,
2020-02-09,,
2020-02-10,1.0945,1.2889
2020-02-11,1.0914,1.2914
2020-02-12,1.0919,1.2956
2020-02-13,1.0872,1.2955
2020-02-14,1.0839,1.3043
2020-02-15,,
2020-02-16,,
2020-02-17,1.0839,1.3052
2020-02-18,1.0837,1.3006
2020-02-19,1.0794,1.3
2020-02-20,1.0809,1.2922
2020-02-21,1.0788,1.2883
2020-02-22,,
2020-02-23,,
2020-02-24,1.084,1.295
2020-02-25,1.0853,1.2925
2020-02-26,1.088,1.2999
2020-02-27,1.0882,1.2903
2020-02-28,1.1001,1.2893
2020-02-29,,
2020-03-01,,
2020-03-02,1.1069,1.2802
2020-03-03,1.1146,1.2762
2020-03-04,1.1184,1.2829
2020-03-05,1.1137,1.2872
2020-03-06,1.1229,1.2954
2020-03-07,,
2020-03-08,,
2020-03-09,1.1374,1.3082
2020-03-10,1.1427,1.3092
2020-03-11,1.1306,1.2904
2020-03-12,1.1256,1.2813
2020-03-13,1.118,1.2578
2020-03-14,,
2020-03-15,,
2020-03-16,1.1162,1.2407
2020-03-17,1.117,1.2272
2020-03-18,1.1018,1.2108
2020-03-19,1.0954,1.1633
2020-03-20,1.0664,1.1449
2020-03-21,,
2020-03-22,,
2020-03-23,1.0678,1.1557
2020-03-24,1.0747,1.1565
2020-03-25,1.0813,1.1791
2020-03-26,1.0883,1.1822
2020-03-27,1.1041,1.2168
2020-03-28,,
2020-03-29,,
2020-03-30,1.1114,1.241
2020-03-31,1.1031,1.2373
2020-04-01,1.1027,1.2406
2020-04-02,1.0947,1.2378
2020-04-03,1.0849,1.2394
2020-04-04,,
2020-04-05,,
2020-04-06,1.0817,1.2235
2020-04-07,1.079,1.2212
2020-04-08,1.0897,1.2345
2020-04-09,1.0858,1.2384
2020-04-10,1.0931,1.2461
2020-04-11,,
2020-04-12,,
2020-04-13,1.0936,1.2473
2020-04-14,1.0917,1.2516
2020-04-15,,
2020-04-16,1.0902,1.2519
2020-04-17,1.086,1.2487
2020-04-18,,
2020-04-19,,
2020-04-20,1.087,1.2494
2020-04-21,1.0865,1.2439
2020-04-22,1.0853,1.2295
2020-04-23,1.0821,1.2338
2020-04-24,1.0779,1.2354
2020-04-25,,
2020-04-26,,
2020-04-27,1.0818,1.2368
2020-04-28,1.0828,1.2426
2020-04-29,1.0826,1.2428
2020-04-30,,
2020-05-01,,
2020-05-02,,
2020-05-03,,
2020-05-04,1.0961,1.2462
2020-05-05,,
2020-05-06,1.0839,1.2443
2020-05-07,1.0797,1.233
2020-05-08,1.084,1.2378
2020-05-09,,
2020-05-10,,
2020-05-11,1.0832,1.2406
2020-05-12,1.081,1.2337
2020-05-13,1.0849,1.2258
2020-05-14,1.0818,1.2232
2020-05-15,1.0804,1.223
2020-05-16,,
2020-05-17,,
2020-05-18,1.0823,1.2094
2020-05-19,1.0916,1.2195
2020-05-20,1.0926,1.2249
2020-05-21,1.0981,1.2239
2020-05-22,1.095,1.2215
2020-05-23,,
2020-05-24,,
2020-05-25,1.0905,1.2188
2020-05-26,1.0897,1.2192
2020-05-27,1.0984,1.2336
2020-05-28,1.1015,1.2268
2020-05-29,1.1075,1.2321
2020-05-30,,
2020-05-31,,
2020-06-01,1.1115,1.2346
2020-06-02,1.1131,1.2485
2020-06-03,1.1171,1.2549
2020-06-04,1.1232,1.2575
2020-06-05,1.1341,1.2607
2020-06-06,,
2020-06-07,,
2020-06-08,1.1305,1.2711
2020-06-09,1.1295,1.2734
2020-06-10,1.1341,1.2725
2020-06-11,1.1382,1.275
2020-06-12,1.1295,1.258
2020-06-13,,
2020-06-14,,
2020-06-15,1.1248,1.2509
2020-06-16,1.1326,1.2621
2020-06-17,1.1263,1.2571
2020-06-18,1.1247,1.2557
2020-06-19,1.1208,1.2427
2020-06-20,,
2020-06-21,,
2020-06-22,1.1179,1.2348
2020-06-23,1.1274,1.2488
2020-06-24,1.1311,1.2522
2020-06-25,1.1253,1.2413
2020-06-26,1.1222,1.2427
2020-06-27,,
2020-06-28,,
2020-06-29,1.1225,1.2339
2020-06-30,1.1245,1.2305
2020-07-01,1.1237,1.2394
2020-07-02,1.1254,1.2479
2020-07-03,1.124,1.247
2020-07-04,,
2020-07-05,,
2020-07-06,1.1247,1.2476
2020-07-07,1.1314,1.2495
2020-07-08,1.1275,1.254
2020-07-09,1.1334,1.2612
2020-07-10,1.1287,1.2603
2020-07-11,,
2020-07-12,,
2020-07-13,1.1315,1.2634
2020-07-14,1.1347,1.2559
2020-07-15,1.1408,1.257
2020-07-16,1.1416,1.259
2020-07-17,1.1386,1.2556
2020-07-18,,
2020-07-19,,
2020-07-20,1.1439,1.2569
2020-07-21,1.145,1.2661
2020-07-22,1.1534,1.2728
2020-07-23,1.157,1.2739
2020-07-24,1.1598,1.2737
2020-07-25,,
2020-07-26,,
2020-07-27,1.1647,1.2789
2020-07-28,1.1756,1.2885
2020-07-29,1.1721,1.2928
2020-07-30,1.1787,1.2991
2020-07-31,1.1845,1.3097
2020-08-01,,
2020-08-02,,
2020-08-03,1.1794,1.3103
2020-08-04,1.1759,1.3075
2020-08-05,1.1798,1.3069
2020-08-06,1.1871,1.3125
2020-08-07,1.188,1.3144
2020-08-08,,
2020-08-09,,
2020-08-10,1.1783,1.3052
2020-08-11,1.174,1.3074
2020-08-12,1.174,1.3055
2020-08-13,1.1786,1.3035
2020-08-14,1.1817,1.3069
2020-08-15,,
2020-08-16,,
2020-08-17,,
2020-08-18,1.1876,1.3105
2020-08-19,1.1936,1.3243
2020-08-20,1.185,1.3112
2020-08-21,1.1868,1.322
2020-08-22,,
2020-08-23,,
2020-08-24,1.1801,1.3098
2020-08-25,1.1793,1.3069
2020-08-26,1.1834,1.315
2020-08-27,1.1838,1.3218
2020-08-28,1.1821,1.3198
2020-08-29,,
2020-08-30,,
2020-08-31,1.1908,1.3351
2020-09-01,1.1938,1.3363
2020-09-02,1.1919,1.3392
2020-09-03,1.1854,1.3353
2020-09-04,1.185,1.3276
2020-09-05,,
2020-09-06,,
2020-09-07,1.1844,1.3255
2020-09-08,1.1819,1.3164
2020-09-09,1.1762,1.2963
2020-09-10,1.1808,1.3005
2020-09-11,1.1827,1.2814
2020-09-12,,
2020-09-13,,
2020-09-14,1.1846,1.281
2020-09-15,1.1867,1.2849
2020-09-16,1.1849,1.2889
2020-09-17,1.1812,1.2963
2020-09-18,1.1854,1.2975
2020-09-19,,
2020-09-20,,
2020-09-21,1.1847,1.293
2020-09-22,1.1766,1.2819
2020-09-23,1.1708,1.2736
2020-09-24,1.1662,1.2721
2020-09-25,1.1673,1.2747
2020-09-26,,
2020-09-27,,
2020-09-28,1.1633,1.2758
2020-09-29,1.167,1.2846
2020-09-30,,
2020-10-01,,
2020-10-02,,
2020-10-03,,
2020-10-04,,
2020-10-05,1.1716,1.2928
