항목명1,일본엔/달러,달러/엔
2010-01-01,92.46,0.010815488
2010-01-02,,
2010-01-03,,
2010-01-04,92.925,0.010761367
2010-01-05,92.425,0.010819583
2010-01-06,91.665,0.010909289
2010-01-07,92.36,0.010827198
2010-01-08,93.505,0.010694615
2010-01-09,,
2010-01-10,,
2010-01-11,92.56,0.010803803
2010-01-12,92.045,0.010864251
2010-01-13,91.085,0.010978756
2010-01-14,91.425,0.010937927
2010-01-15,91.21,0.01096371
2010-01-16,,
2010-01-17,,
2010-01-18,90.815,0.011011397
2010-01-19,90.65,0.01103144
2010-01-20,91.095,0.010977551
2010-01-21,91.25,0.010958904
2010-01-22,90.23,0.011082788
2010-01-23,,
2010-01-24,,
2010-01-25,90.02,0.011108643
2010-01-26,90.285,0.011076037
2010-01-27,89.605,0.011160092
2010-01-28,89.94,0.011118523
2010-01-29,89.86,0.011128422
2010-01-30,,
2010-01-31,,
2010-02-01,90.17,0.011090163
2010-02-02,90.72,0.011022928
2010-02-03,90.4,0.011061947
2010-02-04,90.925,0.010998075
2010-02-05,89.275,0.011201344
2010-02-06,,
2010-02-07,,
2010-02-08,89.22,0.011208249
2010-02-09,89.245,0.01120511
2010-02-10,89.78,0.011138338
2010-02-11,89.96,0.011116052
2010-02-12,89.735,0.011143924
2010-02-13,,
2010-02-14,,
2010-02-15,,
2010-02-16,90.035,0.011106792
2010-02-17,90.255,0.011079719
2010-02-18,91.2,0.010964912
2010-02-19,92.06,0.010862481
2010-02-20,,
2010-02-21,,
2010-02-22,91.675,0.010908099
2010-02-23,91.225,0.010961907
2010-02-24,90.225,0.011083403
2010-02-25,90.175,0.011089548
2010-02-26,89.155,0.011216421
2010-02-27,,
2010-02-28,,
2010-03-01,,
2010-03-02,89.165,0.011215163
2010-03-03,88.78,0.011263798
2010-03-04,88.495,0.011300073
2010-03-05,89.145,0.011217679
2010-03-06,,
2010-03-07,,
2010-03-08,90.48,0.011052166
2010-03-09,90.265,0.011078491
2010-03-10,89.93,0.01111976
2010-03-11,90.56,0.011042403
2010-03-12,90.665,0.011029615
2010-03-13,,
2010-03-14,,
2010-03-15,90.625,0.011034483
2010-03-16,90.46,0.01105461
2010-03-17,90.355,0.011067456
2010-03-18,90.38,0.011064395
2010-03-19,90.42,0.0110595
2010-03-20,,
2010-03-21,,
2010-03-22,90.485,0.011051556
2010-03-23,90.225,0.011083403
2010-03-24,90.42,0.0110595
2010-03-25,92.085,0.010859532
2010-03-26,92.655,0.010792726
2010-03-27,,
2010-03-28,,
2010-03-29,92.395,0.010823096
2010-03-30,92.5,0.010810811
2010-03-31,92.865,0.01076832
2010-04-01,93.605,0.01068319
2010-04-02,93.865,0.010653598
2010-04-03,,
2010-04-04,,
2010-04-05,94.57,0.010574178
2010-04-06,94.365,0.010597149
2010-04-07,93.725,0.010669512
2010-04-08,93.32,0.010715817
2010-04-09,93.44,0.010702055
2010-04-10,,
2010-04-11,,
2010-04-12,93.13,0.010737679
2010-04-13,93.165,0.010733645
2010-04-14,93.19,0.010730765
2010-04-15,93.32,0.010715817
2010-04-16,93.045,0.010747488
2010-04-17,,
2010-04-18,,
2010-04-19,92.04,0.010864841
2010-04-20,92.465,0.010814903
2010-04-21,93.14,0.010736526
2010-04-22,93.035,0.010748643
2010-04-23,93.615,0.010682049
2010-04-24,,
2010-04-25,,
2010-04-26,94.01,0.010637166
2010-04-27,93.91,0.010648493
2010-04-28,93.205,0.010729038
2010-04-29,93.965,0.01064226
2010-04-30,93.995,0.010638864
2010-05-01,,
2010-05-02,,
2010-05-03,94.065,0.010630947
2010-05-04,94.64,0.010566357
2010-05-05,,
2010-05-06,93.81,0.010659844
2010-05-07,90.76,0.01101807
2010-05-08,,
2010-05-09,,
2010-05-10,92.035,0.010865432
2010-05-11,93.08,0.010743446
2010-05-12,92.57,0.010802636
2010-05-13,93.15,0.010735373
2010-05-14,92.78,0.010778185
2010-05-15,,
2010-05-16,,
2010-05-17,92.325,0.010831302
2010-05-18,92.45,0.010816658
2010-05-19,91.945,0.010876067
2010-05-20,91.625,0.010914052
2010-05-21,,
2010-05-22,,
2010-05-23,,
2010-05-24,90.205,0.01108586
2010-05-25,90.13,0.011095085
2010-05-26,90.35,0.011068069
2010-05-27,89.98,0.011113581
2010-05-28,90.945,0.010995657
2010-05-29,,
2010-05-30,,
2010-05-31,91.025,0.010985993
2010-06-01,91.205,0.010964311
2010-06-02,,
2010-06-03,92.18,0.01084834
2010-06-04,92.61,0.01079797
2010-06-05,,
2010-06-06,,
2010-06-07,91.645,0.01091167
2010-06-08,91.47,0.010932546
2010-06-09,91.42,0.010938525
2010-06-10,91.3,0.010952903
2010-06-11,91.36,0.010945709
2010-06-12,,
2010-06-13,,
2010-06-14,91.665,0.010909289
2010-06-15,91.61,0.010915839
2010-06-16,91.445,0.010935535
2010-06-17,91.43,0.010937329
2010-06-18,90.855,0.011006549
2010-06-19,,
2010-06-20,,
2010-06-21,90.43,0.011058277
2010-06-22,91.05,0.010982976
2010-06-23,90.555,0.011043013
2010-06-24,89.925,0.011120378
2010-06-25,89.62,0.011158224
2010-06-26,,
2010-06-27,,
2010-06-28,89.33,0.011194448
2010-06-29,89.345,0.011192568
2010-06-30,88.695,0.011274593
2010-07-01,88.43,0.01130838
2010-07-02,87.69,0.011403809
2010-07-03,,
2010-07-04,,
2010-07-05,87.715,0.011400559
2010-07-06,87.615,0.011413571
2010-07-07,87.51,0.011427265
2010-07-08,87.74,0.01139731
2010-07-09,88.43,0.01130838
2010-07-10,,
2010-07-11,,
2010-07-12,88.63,0.011282861
2010-07-13,88.65,0.011280316
2010-07-14,88.835,0.011256824
2010-07-15,88.31,0.011323746
2010-07-16,87.425,0.011438376
2010-07-17,,
2010-07-18,,
2010-07-19,86.565,0.011552013
2010-07-20,86.705,0.01153336
2010-07-21,87.29,0.011456066
2010-07-22,86.93,0.011503509
2010-07-23,87.145,0.011475128
2010-07-24,,
2010-07-25,,
2010-07-26,87.535,0.011424002
2010-07-27,87.005,0.011493592
2010-07-28,87.775,0.011392766
2010-07-29,87.445,0.01143576
2010-07-30,86.66,0.011539349
2010-07-31,,
2010-08-01,,
2010-08-02,86.44,0.011568718
2010-08-03,86.6,0.011547344
2010-08-04,85.745,0.011662488
2010-08-05,86.305,0.011586814
2010-08-06,85.84,0.011649581
2010-08-07,,
2010-08-08,,
2010-08-09,85.425,0.011706175
2010-08-10,85.905,0.011640766
2010-08-11,85.38,0.011712345
2010-08-12,85.225,0.011733646
2010-08-13,86.1,0.011614402
2010-08-14,,
2010-08-15,,
2010-08-16,86.16,0.011606314
2010-08-17,85.31,0.011721955
2010-08-18,85.625,0.011678832
2010-08-19,85.485,0.011697959
2010-08-20,85.32,0.011720581
2010-08-21,,
2010-08-22,,
2010-08-23,85.54,0.011690437
2010-08-24,85.185,0.011739156
2010-08-25,84.225,0.011872959
2010-08-26,84.72,0.011803588
2010-08-27,84.37,0.011852554
2010-08-28,,
2010-08-29,,
2010-08-30,85.45,0.01170275
2010-08-31,84.575,0.011823825
2010-09-01,84.095,0.011891313
2010-09-02,84.43,0.011844131
2010-09-03,84.245,0.011870141
2010-09-04,,
2010-09-05,,
2010-09-06,84.375,0.011851852
2010-09-07,84.095,0.011891313
2010-09-08,83.75,0.011940299
2010-09-09,83.97,0.011909015
2010-09-10,84,0.011904762
2010-09-11,,
2010-09-12,,
2010-09-13,84.265,0.011867323
2010-09-14,83.65,0.011954573
2010-09-15,83.075,0.012037316
2010-09-16,85.67,0.011672698
2010-09-17,85.86,0.011646867
2010-09-18,,
2010-09-19,,
2010-09-20,85.72,0.011665889
2010-09-21,,
2010-09-22,,
2010-09-23,,
2010-09-24,84.515,0.011832219
2010-09-25,,
2010-09-26,,
2010-09-27,84.345,0.011856067
2010-09-28,84.29,0.011863804
2010-09-29,83.91,0.011917531
2010-09-30,83.765,0.01193816
2010-10-01,83.535,0.01197103
2010-10-02,,
2010-10-03,,
2010-10-04,83.325,0.0120012
2010-10-05,83.565,0.011966732
2010-10-06,83.215,0.012017064
2010-10-07,82.985,0.012050371
2010-10-08,82.38,0.012138869
2010-10-09,,
2010-10-10,,
2010-10-11,81.815,0.012222698
2010-10-12,82.125,0.01217656
2010-10-13,81.815,0.012222698
2010-10-14,81.8,0.012224939
2010-10-15,81.555,0.012261664
2010-10-16,,
2010-10-17,,
2010-10-18,81.315,0.012297854
2010-10-19,81.15,0.012322859
2010-10-20,81.585,0.012257155
2010-10-21,81.07,0.012335019
2010-10-22,81.325,0.012296342
2010-10-23,,
2010-10-24,,
2010-10-25,81.325,0.012296342
2010-10-26,80.86,0.012367054
2010-10-27,81.38,0.012288031
2010-10-28,81.705,0.012239153
2010-10-29,81.01,0.012344155
2010-10-30,,
2010-10-31,,
2010-11-01,80.355,0.012444776
2010-11-02,80.515,0.012420046
2010-11-03,80.67,0.012396182
2010-11-04,81.04,0.012339585
2010-11-05,80.76,0.012382368
2010-11-06,,
2010-11-07,,
2010-11-08,81.285,0.012302393
2010-11-09,81.145,0.012323618
2010-11-10,81.69,0.0122414
2010-11-11,82.205,0.01216471
2010-11-12,82.49,0.012122682
2010-11-13,,
2010-11-14,,
2010-11-15,82.48,0.012124151
2010-11-16,83.11,0.012032246
2010-11-17,83.385,0.011992565
2010-11-18,83.15,0.012026458
2010-11-19,83.48,0.011978917
2010-11-20,,
2010-11-21,,
2010-11-22,83.465,0.01198107
2010-11-23,83.27,0.012009127
2010-11-24,83.145,0.012027181
2010-11-25,83.53,0.011971747
2010-11-26,83.655,0.011953858
2010-11-27,,
2010-11-28,,
2010-11-29,84.06,0.011896265
2010-11-30,84.265,0.011867323
2010-12-01,83.67,0.011951715
2010-12-02,84.155,0.011882835
2010-12-03,83.845,0.01192677
2010-12-04,,
2010-12-05,,
2010-12-06,82.69,0.012093361
2010-12-07,82.65,0.012099214
2010-12-08,83.48,0.011978917
2010-12-09,84.055,0.011896972
2010-12-10,83.77,0.011937448
2010-12-11,,
2010-12-12,,
2010-12-13,84,0.011904762
2010-12-14,83.465,0.01198107
2010-12-15,83.69,0.011948859
2010-12-16,84.31,0.011860989
2010-12-17,84.025,0.01190122
2010-12-18,,
2010-12-19,,
2010-12-20,84.025,0.01190122
2010-12-21,83.785,0.011935311
2010-12-22,83.76,0.011938873
2010-12-23,83.56,0.011967449
2010-12-24,83.03,0.01204384
2010-12-25,,
2010-12-26,,
2010-12-27,82.92,0.012059817
2010-12-28,82.795,0.012078024
2010-12-29,82.405,0.012135186
2010-12-30,81.665,0.012245148
2010-12-31,81.52,0.012266928
2011-01-01,,
2011-01-02,,
2011-01-03,81.17,0.012319823
2011-01-04,81.74,0.012233912
2011-01-05,82.085,0.012182494
2011-01-06,83.245,0.012012733
2011-01-07,83.255,0.012011291
2011-01-08,,
2011-01-09,,
2011-01-10,83.095,0.012034418
2011-01-11,82.685,0.012094092
2011-01-12,83.395,0.011991127
2011-01-13,83.04,0.012042389
2011-01-14,82.75,0.012084592
2011-01-15,,
2011-01-16,,
2011-01-17,82.885,0.012064909
2011-01-18,82.745,0.012085322
2011-01-19,82.615,0.012104339
2011-01-20,82.09,0.012181752
2011-01-21,82.965,0.012053275
2011-01-22,,
2011-01-23,,
2011-01-24,82.635,0.01210141
2011-01-25,82.52,0.012118274
2011-01-26,82.215,0.012163231
2011-01-27,82.245,0.012158794
2011-01-28,82.86,0.012068549
2011-01-29,,
2011-01-30,,
2011-01-31,82.14,0.012174336
2011-02-01,82.06,0.012186205
2011-02-02,,
2011-02-03,,
2011-02-04,,
2011-02-05,,
2011-02-06,,
2011-02-07,82.25,0.012158055
2011-02-08,82.335,0.012145503
2011-02-09,82.285,0.012152883
2011-02-10,82.37,0.012140342
2011-02-11,83.335,0.01199976
2011-02-12,,
2011-02-13,,
2011-02-14,83.48,0.011978917
2011-02-15,83.31,0.012003361
2011-02-16,83.715,0.011945291
2011-02-17,83.63,0.011957432
2011-02-18,83.305,0.012004081
2011-02-19,,
2011-02-20,,
2011-02-21,83.095,0.012034418
2011-02-22,83.135,0.012028628
2011-02-23,82.765,0.012082402
2011-02-24,82.43,0.012131506
2011-02-25,81.93,0.012205541
2011-02-26,,
2011-02-27,,
2011-02-28,81.675,0.012243649
2011-03-01,,
2011-03-02,81.925,0.012206286
2011-03-03,81.815,0.012222698
2011-03-04,82.395,0.012136659
2011-03-05,,
2011-03-06,,
2011-03-07,82.27,0.012155099
2011-03-08,82.31,0.012149192
2011-03-09,82.72,0.012088975
2011-03-10,82.75,0.012084592
2011-03-11,82.915,0.012060544
2011-03-12,,
2011-03-13,,
2011-03-14,81.465,0.01227521
2011-03-15,81.75,0.012232416
2011-03-16,80.845,0.012369349
2011-03-17,78.675,0.012710518
2011-03-18,79.175,0.012630249
2011-03-19,,
2011-03-20,,
2011-03-21,80.82,0.012373175
2011-03-22,81.26,0.012306178
2011-03-23,81.02,0.012342631
2011-03-24,80.91,0.012359412
2011-03-25,81.025,0.01234187
2011-03-26,,
2011-03-27,,
2011-03-28,81.47,0.012274457
2011-03-29,81.735,0.012234661
2011-03-30,82.415,0.012133714
2011-03-31,83.13,0.012029352
2011-04-01,83.365,0.011995442
2011-04-02,,
2011-04-03,,
2011-04-04,84.22,0.011873664
2011-04-05,84.12,0.011887779
2011-04-06,85.115,0.01174881
2011-04-07,85.355,0.011715775
2011-04-08,85,0.011764706
2011-04-09,,
2011-04-10,,
2011-04-11,85.055,0.011757098
2011-04-12,84.555,0.011826622
2011-04-13,83.56,0.011967449
2011-04-14,83.785,0.011935311
2011-04-15,83.63,0.011957432
2011-04-16,,
2011-04-17,,
2011-04-18,83.22,0.012016342
2011-04-19,82.395,0.012136659
2011-04-20,82.655,0.012098482
2011-04-21,82.48,0.012124151
2011-04-22,81.9,0.012210012
2011-04-23,,
2011-04-24,,
2011-04-25,82,0.012195122
2011-04-26,81.73,0.012235409
2011-04-27,81.495,0.012270691
2011-04-28,82.255,0.012157316
2011-04-29,81.62,0.012251899
2011-04-30,,
2011-05-01,,
2011-05-02,81.3,0.012300123
2011-05-03,81.22,0.012312238
2011-05-04,81.025,0.01234187
2011-05-05,,
2011-05-06,80.35,0.012445551
2011-05-07,,
2011-05-08,,
2011-05-09,80.7,0.012391574
2011-05-10,,
2011-05-11,81.005,0.012344917
2011-05-12,81,0.012345679
2011-05-13,81.035,0.012340347
2011-05-14,,
2011-05-15,,
2011-05-16,80.86,0.012367054
2011-05-17,80.82,0.012373175
2011-05-18,81.545,0.012263168
2011-05-19,81.695,0.012240651
2011-05-20,81.715,0.012237655
2011-05-21,,
2011-05-22,,
2011-05-23,81.7,0.012239902
2011-05-24,81.93,0.012205541
2011-05-25,82.09,0.012181752
2011-05-26,81.965,0.012200329
2011-05-27,81.285,0.012302393
2011-05-28,,
2011-05-29,,
2011-05-30,80.845,0.012369349
2011-05-31,80.91,0.012359412
2011-06-01,81.45,0.012277471
2011-06-02,80.955,0.012352542
2011-06-03,81.005,0.012344917
2011-06-04,,
2011-06-05,,
2011-06-06,,
2011-06-07,80.145,0.012477385
2011-06-08,80.17,0.012473494
2011-06-09,79.935,0.012510165
2011-06-10,80.315,0.012450974
2011-06-11,,
2011-06-12,,
2011-06-13,80.345,0.012446325
2011-06-14,80.18,0.012471938
2011-06-15,80.54,0.012416191
2011-06-16,80.86,0.012367054
2011-06-17,80.6,0.012406948
2011-06-18,,
2011-06-19,,
2011-06-20,80.12,0.012481278
2011-06-21,80.255,0.012460283
2011-06-22,80.25,0.012461059
2011-06-23,80.38,0.012440906
2011-06-24,80.44,0.012431626
2011-06-25,,
2011-06-26,,
2011-06-27,80.445,0.012430853
2011-06-28,80.83,0.012371644
2011-06-29,81.09,0.012331977
2011-06-30,80.715,0.012389271
2011-07-01,80.68,0.012394646
2011-07-02,,
2011-07-03,,
2011-07-04,80.85,0.012368584
2011-07-05,80.76,0.012382368
2011-07-06,81.06,0.012336541
2011-07-07,80.955,0.012352542
2011-07-08,81.245,0.01230845
2011-07-09,,
2011-07-10,,
2011-07-11,80.645,0.012400025
2011-07-12,80.33,0.012448649
2011-07-13,79.395,0.012595252
2011-07-14,78.965,0.012663838
2011-07-15,79.14,0.012635835
2011-07-16,,
2011-07-17,,
2011-07-18,79.08,0.012645422
2011-07-19,79.055,0.012649421
2011-07-20,79.16,0.012632643
2011-07-21,78.84,0.012683917
2011-07-22,78.48,0.0127421
2011-07-23,,
2011-07-24,,
2011-07-25,78.36,0.012761613
2011-07-26,78.275,0.012775471
2011-07-27,77.92,0.012833676
2011-07-28,77.945,0.012829559
2011-07-29,77.785,0.012855949
2011-07-30,,
2011-07-31,,
2011-08-01,77.265,0.012942471
2011-08-02,77.42,0.012916559
2011-08-03,77.325,0.012932428
2011-08-04,77.125,0.012965964
2011-08-05,79.325,0.012606366
2011-08-06,,
2011-08-07,,
2011-08-08,78.275,0.012775471
2011-08-09,77.57,0.012891582
2011-08-10,77.045,0.012979428
2011-08-11,76.71,0.01303611
2011-08-12,76.845,0.013013208
2011-08-13,,
2011-08-14,,
2011-08-15,,
2011-08-16,76.86,0.013010669
2011-08-17,76.8,0.013020833
2011-08-18,76.54,0.013065064
2011-08-19,76.66,0.013044613
2011-08-20,,
2011-08-21,,
2011-08-22,76.835,0.013014902
2011-08-23,76.86,0.013010669
2011-08-24,76.75,0.013029316
2011-08-25,76.99,0.0129887
2011-08-26,77.44,0.012913223
2011-08-27,,
2011-08-28,,
2011-08-29,76.765,0.01302677
2011-08-30,76.93,0.01299883
2011-08-31,76.725,0.013033561
2011-09-01,76.765,0.01302677
2011-09-02,76.85,0.013012362
2011-09-03,,
2011-09-04,,
2011-09-05,76.86,0.013010669
2011-09-06,76.915,0.013001365
2011-09-07,77.62,0.012883278
2011-09-08,77.34,0.01292992
2011-09-09,77.52,0.012899897
2011-09-10,,
2011-09-11,,
2011-09-12,,
2011-09-13,,
2011-09-14,76.96,0.012993763
2011-09-15,76.685,0.01304036
2011-09-16,76.75,0.013029316
2011-09-17,,
2011-09-18,,
2011-09-19,76.915,0.013001365
2011-09-20,76.625,0.013050571
2011-09-21,76.47,0.013077024
2011-09-22,76.53,0.013066771
2011-09-23,76.305,0.013105301
2011-09-24,,
2011-09-25,,
2011-09-26,76.615,0.013052274
2011-09-27,76.385,0.013091576
2011-09-28,76.855,0.013011515
2011-09-29,76.545,0.013064211
2011-09-30,76.76,0.013027619
2011-10-01,,
2011-10-02,,
2011-10-03,,
2011-10-04,76.585,0.013057387
2011-10-05,76.81,0.013019138
2011-10-06,76.785,0.013023377
2011-10-07,76.65,0.013046314
2011-10-08,,
2011-10-09,,
2011-10-10,76.805,0.013019986
2011-10-11,76.685,0.01304036
2011-10-12,76.7,0.01303781
2011-10-13,77.225,0.012949174
2011-10-14,76.9,0.013003901
2011-10-15,,
2011-10-16,,
2011-10-17,77.205,0.012952529
2011-10-18,76.815,0.013018291
2011-10-19,76.8,0.013020833
2011-10-20,76.825,0.013016596
2011-10-21,76.885,0.013006438
2011-10-22,,
2011-10-23,,
2011-10-24,76.245,0.013115614
2011-10-25,76.165,0.01312939
2011-10-26,76.125,0.013136289
2011-10-27,76.225,0.013119055
2011-10-28,75.94,0.013168291
2011-10-29,,
2011-10-30,,
2011-10-31,75.755,0.013200449
2011-11-01,78.325,0.012767316
2011-11-02,78.4,0.012755102
2011-11-03,78.09,0.012805737
2011-11-04,78.06,0.012810658
2011-11-05,,
2011-11-06,,
2011-11-07,78.15,0.012795905
2011-11-08,78.08,0.012807377
2011-11-09,77.745,0.012862564
2011-11-10,77.72,0.012866701
2011-11-11,77.645,0.012879129
2011-11-12,,
2011-11-13,,
2011-11-14,77.215,0.012950852
2011-11-15,77.095,0.01297101
2011-11-16,77.04,0.01298027
2011-11-17,77.04,0.01298027
2011-11-18,76.97,0.012992075
2011-11-19,,
2011-11-20,,
2011-11-21,76.915,0.013001365
2011-11-22,76.93,0.01299883
2011-11-23,76.955,0.012994607
2011-11-24,77.31,0.012934937
2011-11-25,77.155,0.012960923
2011-11-26,,
2011-11-27,,
2011-11-28,77.56,0.012893244
2011-11-29,78.06,0.012810658
2011-11-30,77.95,0.012828736
2011-12-01,77.605,0.012885768
2011-12-02,77.755,0.012860909
2011-12-03,,
2011-12-04,,
2011-12-05,78.045,0.012813121
2011-12-06,77.855,0.01284439
2011-12-07,77.74,0.012863391
2011-12-08,77.66,0.012876642
2011-12-09,77.635,0.012880788
2011-12-10,,
2011-12-11,,
2011-12-12,77.615,0.012884107
2011-12-13,77.935,0.012831205
2011-12-14,77.96,0.012827091
2011-12-15,78.075,0.012808197
2011-12-16,77.88,0.012840267
2011-12-17,,
2011-12-18,,
2011-12-19,77.815,0.012850993
2011-12-20,78.015,0.012818048
2011-12-21,77.84,0.012846865
2011-12-22,78.07,0.012809018
2011-12-23,78.18,0.012790995
2011-12-24,,
2011-12-25,,
2011-12-26,78.065,0.012809838
2011-12-27,78.01,0.012818869
2011-12-28,77.915,0.012834499
2011-12-29,77.94,0.012830382
2011-12-30,77.655,0.012877471
2011-12-31,,
2012-01-01,,
2012-01-02,77.16,0.012960083
2012-01-03,76.92,0.01300052
2012-01-04,76.75,0.013029316
2012-01-05,76.735,0.013031863
2012-01-06,77.17,0.012958404
2012-01-07,,
2012-01-08,,
2012-01-09,76.835,0.013014902
2012-01-10,76.87,0.013008976
2012-01-11,76.845,0.013013208
2012-01-12,76.885,0.013006438
2012-01-13,76.765,0.01302677
2012-01-14,,
2012-01-15,,
2012-01-16,76.935,0.012997985
2012-01-17,76.82,0.013017443
2012-01-18,76.835,0.013014902
2012-01-19,76.805,0.013019986
2012-01-20,77.08,0.012973534
2012-01-21,,
2012-01-22,,
2012-01-23,,
2012-01-24,,
2012-01-25,77.7,0.012870013
2012-01-26,77.71,0.012868357
2012-01-27,77.47,0.012908223
2012-01-28,,
2012-01-29,,
2012-01-30,76.75,0.013029316
2012-01-31,76.37,0.013094147
2012-02-01,76.295,0.013107019
2012-02-02,76.195,0.013124221
2012-02-03,76.195,0.013124221
2012-02-04,,
2012-02-05,,
2012-02-06,76.55,0.013063357
2012-02-07,76.555,0.013062504
2012-02-08,76.78,0.013024225
2012-02-09,77.06,0.012976901
2012-02-10,77.65,0.0128783
2012-02-11,,
2012-02-12,,
2012-02-13,77.625,0.012882448
2012-02-14,77.45,0.012911556
2012-02-15,78.44,0.012748598
2012-02-16,78.4,0.012755102
2012-02-17,78.885,0.012676681
2012-02-18,,
2012-02-19,,
2012-02-20,79.83,0.012526619
2012-02-21,79.615,0.012560447
2012-02-22,79.75,0.012539185
2012-02-23,80.32,0.012450199
2012-02-24,80,0.0125
2012-02-25,,
2012-02-26,,
2012-02-27,81.535,0.012264672
2012-02-28,80.51,0.012420817
2012-02-29,80.51,0.012420817
2012-03-01,,
2012-03-02,81.14,0.012324378
2012-03-03,,
2012-03-04,,
2012-03-05,81.705,0.012239153
2012-03-06,81.53,0.012265424
2012-03-07,80.75,0.012383901
2012-03-08,81.14,0.012324378
2012-03-09,81.56,0.012260912
2012-03-10,,
2012-03-11,,
2012-03-12,82.495,0.012121947
2012-03-13,82.325,0.012146978
2012-03-14,82.93,0.012058362
2012-03-15,83.79,0.011934598
2012-03-16,83.59,0.011963153
2012-03-17,,
2012-03-18,,
2012-03-19,83.525,0.011972463
2012-03-20,83.41,0.01198897
2012-03-21,83.675,0.011951001
2012-03-22,83.465,0.01198107
2012-03-23,82.62,0.012103607
2012-03-24,,
2012-03-25,,
2012-03-26,82.475,0.012124886
2012-03-27,82.86,0.012068549
2012-03-28,83.145,0.012027181
2012-03-29,82.96,0.012054002
2012-03-30,82.405,0.012135186
2012-03-31,,
2012-04-01,,
2012-04-02,82.865,0.012067821
2012-04-03,82.19,0.01216693
2012-04-04,82.77,0.012081672
2012-04-05,82.395,0.012136659
2012-04-06,82.33,0.012146241
2012-04-07,,
2012-04-08,,
2012-04-09,81.385,0.012287277
2012-04-10,81.57,0.012259409
2012-04-11,,
2012-04-12,80.95,0.012353305
2012-04-13,80.905,0.012360176
2012-04-14,,
2012-04-15,,
2012-04-16,80.9,0.012360939
2012-04-17,80.385,0.012440132
2012-04-18,80.99,0.012347203
2012-04-19,81.315,0.012297854
2012-04-20,81.685,0.01224215
2012-04-21,,
2012-04-22,,
2012-04-23,81.655,0.012246647
2012-04-24,81.155,0.0123221
2012-04-25,81.355,0.012291808
2012-04-26,81.31,0.01229861
2012-04-27,81.07,0.012335019
2012-04-28,,
2012-04-29,,
2012-04-30,80.325,0.012449424
2012-05-01,,
2012-05-02,80.16,0.01247505
2012-05-03,80.12,0.012481278
2012-05-04,80.245,0.012461836
2012-05-05,,
2012-05-06,,
2012-05-07,79.81,0.012529758
2012-05-08,79.905,0.012514861
2012-05-09,79.87,0.012520346
2012-05-10,79.655,0.01255414
2012-05-11,79.865,0.012521129
2012-05-12,,
2012-05-13,,
2012-05-14,79.95,0.012507817
2012-05-15,79.87,0.012520346
2012-05-16,80.255,0.012460283
2012-05-17,80.385,0.012440132
2012-05-18,79.39,0.012596045
2012-05-19,,
2012-05-20,,
2012-05-21,79.125,0.012638231
2012-05-22,79.34,0.012603983
2012-05-23,79.99,0.012501563
2012-05-24,79.5,0.012578616
2012-05-25,79.56,0.01256913
2012-05-26,,
2012-05-27,,
2012-05-28,,
2012-05-29,79.575,0.012566761
2012-05-30,79.515,0.012576243
2012-05-31,79.095,0.012643024
2012-06-01,78.375,0.012759171
2012-06-02,,
2012-06-03,,
2012-06-04,78.17,0.012792631
2012-06-05,78.39,0.012756729
2012-06-06,,
2012-06-07,79.36,0.012600806
2012-06-08,79.66,0.012553352
2012-06-09,,
2012-06-10,,
2012-06-11,79.5,0.012578616
2012-06-12,79.285,0.012612726
2012-06-13,79.615,0.012560447
2012-06-14,79.435,0.012588909
2012-06-15,79.43,0.012589702
2012-06-16,,
2012-06-17,,
2012-06-18,79.08,0.012645422
2012-06-19,79.085,0.012644623
2012-06-20,79.045,0.012651022
2012-06-21,79.465,0.012584157
2012-06-22,80.215,0.012466496
2012-06-23,,
2012-06-24,,
2012-06-25,80.51,0.012420817
2012-06-26,79.655,0.01255414
2012-06-27,79.51,0.012577034
2012-06-28,79.705,0.012546264
2012-06-29,79.365,0.012600013
2012-06-30,,
2012-07-01,,
2012-07-02,79.89,0.012517211
2012-07-03,79.46,0.012584948
2012-07-04,79.82,0.012528188
2012-07-05,79.925,0.01251173
2012-07-06,79.91,0.012514078
2012-07-07,,
2012-07-08,,
2012-07-09,79.645,0.012555716
2012-07-10,79.575,0.012566761
2012-07-11,79.405,0.012593665
2012-07-12,79.645,0.012555716
2012-07-13,79.315,0.012607956
2012-07-14,,
2012-07-15,,
2012-07-16,79.165,0.012631845
2012-07-17,78.815,0.01268794
2012-07-18,79.15,0.012634239
2012-07-19,78.77,0.012695189
2012-07-20,78.725,0.012702445
2012-07-21,,
2012-07-22,,
2012-07-23,78.46,0.012745348
2012-07-24,78.3,0.012771392
2012-07-25,78.16,0.012794268
2012-07-26,78.135,0.012798362
2012-07-27,78.255,0.012778736
2012-07-28,,
2012-07-29,,
2012-07-30,78.535,0.012733176
2012-07-31,78.165,0.01279345
2012-08-01,78.12,0.012800819
2012-08-02,78.41,0.012753475
2012-08-03,78.25,0.012779553
2012-08-04,,
2012-08-05,,
2012-08-06,78.615,0.012720219
2012-08-07,78.24,0.012781186
2012-08-08,78.655,0.01271375
2012-08-09,78.43,0.012750223
2012-08-10,78.61,0.012721028
2012-08-11,,
2012-08-12,,
2012-08-13,78.265,0.012777103
2012-08-14,78.335,0.012765686
2012-08-15,,
2012-08-16,79.01,0.012656626
2012-08-17,79.32,0.012607161
2012-08-18,,
2012-08-19,,
2012-08-20,79.52,0.012575453
2012-08-21,79.4,0.012594458
2012-08-22,79.285,0.012612726
2012-08-23,78.585,0.012725075
2012-08-24,78.56,0.012729124
2012-08-25,,
2012-08-26,,
2012-08-27,78.725,0.012702445
2012-08-28,78.745,0.012699219
2012-08-29,78.61,0.012721028
2012-08-30,78.72,0.012703252
2012-08-31,78.575,0.012726694
2012-09-01,,
2012-09-02,,
2012-09-03,78.31,0.012769761
2012-09-04,78.31,0.012769761
2012-09-05,78.435,0.01274941
2012-09-06,78.425,0.012751036
2012-09-07,78.9,0.012674271
2012-09-08,,
2012-09-09,,
2012-09-10,78.215,0.012785271
2012-09-11,78.25,0.012779553
2012-09-12,77.765,0.012859255
2012-09-13,77.865,0.012842741
2012-09-14,77.585,0.012889089
2012-09-15,,
2012-09-16,,
2012-09-17,78.34,0.012764871
2012-09-18,78.73,0.012701639
2012-09-19,78.815,0.01268794
2012-09-20,78.39,0.012756729
2012-09-21,78.28,0.012774655
2012-09-22,,
2012-09-23,,
2012-09-24,78.135,0.012798362
2012-09-25,77.85,0.012845215
2012-09-26,77.79,0.012855123
2012-09-27,77.7,0.012870013
2012-09-28,77.62,0.012883278
2012-09-29,,
2012-09-30,,
2012-10-01,,
2012-10-02,78.04,0.012813942
2012-10-03,,
2012-10-04,78.48,0.0127421
2012-10-05,78.53,0.012733987
2012-10-06,,
2012-10-07,,
2012-10-08,78.725,0.012702445
2012-10-09,78.31,0.012769761
2012-10-10,78.27,0.012776287
2012-10-11,78.12,0.012800819
2012-10-12,78.385,0.012757543
2012-10-13,,
2012-10-14,,
2012-10-15,78.45,0.012746973
2012-10-16,78.72,0.012703252
2012-10-17,78.87,0.012679092
2012-10-18,79.12,0.012639029
2012-10-19,79.33,0.012605572
2012-10-20,,
2012-10-21,,
2012-10-22,79.245,0.012619093
2012-10-23,79.925,0.01251173
2012-10-24,79.84,0.01252505
2012-10-25,79.85,0.012523482
2012-10-26,80.3,0.0124533
2012-10-27,,
2012-10-28,,
2012-10-29,79.685,0.012549413
2012-10-30,79.765,0.012536827
2012-10-31,79.6,0.012562814
2012-11-01,79.82,0.012528188
2012-11-02,80.175,0.012472716
2012-11-03,,
2012-11-04,,
2012-11-05,80.495,0.012423132
2012-11-06,80.255,0.012460283
2012-11-07,80.38,0.012440906
2012-11-08,79.965,0.012505471
2012-11-09,79.49,0.012580199
2012-11-10,,
2012-11-11,,
2012-11-12,79.445,0.012587325
2012-11-13,79.55,0.01257071
2012-11-14,79.45,0.012586532
2012-11-15,80.18,0.012471938
2012-11-16,81.14,0.012324378
2012-11-17,,
2012-11-18,,
2012-11-19,81.385,0.012287277
2012-11-20,81.325,0.012296342
2012-11-21,81.66,0.012245898
2012-11-22,82.52,0.012118274
2012-11-23,82.465,0.012126357
2012-11-24,,
2012-11-25,,
2012-11-26,82.4,0.012135922
2012-11-27,82.04,0.012189176
2012-11-28,82.12,0.012177302
2012-11-29,82.085,0.012182494
2012-11-30,82.14,0.012174336
2012-12-01,,
2012-12-02,,
2012-12-03,82.395,0.012136659
2012-12-04,82.205,0.01216471
2012-12-05,81.92,0.012207031
2012-12-06,82.415,0.012133714
2012-12-07,82.4,0.012135922
2012-12-08,,
2012-12-09,,
2012-12-10,82.515,0.012119009
2012-12-11,82.365,0.012141079
2012-12-12,82.56,0.012112403
2012-12-13,83.2,0.012019231
2012-12-14,83.62,0.011958862
2012-12-15,,
2012-12-16,,
2012-12-17,84.1,0.011890606
2012-12-18,83.87,0.011923214
2012-12-19,,
2012-12-20,84.15,0.011883541
2012-12-21,84.335,0.011857473
2012-12-22,,
2012-12-23,,
2012-12-24,84.37,0.011852554
2012-12-25,,
2012-12-26,84.925,0.011775096
2012-12-27,85.555,0.011688388
2012-12-28,86.36,0.011579435
2012-12-29,,
2012-12-30,,
2012-12-31,85.86,0.011646867
2013-01-01,,
2013-01-02,86.655,0.011540015
2013-01-03,87.345,0.011448852
2013-01-04,87.46,0.011433798
2013-01-05,,
2013-01-06,,
2013-01-07,88.25,0.011331445
2013-01-08,87.45,0.011435106
2013-01-09,86.995,0.011494914
2013-01-10,88.05,0.011357183
2013-01-11,88.905,0.011247961
2013-01-12,,
2013-01-13,,
2013-01-14,89.49,0.011174433
2013-01-15,89.46,0.01117818
2013-01-16,88.835,0.011256824
2013-01-17,88.61,0.011285408
2013-01-18,90.065,0.011103092
2013-01-19,,
2013-01-20,,
2013-01-21,90.16,0.011091393
2013-01-22,89.745,0.011142682
2013-01-23,88.79,0.01126253
2013-01-24,88.48,0.011301989
2013-01-25,90.34,0.011069294
2013-01-26,,
2013-01-27,,
2013-01-28,91.08,0.010979359
2013-01-29,90.655,0.011030831
2013-01-30,90.765,0.011017463
2013-01-31,91.1,0.010976948
2013-02-01,91.81,0.01089206
2013-02-02,,
2013-02-03,,
2013-02-04,92.8,0.010775862
2013-02-05,92.19,0.010847163
2013-02-06,93.62,0.010681478
2013-02-07,93.605,0.01068319
2013-02-08,93.64,0.010679197
2013-02-09,,
2013-02-10,,
2013-02-11,,
2013-02-12,94.285,0.010606141
2013-02-13,93.275,0.010720986
2013-02-14,93.255,0.010723286
2013-02-15,92.89,0.010765421
2013-02-16,,
2013-02-17,,
2013-02-18,93.83,0.010657572
2013-02-19,93.88,0.010651896
2013-02-20,93.55,0.010689471
2013-02-21,93.68,0.010674637
2013-02-22,93.05,0.01074691
2013-02-23,,
2013-02-24,,
2013-02-25,94.17,0.010619093
2013-02-26,92.355,0.010827784
2013-02-27,92.04,0.010864841
2013-02-28,92.28,0.010836584
2013-03-01,,
2013-03-02,,
2013-03-03,,
2013-03-04,93.555,0.0106889
2013-03-05,93.47,0.01069862
2013-03-06,93.35,0.010712373
2013-03-07,93.95,0.01064396
2013-03-08,94.92,0.010535188
2013-03-09,,
2013-03-10,,
2013-03-11,96.205,0.01039447
2013-03-12,96.585,0.010353575
2013-03-13,95.93,0.010424268
2013-03-14,96.07,0.010409077
2013-03-15,96.1,0.010405827
2013-03-16,,
2013-03-17,,
2013-03-18,94.93,0.010534078
2013-03-19,95.365,0.010486027
2013-03-20,95.065,0.010519118
2013-03-21,96.085,0.010407452
2013-03-22,95.04,0.010521886
2013-03-23,,
2013-03-24,,
2013-03-25,94.675,0.01056245
2013-03-26,94.165,0.010619657
2013-03-27,94.62,0.01056859
2013-03-28,94.365,0.010597149
2013-03-29,94.235,0.010611768
2013-03-30,,
2013-03-31,,
2013-04-01,94.345,0.010599396
2013-04-02,93.205,0.010729038
2013-04-03,93.385,0.010708358
2013-04-04,92.965,0.010756736
2013-04-05,96.355,0.010378289
2013-04-06,,
2013-04-07,,
2013-04-08,98.605,0.010141474
2013-04-09,99.62,0.010038145
2013-04-10,99.2,0.010080645
2013-04-11,99.75,0.010025063
2013-04-12,99.715,0.010028581
2013-04-13,,
2013-04-14,,
2013-04-15,98.385,0.010164151
2013-04-16,97.095,0.010299192
2013-04-17,97.675,0.010238034
2013-04-18,98.125,0.010191083
2013-04-19,98.275,0.010175528
2013-04-20,,
2013-04-21,,
2013-04-22,99.85,0.010015023
2013-04-23,99.355,0.010064919
2013-04-24,99.455,0.010054799
2013-04-25,99.51,0.010049241
2013-04-26,99.365,0.010063906
2013-04-27,,
2013-04-28,,
2013-04-29,97.945,0.010209812
2013-04-30,97.885,0.01021607
2013-05-01,,
2013-05-02,97.305,0.010276964
2013-05-03,97.975,0.010206685
2013-05-04,,
2013-05-05,,
2013-05-06,99.14,0.010086746
2013-05-07,99.35,0.010065425
2013-05-08,98.8,0.010121457
2013-05-09,98.92,0.010109179
2013-05-10,100.605,0.009939864
2013-05-11,,
2013-05-12,,
2013-05-13,101.91,0.00981258
2013-05-14,101.825,0.009820771
2013-05-15,102.265,0.009778517
2013-05-16,102.285,0.009776605
2013-05-17,,
2013-05-18,,
2013-05-19,,
2013-05-20,102.855,0.009722425
2013-05-21,102.2,0.009784736
2013-05-22,102.435,0.009762288
2013-05-23,103.18,0.009691801
2013-05-24,102.105,0.00979384
2013-05-25,,
2013-05-26,,
2013-05-27,101.29,0.009872643
2013-05-28,101.13,0.009888263
2013-05-29,102.305,0.009774693
2013-05-30,101.125,0.009888752
2013-05-31,101.05,0.009896091
2013-06-01,,
2013-06-02,,
2013-06-03,100.57,0.009943323
2013-06-04,99.695,0.010030593
2013-06-05,100.215,0.009978546
2013-06-06,,
2013-06-07,97.21,0.010287008
2013-06-08,,
2013-06-09,,
2013-06-10,98.325,0.010170353
2013-06-11,98.85,0.010116338
2013-06-12,96.2,0.01039501
2013-06-13,95.765,0.010442228
2013-06-14,95.5,0.010471204
2013-06-15,,
2013-06-16,,
2013-06-17,94.245,0.010610642
2013-06-18,94.635,0.010566915
2013-06-19,95.575,0.010462987
2013-06-20,96.625,0.010349288
2013-06-21,97.055,0.010303436
2013-06-22,,
2013-06-23,,
2013-06-24,98.39,0.010163635
2013-06-25,97.505,0.010255884
2013-06-26,98.23,0.010180189
2013-06-27,97.795,0.010225472
2013-06-28,98.505,0.010151769
2013-06-29,,
2013-06-30,,
2013-07-01,99.395,0.010060868
2013-07-02,99.65,0.010035123
2013-07-03,100.8,0.009920635
2013-07-04,100.03,0.009997001
2013-07-05,100.265,0.00997357
2013-07-06,,
2013-07-07,,
2013-07-08,101.425,0.009859502
2013-07-09,100.865,0.009914242
2013-07-10,101.125,0.009888752
2013-07-11,98.875,0.01011378
2013-07-12,98.96,0.010105093
2013-07-13,,
2013-07-14,,
2013-07-15,99.245,0.010076074
2013-07-16,99.95,0.010005003
2013-07-17,99.215,0.010079121
2013-07-18,99.685,0.0100316
2013-07-19,100.59,0.009941346
2013-07-20,,
2013-07-21,,
2013-07-22,100.49,0.009951239
2013-07-23,99.475,0.010052777
2013-07-24,99.49,0.010051261
2013-07-25,100.295,0.009970587
2013-07-26,99.25,0.010075567
2013-07-27,,
2013-07-28,,
2013-07-29,97.965,0.010207727
2013-07-30,97.925,0.010211897
2013-07-31,98.08,0.010195759
2013-08-01,97.835,0.010221291
2013-08-02,99.485,0.010051767
2013-08-03,,
2013-08-04,,
2013-08-05,98.965,0.010104582
2013-08-06,98.28,0.01017501
2013-08-07,97.6,0.010245902
2013-08-08,96.49,0.010363768
2013-08-09,96.73,0.010338054
2013-08-10,,
2013-08-11,,
2013-08-12,96.32,0.01038206
2013-08-13,97.24,0.010283834
2013-08-14,98.265,0.010176563
2013-08-15,,
2013-08-16,97.245,0.010283305
2013-08-17,,
2013-08-18,,
2013-08-19,97.72,0.01023332
2013-08-20,97.64,0.010241704
2013-08-21,97.34,0.010273269
2013-08-22,97.71,0.010234367
2013-08-23,98.685,0.010133252
2013-08-24,,
2013-08-25,,
2013-08-26,98.79,0.010122482
2013-08-27,98.395,0.010163118
2013-08-28,97.095,0.010299192
2013-08-29,97.685,0.010236986
2013-08-30,98.38,0.010164668
2013-08-31,,
2013-09-01,,
2013-09-02,98.375,0.010165184
2013-09-03,99.555,0.010044699
2013-09-04,99.665,0.010033613
2013-09-05,99.81,0.010019036
2013-09-06,100.18,0.009982032
2013-09-07,,
2013-09-08,,
2013-09-09,99.93,0.010007005
2013-09-10,99.67,0.010033109
2013-09-11,100.405,0.009959663
2013-09-12,99.925,0.010007506
2013-09-13,99.59,0.010041169
2013-09-14,,
2013-09-15,,
2013-09-16,98.895,0.010111735
2013-09-17,99.1,0.010090817
2013-09-18,,
2013-09-19,,
2013-09-20,,
2013-09-21,,
2013-09-22,,
2013-09-23,99.3,0.010070493
2013-09-24,98.775,0.010124019
2013-09-25,98.755,0.01012607
2013-09-26,98.505,0.010151769
2013-09-27,98.975,0.010103562
2013-09-28,,
2013-09-29,,
2013-09-30,97.9,0.010214505
2013-10-01,98.33,0.010169836
2013-10-02,98.055,0.010198358
2013-10-03,,
2013-10-04,97.2,0.010288066
2013-10-05,,
2013-10-06,,
2013-10-07,97.215,0.010286478
2013-10-08,96.73,0.010338054
2013-10-09,,
2013-10-10,97.51,0.010255358
2013-10-11,98.165,0.01018693
2013-10-12,,
2013-10-13,,
2013-10-14,98.285,0.010174493
2013-10-15,98.685,0.010133252
2013-10-16,98.25,0.010178117
2013-10-17,98.92,0.010109179
2013-10-18,98.025,0.010201479
2013-10-19,,
2013-10-20,,
2013-10-21,97.865,0.010218158
2013-10-22,98.18,0.010185374
2013-10-23,98.13,0.010190564
2013-10-24,97.365,0.010270631
2013-10-25,97.385,0.010268522
2013-10-26,,
2013-10-27,,
2013-10-28,97.495,0.010256936
2013-10-29,97.675,0.010238034
2013-10-30,98.15,0.010188487
2013-10-31,98.505,0.010151769
2013-11-01,98.33,0.010169836
2013-11-02,,
2013-11-03,,
2013-11-04,98.725,0.010129147
2013-11-05,98.62,0.010139931
2013-11-06,98.53,0.010149193
2013-11-07,98.66,0.01013582
2013-11-08,98.15,0.010188487
2013-11-09,,
2013-11-10,,
2013-11-11,99.19,0.010081661
2013-11-12,99.185,0.01008217
2013-11-13,99.635,0.010036634
2013-11-14,99.285,0.010072015
2013-11-15,100.06,0.009994004
2013-11-16,,
2013-11-17,,
2013-11-18,100.32,0.009968102
2013-11-19,99.915,0.010008507
2013-11-20,100.16,0.009984026
2013-11-21,100.07,0.009993005
2013-11-22,101.175,0.009883865
2013-11-23,,
2013-11-24,,
2013-11-25,101.28,0.009873618
2013-11-26,101.535,0.009848821
2013-11-27,101.32,0.00986972
2013-11-28,102.23,0.009781864
2013-11-29,102.305,0.009774693
2013-11-30,,
2013-12-01,,
2013-12-02,102.565,0.009749915
2013-12-03,102.945,0.009713925
2013-12-04,102.405,0.009765148
2013-12-05,102.34,0.00977135
2013-12-06,101.645,0.009838162
2013-12-07,,
2013-12-08,,
2013-12-09,103.15,0.009694619
2013-12-10,103.3,0.009680542
2013-12-11,102.855,0.009722425
2013-12-12,102.445,0.009761335
2013-12-13,103.54,0.009658103
2013-12-14,,
2013-12-15,,
2013-12-16,103.22,0.009688045
2013-12-17,103.06,0.009703086
2013-12-18,102.57,0.009749439
2013-12-19,104.31,0.009586809
2013-12-20,104.245,0.009592786
2013-12-21,,
2013-12-22,,
2013-12-23,104.05,0.009610764
2013-12-24,104.17,0.009599693
2013-12-25,,
2013-12-26,104.445,0.009574417
2013-12-27,104.82,0.009540164
2013-12-28,,
2013-12-29,,
2013-12-30,105.36,0.009491268
2013-12-31,105.04,0.009520183
2014-01-01,,
2014-01-02,105.37,0.009490367
2014-01-03,104.785,0.009543351
2014-01-04,,
2014-01-05,,
2014-01-06,104.865,0.00953607
2014-01-07,104.24,0.009593246
2014-01-08,104.625,0.009557945
2014-01-09,104.85,0.009537434
2014-01-10,104.83,0.009539254
2014-01-11,,
2014-01-12,,
2014-01-13,104.08,0.009607994
2014-01-14,103.04,0.009704969
2014-01-15,104.24,0.009593246
2014-01-16,104.57,0.009562972
2014-01-17,104.32,0.00958589
2014-01-18,,
2014-01-19,,
2014-01-20,104.26,0.009591406
2014-01-21,104.18,0.009598771
2014-01-22,104.28,0.009589567
2014-01-23,104.52,0.009567547
2014-01-24,103.3,0.009680542
2014-01-25,,
2014-01-26,,
2014-01-27,101.955,0.009808249
2014-01-28,102.64,0.00974279
2014-01-29,103.4,0.00967118
2014-01-30,,
2014-01-31,,
2014-02-01,,
2014-02-02,,
2014-02-03,102.185,0.009786172
2014-02-04,101.05,0.009896091
2014-02-05,101.675,0.009835259
2014-02-06,101.525,0.009849791
2014-02-07,102.045,0.009799598
2014-02-08,,
2014-02-09,,
2014-02-10,102.585,0.009748014
2014-02-11,102.24,0.009780908
2014-02-12,102.585,0.009748014
2014-02-13,102.51,0.009755146
2014-02-14,102.2,0.009784736
2014-02-15,,
2014-02-16,,
2014-02-17,101.765,0.009826561
2014-02-18,101.97,0.009806806
2014-02-19,102.385,0.009767056
2014-02-20,102.335,0.009771828
2014-02-21,102.355,0.009769918
2014-02-22,,
2014-02-23,,
2014-02-24,102.56,0.00975039
2014-02-25,102.505,0.009755622
2014-02-26,102.23,0.009781864
2014-02-27,102.375,0.00976801
2014-02-28,102.19,0.009785693
2014-03-01,,
2014-03-02,,
2014-03-03,101.44,0.009858044
2014-03-04,101.425,0.009859502
2014-03-05,102.225,0.009782343
2014-03-06,102.345,0.009770873
2014-03-07,103.06,0.009703086
2014-03-08,,
2014-03-09,,
2014-03-10,103.185,0.009691331
2014-03-11,103.28,0.009682417
2014-03-12,102.985,0.009710152
2014-03-13,102.735,0.009733781
2014-03-14,101.815,0.009821736
2014-03-15,,
2014-03-16,,
2014-03-17,101.35,0.009866798
2014-03-18,101.85,0.00981836
2014-03-19,101.42,0.009859988
2014-03-20,102.41,0.009764671
2014-03-21,102.395,0.009766102
2014-03-22,,
2014-03-23,,
2014-03-24,102.18,0.009786651
2014-03-25,102.225,0.009782343
2014-03-26,102.29,0.009776127
2014-03-27,102.06,0.009798158
2014-03-28,102.215,0.0097833
2014-03-29,,
2014-03-30,,
2014-03-31,102.895,0.009718645
2014-04-01,103.22,0.009688045
2014-04-02,103.63,0.009649715
2014-04-03,103.865,0.009627882
2014-04-04,103.91,0.009623713
2014-04-05,,
2014-04-06,,
2014-04-07,103.33,0.009677732
2014-04-08,103.115,0.00969791
2014-04-09,101.91,0.00981258
2014-04-10,102.04,0.009800078
2014-04-11,101.465,0.009855615
2014-04-12,,
2014-04-13,,
2014-04-14,101.495,0.009852702
2014-04-15,101.875,0.009815951
2014-04-16,101.83,0.009820289
2014-04-17,102.22,0.009782821
2014-04-18,102.405,0.009765148
2014-04-19,,
2014-04-20,,
2014-04-21,102.435,0.009762288
2014-04-22,102.64,0.00974279
2014-04-23,102.625,0.009744214
2014-04-24,102.49,0.009757049
2014-04-25,102.265,0.009778517
2014-04-26,,
2014-04-27,,
2014-04-28,102.17,0.009787609
2014-04-29,102.49,0.009757049
2014-04-30,102.625,0.009744214
2014-05-01,,
2014-05-02,102.305,0.009774693
2014-05-03,,
2014-05-04,,
2014-05-05,,
2014-05-06,,
2014-05-07,101.67,0.009835743
2014-05-08,101.855,0.009817878
2014-05-09,101.595,0.009843004
2014-05-10,,
2014-05-11,,
2014-05-12,101.855,0.009817878
2014-05-13,102.215,0.0097833
2014-05-14,102.25,0.009779951
2014-05-15,101.845,0.009818842
2014-05-16,101.525,0.009849791
2014-05-17,,
2014-05-18,,
2014-05-19,101.55,0.009847366
2014-05-20,101.475,0.009854644
2014-05-21,101.265,0.00987508
2014-05-22,101.435,0.00985853
2014-05-23,101.775,0.009825596
2014-05-24,,
2014-05-25,,
2014-05-26,101.96,0.009807768
2014-05-27,101.92,0.009811617
2014-05-28,101.975,0.009806325
2014-05-29,101.76,0.009827044
2014-05-30,101.735,0.009829459
2014-05-31,,
2014-06-01,,
2014-06-02,101.83,0.009820289
2014-06-03,102.4,0.009765625
2014-06-04,,
2014-06-05,102.715,0.009735676
2014-06-06,,
2014-06-07,,
2014-06-08,,
2014-06-09,102.58,0.009748489
2014-06-10,102.52,0.009754194
2014-06-11,102.325,0.009772783
2014-06-12,101.985,0.009805364
2014-06-13,101.685,0.009834292
2014-06-14,,
2014-06-15,,
2014-06-16,101.995,0.009804402
2014-06-17,101.835,0.009819807
2014-06-18,102.175,0.00978713
2014-06-19,101.935,0.009810173
2014-06-20,101.93,0.009810654
2014-06-21,,
2014-06-22,,
2014-06-23,102.09,0.009795279
2014-06-24,101.89,0.009814506
2014-06-25,101.945,0.009809211
2014-06-26,101.81,0.009822218
2014-06-27,101.665,0.009836227
2014-06-28,,
2014-06-29,,
2014-06-30,101.44,0.009858044
2014-07-01,101.315,0.009870207
2014-07-02,101.545,0.009847851
2014-07-03,101.785,0.00982463
2014-07-04,102.205,0.009784257
2014-07-05,,
2014-07-06,,
2014-07-07,102.11,0.00979336
2014-07-08,101.845,0.009818842
2014-07-09,101.535,0.009848821
2014-07-10,101.615,0.009841067
2014-07-11,101.285,0.00987313
2014-07-12,,
2014-07-13,,
2014-07-14,101.38,0.009863878
2014-07-15,101.54,0.009848336
2014-07-16,101.675,0.009835259
2014-07-17,101.66,0.009836711
2014-07-18,101.175,0.009883865
2014-07-19,,
2014-07-20,,
2014-07-21,101.355,0.009866311
2014-07-22,101.405,0.009861447
2014-07-23,101.465,0.009855615
2014-07-24,101.525,0.009849791
2014-07-25,101.795,0.009823665
2014-07-26,,
2014-07-27,,
2014-07-28,101.775,0.009825596
2014-07-29,101.855,0.009817878
2014-07-30,102.105,0.00979384
2014-07-31,102.87,0.009721007
2014-08-01,102.765,0.00973094
2014-08-02,,
2014-08-03,,
2014-08-04,102.565,0.009749915
2014-08-05,102.545,0.009751816
2014-08-06,102.6,0.009746589
2014-08-07,102.115,0.009792881
2014-08-08,102.085,0.009795758
2014-08-09,,
2014-08-10,,
2014-08-11,102.1,0.009794319
2014-08-12,102.225,0.009782343
2014-08-13,102.28,0.009777083
2014-08-14,102.435,0.009762288
2014-08-15,,
2014-08-16,,
2014-08-17,,
2014-08-18,102.365,0.009768964
2014-08-19,102.63,0.00974374
2014-08-20,102.915,0.009716757
2014-08-21,103.705,0.009642737
2014-08-22,103.845,0.009629737
2014-08-23,,
2014-08-24,,
2014-08-25,104.2,0.009596929
2014-08-26,104.06,0.00960984
2014-08-27,104.09,0.009607071
2014-08-28,103.905,0.009624176
2014-08-29,103.685,0.009644597
2014-08-30,,
2014-08-31,,
2014-09-01,104.135,0.009602919
2014-09-02,104.325,0.00958543
2014-09-03,105.13,0.009512033
2014-09-04,104.84,0.009538344
2014-09-05,105.385,0.009489016
2014-09-06,,
2014-09-07,,
2014-09-08,,
2014-09-09,,
2014-09-10,,
2014-09-11,106.82,0.009361543
2014-09-12,107.055,0.009340993
2014-09-13,,
2014-09-14,,
2014-09-15,107.31,0.009318796
2014-09-16,107.135,0.009334018
2014-09-17,107.16,0.00933184
2014-09-18,108.54,0.009213193
2014-09-19,108.78,0.009192866
2014-09-20,,
2014-09-21,,
2014-09-22,108.985,0.009175575
2014-09-23,108.775,0.009193289
2014-09-24,108.835,0.009188221
2014-09-25,109.215,0.009156251
2014-09-26,108.605,0.009207679
2014-09-27,,
2014-09-28,,
2014-09-29,109.455,0.009136175
2014-09-30,109.41,0.009139932
2014-10-01,109.625,0.009122007
2014-10-02,109.09,0.009166743
2014-10-03,,
2014-10-04,,
2014-10-05,,
2014-10-06,109.82,0.00910581
2014-10-07,108.8,0.009191176
2014-10-08,107.96,0.00926269
2014-10-09,,
2014-10-10,107.895,0.00926827
2014-10-11,,
2014-10-12,,
2014-10-13,107.36,0.009314456
2014-10-14,107.015,0.009344484
2014-10-15,107.225,0.009326183
2014-10-16,106.045,0.009429959
2014-10-17,106.455,0.009393641
2014-10-18,,
2014-10-19,,
2014-10-20,107.185,0.009329664
2014-10-21,106.925,0.00935235
2014-10-22,107.045,0.009341866
2014-10-23,107.18,0.009330099
2014-10-24,108.175,0.00924428
2014-10-25,,
2014-10-26,,
2014-10-27,108.15,0.009246417
2014-10-28,107.835,0.009273427
2014-10-29,108.115,0.00924941
2014-10-30,108.785,0.009192444
2014-10-31,109.33,0.00914662
2014-11-01,,
2014-11-02,,
2014-11-03,112.925,0.008855435
2014-11-04,113.795,0.008787732
2014-11-05,113.46,0.008813679
2014-11-06,114.67,0.008720677
2014-11-07,115.225,0.008678672
2014-11-08,,
2014-11-09,,
2014-11-10,114.49,0.008734387
2014-11-11,114.83,0.008708526
2014-11-12,115.865,0.008630734
2014-11-13,115.58,0.008652016
2014-11-14,115.795,0.008635951
2014-11-15,,
2014-11-16,,
2014-11-17,116.555,0.008579641
2014-11-18,116.685,0.008570082
2014-11-19,116.86,0.008557248
2014-11-20,118.15,0.008463817
2014-11-21,118.3,0.008453085
2014-11-22,,
2014-11-23,,
2014-11-24,117.93,0.008479607
2014-11-25,118.35,0.008449514
2014-11-26,117.925,0.008479966
2014-11-27,117.615,0.008502317
2014-11-28,117.91,0.008481045
2014-11-29,,
2014-11-30,,
2014-12-01,118.78,0.008418926
2014-12-02,118.265,0.008455587
2014-12-03,119.225,0.008387503
2014-12-04,119.805,0.008346897
2014-12-05,119.815,0.0083462
2014-12-06,,
2014-12-07,,
2014-12-08,121.76,0.008212878
2014-12-09,120.55,0.008295313
2014-12-10,119.65,0.00835771
2014-12-11,117.925,0.008479966
2014-12-12,118.92,0.008409014
2014-12-13,,
2014-12-14,,
2014-12-15,118.305,0.008452728
2014-12-16,117.755,0.008492208
2014-12-17,116.545,0.008580377
2014-12-18,118.99,0.008404068
2014-12-19,118.925,0.008408661
2014-12-20,,
2014-12-21,,
2014-12-22,119.54,0.008365401
2014-12-23,120.125,0.008324662
2014-12-24,120.73,0.008282945
2014-12-25,,
2014-12-26,120.27,0.008314625
2014-12-27,,
2014-12-28,,
2014-12-29,120.39,0.008306338
2014-12-30,120.68,0.008286377
2014-12-31,119.46,0.008371003
2015-01-01,,
2015-01-02,119.83,0.008345156
2015-01-03,,
2015-01-04,,
2015-01-05,120.505,0.008298411
2015-01-06,119.37,0.008377314
2015-01-07,118.54,0.008435971
2015-01-08,119.295,0.008382581
2015-01-09,119.78,0.008348639
2015-01-10,,
2015-01-11,,
2015-01-12,118.29,0.0084538
2015-01-13,118.385,0.008447016
2015-01-14,117.815,0.008487884
2015-01-15,117.27,0.00852733
2015-01-16,116.41,0.008590327
2015-01-17,,
2015-01-18,,
2015-01-19,117.495,0.008511
2015-01-20,117.74,0.00849329
2015-01-21,118.665,0.008427085
2015-01-22,117.955,0.008477809
2015-01-23,118.665,0.008427085
2015-01-24,,
2015-01-25,,
2015-01-26,117.63,0.008501233
2015-01-27,118.44,0.008443094
2015-01-28,117.755,0.008492208
2015-01-29,117.445,0.008514624
2015-01-30,118.39,0.008446659
2015-01-31,,
2015-02-01,,
2015-02-02,117.105,0.008539345
2015-02-03,117.625,0.008501594
2015-02-04,117.545,0.00850738
2015-02-05,117.255,0.008528421
2015-02-06,117.505,0.008510276
2015-02-07,,
2015-02-08,,
2015-02-09,119.05,0.008399832
2015-02-10,118.63,0.008429571
2015-02-11,119.435,0.008372755
2015-02-12,120.285,0.008313589
2015-02-13,119.115,0.008395248
2015-02-14,,
2015-02-15,,
2015-02-16,118.67,0.00842673
2015-02-17,118.445,0.008442737
2015-02-18,,
2015-02-19,,
2015-02-20,,
2015-02-21,,
2015-02-22,,
2015-02-23,119.06,0.008399126
2015-02-24,118.855,0.008413613
2015-02-25,118.97,0.00840548
2015-02-26,118.85,0.008413967
2015-02-27,119.385,0.008376262
2015-02-28,,
2015-03-01,,
2015-03-02,119.715,0.008353172
2015-03-03,120.185,0.008320506
2015-03-04,119.69,0.008354917
2015-03-05,119.68,0.008355615
2015-03-06,120.105,0.008326048
2015-03-07,,
2015-03-08,,
2015-03-09,120.73,0.008282945
2015-03-10,121.37,0.008239268
2015-03-11,121.065,0.008260026
2015-03-12,121.435,0.008234858
2015-03-13,121.345,0.008240966
2015-03-14,,
2015-03-15,,
2015-03-16,121.345,0.008240966
2015-03-17,121.385,0.00823825
2015-03-18,121.345,0.008240966
2015-03-19,120.23,0.008317392
2015-03-20,120.805,0.008277803
2015-03-21,,
2015-03-22,,
2015-03-23,120.04,0.008330556
2015-03-24,119.605,0.008360854
2015-03-25,119.755,0.008350382
2015-03-26,119.475,0.008369952
2015-03-27,119.205,0.00838891
2015-03-28,,
2015-03-29,,
2015-03-30,119.225,0.008387503
2015-03-31,120.075,0.008328128
2015-04-01,120.015,0.008332292
2015-04-02,119.665,0.008356662
2015-04-03,119.735,0.008351777
2015-04-04,,
2015-04-05,,
2015-04-06,118.905,0.008410075
2015-04-07,119.5,0.008368201
2015-04-08,120.285,0.008313589
2015-04-09,120.12,0.008325008
2015-04-10,120.545,0.008295657
2015-04-11,,
2015-04-12,,
2015-04-13,120.215,0.008318429
2015-04-14,120.085,0.008327435
2015-04-15,119.395,0.00837556
2015-04-16,119.175,0.008391022
2015-04-17,119.015,0.008402302
2015-04-18,,
2015-04-19,,
2015-04-20,118.955,0.00840654
2015-04-21,119.285,0.008383284
2015-04-22,119.655,0.008357361
2015-04-23,119.985,0.008334375
2015-04-24,119.585,0.008362253
2015-04-25,,
2015-04-26,,
2015-04-27,118.885,0.00841149
2015-04-28,119.095,0.008396658
2015-04-29,118.845,0.008414321
2015-04-30,119.045,0.008400185
2015-05-01,,
2015-05-02,,
2015-05-03,,
2015-05-04,120.17,0.008321544
2015-05-05,,
2015-05-06,119.94,0.008337502
2015-05-07,119.405,0.008374859
2015-05-08,119.725,0.008352474
2015-05-09,,
2015-05-10,,
2015-05-11,119.835,0.008344807
2015-05-12,120.125,0.008324662
2015-05-13,119.885,0.008341327
2015-05-14,119.16,0.008392078
2015-05-15,119.19,0.008389966
2015-05-16,,
2015-05-17,,
2015-05-18,119.4,0.008375209
2015-05-19,119.95,0.008336807
2015-05-20,120.675,0.008286721
2015-05-21,121.235,0.008248443
2015-05-22,121.045,0.00826139
2015-05-23,,
2015-05-24,,
2015-05-25,,
2015-05-26,121.55,0.008227067
2015-05-27,123.005,0.008129751
2015-05-28,123.725,0.008082441
2015-05-29,123.85,0.008074283
2015-05-30,,
2015-05-31,,
2015-06-01,124.165,0.008053799
2015-06-02,124.825,0.008011216
2015-06-03,124.055,0.008060941
2015-06-04,124.335,0.008042788
2015-06-05,124.435,0.008036324
2015-06-06,,
2015-06-07,,
2015-06-08,125.645,0.007958932
2015-06-09,124.595,0.008026004
2015-06-10,124.38,0.008039878
2015-06-11,122.815,0.008142328
2015-06-12,123.5,0.008097166
2015-06-13,,
2015-06-14,,
2015-06-15,123.335,0.008107999
2015-06-16,123.405,0.008103399
2015-06-17,123.385,0.008104713
2015-06-18,123.475,0.008098805
2015-06-19,122.965,0.008132395
2015-06-20,,
2015-06-21,,
2015-06-22,122.735,0.008147635
2015-06-23,123.375,0.00810537
2015-06-24,123.9,0.008071025
2015-06-25,123.86,0.008073632
2015-06-26,123.565,0.008092907
2015-06-27,,
2015-06-28,,
2015-06-29,122.615,0.008155609
2015-06-30,122.565,0.008158936
2015-07-01,122.405,0.008169601
2015-07-02,123.235,0.008114578
2015-07-03,123.065,0.008125787
2015-07-04,,
2015-07-05,,
2015-07-06,122.295,0.008176949
2015-07-07,122.6,0.008156607
2015-07-08,122.535,0.008160934
2015-07-09,120.715,0.008283975
2015-07-10,121.705,0.008216589
2015-07-11,,
2015-07-12,,
2015-07-13,122.555,0.008159602
2015-07-14,123.545,0.008094217
2015-07-15,123.355,0.008106684
2015-07-16,123.925,0.008069397
2015-07-17,124.145,0.008055097
2015-07-18,,
2015-07-19,,
2015-07-20,124.105,0.008057693
2015-07-21,124.285,0.008046023
2015-07-22,123.855,0.008073957
2015-07-23,123.985,0.008065492
2015-07-24,123.885,0.008072002
2015-07-25,,
2015-07-26,,
2015-07-27,123.795,0.008077871
2015-07-28,123.3,0.0081103
2015-07-29,123.58,0.008091924
2015-07-30,123.93,0.008069071
2015-07-31,124.17,0.008053475
2015-08-01,,
2015-08-02,,
2015-08-03,123.96,0.008067118
2015-08-04,123.98,0.008065817
2015-08-05,124.305,0.008044729
2015-08-06,124.78,0.008014105
2015-08-07,124.7,0.008019246
2015-08-08,,
2015-08-09,,
2015-08-10,124.29,0.0080457
2015-08-11,124.545,0.008029226
2015-08-12,125.07,0.007995523
2015-08-13,124.205,0.008051206
2015-08-14,,
2015-08-15,,
2015-08-16,,
2015-08-17,124.31,0.008044405
2015-08-18,124.435,0.008036324
2015-08-19,124.385,0.008039555
2015-08-20,123.9,0.008071025
2015-08-21,123.47,0.008099133
2015-08-22,,
2015-08-23,,
2015-08-24,121.355,0.008240287
2015-08-25,118.5,0.008438819
2015-08-26,118.945,0.008407247
2015-08-27,120.265,0.008314971
2015-08-28,121.075,0.008259343
2015-08-29,,
2015-08-30,,
2015-08-31,121.26,0.008246743
2015-09-01,121.22,0.008249464
2015-09-02,119.61,0.008360505
2015-09-03,120.46,0.008301511
2015-09-04,120.15,0.00832293
2015-09-05,,
2015-09-06,,
2015-09-07,119.08,0.008397716
2015-09-08,119.29,0.008382932
2015-09-09,119.955,0.00833646
2015-09-10,120.395,0.008305993
2015-09-11,120.72,0.008283632
2015-09-12,,
2015-09-13,,
2015-09-14,120.675,0.008286721
2015-09-15,120.33,0.00831048
2015-09-16,120.39,0.008306338
2015-09-17,120.565,0.008294281
2015-09-18,120.145,0.008323276
2015-09-19,,
2015-09-20,,
2015-09-21,119.985,0.008334375
2015-09-22,120.515,0.008297722
2015-09-23,120.03,0.008331251
2015-09-24,120.28,0.008313934
2015-09-25,120.28,0.008313934
2015-09-26,,
2015-09-27,,
2015-09-28,,
2015-09-29,,
2015-09-30,119.835,0.008344807
2015-10-01,119.93,0.008338197
2015-10-02,119.83,0.008345156
2015-10-03,,
2015-10-04,,
2015-10-05,119.965,0.008335765
2015-10-06,120.425,0.008303924
2015-10-07,120.23,0.008317392
2015-10-08,119.965,0.008335765
2015-10-09,,
2015-10-10,,
2015-10-11,,
2015-10-12,120.225,0.008317738
2015-10-13,120.03,0.008331251
2015-10-14,119.77,0.008349336
2015-10-15,118.84,0.008414675
2015-10-16,118.935,0.008407954
2015-10-17,,
2015-10-18,,
2015-10-19,119.38,0.008376612
2015-10-20,119.53,0.008366101
2015-10-21,119.83,0.008345156
2015-10-22,119.885,0.008341327
2015-10-23,120.735,0.008282602
2015-10-24,,
2015-10-25,,
2015-10-26,121.375,0.008238929
2015-10-27,121.07,0.008259684
2015-10-28,120.42,0.008304268
2015-10-29,121.105,0.008257297
2015-10-30,120.995,0.008264804
2015-10-31,,
2015-11-01,,
2015-11-02,120.555,0.008294969
2015-11-03,120.735,0.008282602
2015-11-04,121.065,0.008260026
2015-11-05,121.535,0.008228082
2015-11-06,121.72,0.008215577
2015-11-07,,
2015-11-08,,
2015-11-09,123.315,0.008109314
2015-11-10,123.075,0.008125127
2015-11-11,123.205,0.008116554
2015-11-12,122.79,0.008143986
2015-11-13,122.615,0.008155609
2015-11-14,,
2015-11-15,,
2015-11-16,122.395,0.008170268
2015-11-17,123.245,0.008113919
2015-11-18,123.445,0.008100774
2015-11-19,123.555,0.008093562
2015-11-20,122.925,0.008135042
2015-11-21,,
2015-11-22,,
2015-11-23,122.87,0.008138683
2015-11-24,122.91,0.008136034
2015-11-25,122.515,0.008162266
2015-11-26,122.71,0.008149295
2015-11-27,122.615,0.008155609
2015-11-28,,
2015-11-29,,
2015-11-30,122.81,0.008142659
2015-12-01,123.175,0.008118531
2015-12-02,122.935,0.00813438
2015-12-03,123.29,0.008110958
2015-12-04,122.67,0.008151952
2015-12-05,,
2015-12-06,,
2015-12-07,123.195,0.008117213
2015-12-08,123.385,0.008104713
2015-12-09,122.885,0.00813769
2015-12-10,121.595,0.008224022
2015-12-11,121.625,0.008221994
2015-12-12,,
2015-12-13,,
2015-12-14,121.07,0.008259684
2015-12-15,120.995,0.008264804
2015-12-16,121.64,0.00822098
2015-12-17,122.405,0.008169601
2015-12-18,122.6,0.008156607
2015-12-19,,
2015-12-20,,
2015-12-21,121.32,0.008242664
2015-12-22,121.225,0.008249124
2015-12-23,121.045,0.00826139
2015-12-24,120.925,0.008269589
2015-12-25,,
2015-12-26,,
2015-12-27,,
2015-12-28,120.22,0.008318084
2015-12-29,120.37,0.008307718
2015-12-30,120.51,0.008298067
2015-12-31,120.575,0.008293593
2016-01-01,,
2016-01-02,,
2016-01-03,,
2016-01-04,120.305,0.008312206
2016-01-05,119.335,0.008379771
2016-01-06,119.11,0.008395601
2016-01-07,118.475,0.008440599
2016-01-08,117.555,0.008506656
2016-01-09,,
2016-01-10,,
2016-01-11,116.875,0.00855615
2016-01-12,117.685,0.00849726
2016-01-13,117.715,0.008495094
2016-01-14,117.62,0.008501955
2016-01-15,118.145,0.008464175
2016-01-16,,
2016-01-17,,
2016-01-18,116.925,0.008552491
2016-01-19,117.405,0.008517525
2016-01-20,117.625,0.008501594
2016-01-21,116.935,0.00855176
2016-01-22,117.81,0.008488244
2016-01-23,,
2016-01-24,,
2016-01-25,118.725,0.008422826
2016-01-26,118.345,0.008449871
2016-01-27,118.375,0.00844773
2016-01-28,118.605,0.008431348
2016-01-29,118.805,0.008417154
2016-01-30,,
2016-01-31,,
2016-02-01,121.425,0.008235536
2016-02-02,120.975,0.008266171
2016-02-03,119.785,0.008348291
2016-02-04,117.945,0.008478528
2016-02-05,116.835,0.008559079
2016-02-06,,
2016-02-07,,
2016-02-08,,
2016-02-09,,
2016-02-10,,
2016-02-11,113.455,0.008814067
2016-02-12,112.505,0.008888494
2016-02-13,,
2016-02-14,,
2016-02-15,113.585,0.008803979
2016-02-16,114.425,0.008739349
2016-02-17,114.175,0.008758485
2016-02-18,114.125,0.008762322
2016-02-19,113.285,0.008827294
2016-02-20,,
2016-02-21,,
2016-02-22,112.485,0.008890074
2016-02-23,112.92,0.008855827
2016-02-24,112.005,0.008928173
2016-02-25,111.975,0.008930565
2016-02-26,112.905,0.008857004
2016-02-27,,
2016-02-28,,
2016-02-29,113.775,0.008789277
2016-03-01,,
2016-03-02,114.015,0.008770776
2016-03-03,113.565,0.00880553
2016-03-04,113.735,0.008792368
2016-03-05,,
2016-03-06,,
2016-03-07,113.845,0.008783873
2016-03-08,113.32,0.008824568
2016-03-09,112.655,0.008876659
2016-03-10,113.325,0.008824178
2016-03-11,113.135,0.008838998
2016-03-12,,
2016-03-13,,
2016-03-14,113.735,0.008792368
2016-03-15,113.795,0.008787732
2016-03-16,113.165,0.008836654
2016-03-17,112.75,0.00886918
2016-03-18,111.39,0.008977467
2016-03-19,,
2016-03-20,,
2016-03-21,111.545,0.008964992
2016-03-22,112.09,0.008921402
2016-03-23,112.28,0.008906306
2016-03-24,112.425,0.008894819
2016-03-25,112.785,0.008866427
2016-03-26,,
2016-03-27,,
2016-03-28,113.335,0.0088234
2016-03-29,113.405,0.008817953
2016-03-30,112.755,0.008868786
2016-03-31,112.425,0.008894819
2016-04-01,112.555,0.008884545
2016-04-02,,
2016-04-03,,
2016-04-04,111.705,0.008952151
2016-04-05,111.235,0.008989976
2016-04-06,110.29,0.009067005
2016-04-07,109.725,0.009113693
2016-04-08,108.355,0.009228923
2016-04-09,,
2016-04-10,,
2016-04-11,108.225,0.009240009
2016-04-12,107.895,0.00926827
2016-04-13,,
2016-04-14,109.405,0.00914035
2016-04-15,109.385,0.009142021
2016-04-16,,
2016-04-17,,
2016-04-18,108.38,0.009226795
2016-04-19,108.855,0.009186533
2016-04-20,109.215,0.009156251
2016-04-21,109.83,0.00910498
2016-04-22,109.435,0.009137844
2016-04-23,,
2016-04-24,,
2016-04-25,111.495,0.008969012
2016-04-26,111.18,0.008994423
2016-04-27,111.295,0.00898513
2016-04-28,111.485,0.008969817
2016-04-29,108.1,0.009250694
2016-04-30,,
2016-05-01,,
2016-05-02,106.555,0.009384825
2016-05-03,106.435,0.009395406
2016-05-04,106.765,0.009366365
2016-05-05,,
2016-05-06,,
2016-05-07,,
2016-05-08,,
2016-05-09,107.285,0.009320968
2016-05-10,108.375,0.00922722
2016-05-11,109.255,0.009152899
2016-05-12,108.425,0.009222965
2016-05-13,108.985,0.009175575
2016-05-14,,
2016-05-15,,
2016-05-16,108.555,0.00921192
2016-05-17,109.07,0.009168424
2016-05-18,109.13,0.009163383
2016-05-19,110.135,0.009079766
2016-05-20,109.925,0.009097112
2016-05-21,,
2016-05-22,,
2016-05-23,110.165,0.009077293
2016-05-24,109.255,0.009152899
2016-05-25,110.045,0.009087192
2016-05-26,110.165,0.009077293
2016-05-27,109.725,0.009113693
2016-05-28,,
2016-05-29,,
2016-05-30,110.685,0.009034648
2016-05-31,110.985,0.009010227
2016-06-01,110.675,0.009035464
2016-06-02,109.495,0.009132837
2016-06-03,108.865,0.009185689
2016-06-04,,
2016-06-05,,
2016-06-06,,
2016-06-07,107.495,0.009302758
2016-06-08,107.365,0.009314022
2016-06-09,106.92,0.009352787
2016-06-10,107.005,0.009345358
2016-06-11,,
2016-06-12,,
2016-06-13,106.695,0.00937251
2016-06-14,106.075,0.009427292
2016-06-15,106.035,0.009430848
2016-06-16,105.855,0.009446885
2016-06-17,104.345,0.009583593
2016-06-18,,
2016-06-19,,
2016-06-20,104.635,0.009557032
2016-06-21,103.875,0.009626955
2016-06-22,104.725,0.009548818
2016-06-23,104.725,0.009548818
2016-06-24,105.915,0.009441533
2016-06-25,,
2016-06-26,,
2016-06-27,102.145,0.009790004
2016-06-28,101.935,0.009810173
2016-06-29,102.63,0.00974374
2016-06-30,102.875,0.009720535
2016-07-01,103.2,0.009689922
2016-07-02,,
2016-07-03,,
2016-07-04,102.595,0.009747064
2016-07-05,102.535,0.009752767
2016-07-06,101.575,0.009844942
2016-07-07,101.145,0.009886796
2016-07-08,100.705,0.009929994
2016-07-09,,
2016-07-10,,
2016-07-11,100.655,0.009934926
2016-07-12,102.685,0.009738521
2016-07-13,104.735,0.009547907
2016-07-14,104.135,0.009602919
2016-07-15,105.315,0.009495324
2016-07-16,,
2016-07-17,,
2016-07-18,105.535,0.009475529
2016-07-19,106.21,0.009415309
2016-07-20,106.235,0.009413094
2016-07-21,107.155,0.009332276
2016-07-22,105.855,0.009446885
2016-07-23,,
2016-07-24,,
2016-07-25,106.325,0.009405126
2016-07-26,105.725,0.009458501
2016-07-27,104.695,0.009551555
2016-07-28,105.215,0.009504348
2016-07-29,104.845,0.009537889
2016-07-30,,
2016-07-31,,
2016-08-01,102.335,0.009771828
2016-08-02,102.405,0.009765148
2016-08-03,101.015,0.00989952
2016-08-04,101.285,0.00987313
2016-08-05,101.175,0.009883865
2016-08-06,,
2016-08-07,,
2016-08-08,102.145,0.009790004
2016-08-09,102.405,0.009765148
2016-08-10,101.93,0.009810654
2016-08-11,101.215,0.009879959
2016-08-12,101.875,0.009815951
2016-08-13,,
2016-08-14,,
2016-08-15,,
2016-08-16,101.195,0.009881911
2016-08-17,100.315,0.009968599
2016-08-18,100.105,0.009989511
2016-08-19,100.095,0.009990509
2016-08-20,,
2016-08-21,,
2016-08-22,100.375,0.00996264
2016-08-23,100.33,0.009967109
2016-08-24,100.265,0.00997357
2016-08-25,100.475,0.009952725
2016-08-26,100.565,0.009943817
2016-08-27,,
2016-08-28,,
2016-08-29,101.915,0.009812098
2016-08-30,101.96,0.009807768
2016-08-31,102.965,0.009712038
2016-09-01,103.35,0.009675859
2016-09-02,103.225,0.009687576
2016-09-03,,
2016-09-04,,
2016-09-05,104.025,0.009613074
2016-09-06,103.445,0.009666973
2016-09-07,102.065,0.009797678
2016-09-08,101.675,0.009835259
2016-09-09,102.325,0.009772783
2016-09-10,,
2016-09-11,,
2016-09-12,102.395,0.009766102
2016-09-13,101.84,0.009819324
2016-09-14,,
2016-09-15,,
2016-09-16,,
2016-09-17,,
2016-09-18,,
2016-09-19,102.3,0.009775171
2016-09-20,101.805,0.0098227
2016-09-21,101.715,0.009831392
2016-09-22,100.39,0.009961152
2016-09-23,100.805,0.009920143
2016-09-24,,
2016-09-25,,
2016-09-26,100.985,0.009902461
2016-09-27,100.325,0.009967605
2016-09-28,100.345,0.009965619
2016-09-29,100.915,0.00990933
2016-09-30,101.165,0.009884842
2016-10-01,,
2016-10-02,,
2016-10-03,,
2016-10-04,101.72,0.009830908
2016-10-05,102.82,0.009725734
2016-10-06,103.495,0.009662303
2016-10-07,103.865,0.009627882
2016-10-08,,
2016-10-09,,
2016-10-10,103.045,0.009704498
2016-10-11,103.655,0.009647388
2016-10-12,103.375,0.009673519
2016-10-13,104.25,0.009592326
2016-10-14,103.615,0.009651112
2016-10-15,,
2016-10-16,,
2016-10-17,104.175,0.009599232
2016-10-18,103.88,0.009626492
2016-10-19,103.86,0.009628346
2016-10-20,103.385,0.009672583
2016-10-21,104.015,0.009613998
2016-10-22,,
2016-10-23,,
2016-10-24,103.96,0.009619084
2016-10-25,104.32,0.00958589
2016-10-26,104.095,0.009606609
2016-10-27,104.555,0.009564344
2016-10-28,105.25,0.009501188
2016-10-29,,
2016-10-30,,
2016-10-31,104.64,0.009556575
2016-11-01,104.845,0.009537889
2016-11-02,104.04,0.009611688
2016-11-03,103.36,0.009674923
2016-11-04,102.96,0.00971251
2016-11-05,,
2016-11-06,,
2016-11-07,103.985,0.009616772
2016-11-08,104.545,0.009565259
2016-11-09,105.18,0.009507511
2016-11-10,105.755,0.009455818
2016-11-11,106.86,0.009358039
2016-11-12,,
2016-11-13,,
2016-11-14,106.76,0.009366804
2016-11-15,108.265,0.009236595
2016-11-16,109.05,0.009170105
2016-11-17,108.82,0.009189487
2016-11-18,110.185,0.009075646
2016-11-19,,
2016-11-20,,
2016-11-21,110.985,0.009010227
2016-11-22,110.87,0.009019572
2016-11-23,111.14,0.008997661
2016-11-24,112.54,0.00888573
2016-11-25,113.255,0.008829632
2016-11-26,,
2016-11-27,,
2016-11-28,112.885,0.008858573
2016-11-29,111.815,0.008943344
2016-11-30,112.485,0.008890074
2016-12-01,114.425,0.008739349
2016-12-02,114.125,0.008762322
2016-12-03,,
2016-12-04,,
2016-12-05,113.2,0.008833922
2016-12-06,113.81,0.008786574
2016-12-07,114.04,0.008768853
2016-12-08,113.615,0.008801655
2016-12-09,114.115,0.00876309
2016-12-10,,
2016-12-11,,
2016-12-12,115.485,0.008659133
2016-12-13,114.895,0.008703599
2016-12-14,115.225,0.008678672
2016-12-15,117.265,0.008527694
2016-12-16,118.26,0.008455945
2016-12-17,,
2016-12-18,,
2016-12-19,117.765,0.008491487
2016-12-20,117.11,0.00853898
2016-12-21,117.85,0.008485363
2016-12-22,117.485,0.008511725
2016-12-23,117.595,0.008503763
2016-12-24,,
2016-12-25,,
2016-12-26,117.245,0.008529148
2016-12-27,117.2,0.008532423
2016-12-28,117.475,0.008512449
2016-12-29,117.05,0.008543358
2016-12-30,116.56,0.008579272
2016-12-31,,
2017-01-01,,
2017-01-02,116.825,0.008559812
2017-01-03,117.395,0.00851825
2017-01-04,117.565,0.008505933
2017-01-05,117.325,0.008523333
2017-01-06,115.475,0.008659883
2017-01-07,,
2017-01-08,,
2017-01-09,117.175,0.008534244
2017-01-10,115.895,0.0086285
2017-01-11,115.815,0.00863446
2017-01-12,115.38,0.008667013
2017-01-13,114.675,0.008720296
2017-01-14,,
2017-01-15,,
2017-01-16,114.285,0.008750055
2017-01-17,114.085,0.008765394
2017-01-18,112.71,0.008872327
2017-01-19,114.555,0.008729431
2017-01-20,115.045,0.008692251
2017-01-21,,
2017-01-22,,
2017-01-23,114.31,0.008748141
2017-01-24,112.63,0.008878629
2017-01-25,113.865,0.00878233
2017-01-26,113.38,0.008819898
2017-01-27,,
2017-01-28,,
2017-01-29,,
2017-01-30,,
2017-01-31,113.745,0.008791595
2017-02-01,112.69,0.008873902
2017-02-02,113.31,0.008825346
2017-02-03,112.835,0.008862498
2017-02-04,,
2017-02-05,,
2017-02-06,112.525,0.008886914
2017-02-07,111.815,0.008943344
2017-02-08,112.37,0.008899172
2017-02-09,111.87,0.008938947
2017-02-10,113.345,0.008822621
2017-02-11,,
2017-02-12,,
2017-02-13,113.725,0.008793141
2017-02-14,113.78,0.008788891
2017-02-15,114.355,0.008744699
2017-02-16,114.245,0.008753118
2017-02-17,113.285,0.008827294
2017-02-18,,
2017-02-19,,
2017-02-20,112.945,0.008853867
2017-02-21,113.155,0.008837435
2017-02-22,113.72,0.008793528
2017-02-23,113.305,0.008825736
2017-02-24,112.735,0.00887036
2017-02-25,,
2017-02-26,,
2017-02-27,112.255,0.008908289
2017-02-28,112.755,0.008868786
2017-03-01,,
2017-03-02,113.985,0.008773084
2017-03-03,114.405,0.008740877
2017-03-04,,
2017-03-05,,
2017-03-06,114.055,0.0087677
2017-03-07,113.995,0.008772315
2017-03-08,113.955,0.008775394
2017-03-09,114.435,0.008738585
2017-03-10,115.155,0.008683948
2017-03-11,,
2017-03-12,,
2017-03-13,114.84,0.008707767
2017-03-14,114.935,0.00870057
2017-03-15,114.685,0.008719536
2017-03-16,113.395,0.008818731
2017-03-17,113.395,0.008818731
2017-03-18,,
2017-03-19,,
2017-03-20,112.725,0.008871147
2017-03-21,112.465,0.008891655
2017-03-22,111.515,0.008967403
2017-03-23,111.245,0.008989168
2017-03-24,111.005,0.009008603
2017-03-25,,
2017-03-26,,
2017-03-27,110.63,0.009039139
2017-03-28,110.645,0.009037914
2017-03-29,111.215,0.008991593
2017-03-30,111.115,0.008999685
2017-03-31,111.775,0.008946544
2017-04-01,,
2017-04-02,,
2017-04-03,111.34,0.008981498
2017-04-04,110.815,0.009024049
2017-04-05,110.815,0.009024049
2017-04-06,110.425,0.00905592
2017-04-07,110.855,0.009020793
2017-04-08,,
2017-04-09,,
2017-04-10,111.305,0.008984322
2017-04-11,110.765,0.009028123
2017-04-12,109.685,0.009117017
2017-04-13,109.075,0.009168004
2017-04-14,109.155,0.009161284
2017-04-15,,
2017-04-16,,
2017-04-17,108.555,0.00921192
2017-04-18,109.025,0.009172208
2017-04-19,108.435,0.009222115
2017-04-20,108.855,0.009186533
2017-04-21,109.37,0.009143275
2017-04-22,,
2017-04-23,,
2017-04-24,110.075,0.009084715
2017-04-25,109.815,0.009106224
2017-04-26,111.06,0.009004142
2017-04-27,111.175,0.008994828
2017-04-28,111.235,0.008989976
2017-04-29,,
2017-04-30,,
2017-05-01,,
2017-05-02,111.865,0.008939347
2017-05-03,,
2017-05-04,112.705,0.008872721
2017-05-05,,
2017-05-06,,
2017-05-07,,
2017-05-08,112.825,0.008863284
2017-05-09,,
2017-05-10,113.765,0.00879005
2017-05-11,114.295,0.008749289
2017-05-12,113.765,0.00879005
2017-05-13,,
2017-05-14,,
2017-05-15,113.305,0.008825736
2017-05-16,113.665,0.008797783
2017-05-17,112.76,0.008868393
2017-05-18,110.965,0.009011851
2017-05-19,111.445,0.008973036
2017-05-20,,
2017-05-21,,
2017-05-22,111.175,0.008994828
2017-05-23,111.075,0.009002926
2017-05-24,111.8,0.008944544
2017-05-25,111.585,0.008961778
2017-05-26,111.765,0.008947345
2017-05-27,,
2017-05-28,,
2017-05-29,111.23,0.00899038
2017-05-30,111.245,0.008989168
2017-05-31,110.805,0.009024863
2017-06-01,110.775,0.009027308
2017-06-02,111.405,0.008976258
2017-06-03,,
2017-06-04,,
2017-06-05,110.425,0.00905592
2017-06-06,,
2017-06-07,109.435,0.009137844
2017-06-08,109.765,0.009110372
2017-06-09,109.995,0.009091322
2017-06-10,,
2017-06-11,,
2017-06-12,110.345,0.009062486
2017-06-13,109.865,0.00910208
2017-06-14,110.055,0.009086366
2017-06-15,109.31,0.009148294
2017-06-16,110.87,0.009019572
2017-06-17,,
2017-06-18,,
2017-06-19,110.865,0.009019979
2017-06-20,111.65,0.008956561
2017-06-21,111.335,0.008981901
2017-06-22,111.315,0.008983515
2017-06-23,111.295,0.00898513
2017-06-24,,
2017-06-25,,
2017-06-26,111.225,0.008990784
2017-06-27,111.885,0.008937749
2017-06-28,112.195,0.008913053
2017-06-29,112.335,0.008901945
2017-06-30,111.995,0.00892897
2017-07-01,,
2017-07-02,,
2017-07-03,112.35,0.008900757
2017-07-04,113.36,0.008821454
2017-07-05,113.095,0.008842124
2017-07-06,113.165,0.008836654
2017-07-07,113.17,0.008836264
2017-07-08,,
2017-07-09,,
2017-07-10,113.985,0.008773084
2017-07-11,114.06,0.008767315
2017-07-12,113.855,0.008783101
2017-07-13,113.295,0.008826515
2017-07-14,113.385,0.008819509
2017-07-15,,
2017-07-16,,
2017-07-17,112.485,0.008890074
2017-07-18,112.635,0.008878235
2017-07-19,112.06,0.008923791
2017-07-20,111.84,0.008941345
2017-07-21,111.895,0.00893695
2017-07-22,,
2017-07-23,,
2017-07-24,111.125,0.008998875
2017-07-25,111.165,0.008995637
2017-07-26,111.885,0.008937749
2017-07-27,111.16,0.008996042
2017-07-28,111.19,0.008993615
2017-07-29,,
2017-07-30,,
2017-07-31,110.555,0.009045272
2017-08-01,110.335,0.009063307
2017-08-02,110.345,0.009062486
2017-08-03,110.775,0.009027308
2017-08-04,109.94,0.00909587
2017-08-05,,
2017-08-06,,
2017-08-07,110.775,0.009027308
2017-08-08,110.75,0.009029345
2017-08-09,110.14,0.009079354
2017-08-10,109.975,0.009092976
2017-08-11,109.175,0.009159606
2017-08-12,,
2017-08-13,,
2017-08-14,109.18,0.009159187
2017-08-15,,
2017-08-16,110.595,0.009042
2017-08-17,110.085,0.00908389
2017-08-18,109.515,0.009131169
2017-08-19,,
2017-08-20,,
2017-08-21,109.395,0.009141186
2017-08-22,109.02,0.009172629
2017-08-23,109.705,0.009115355
2017-08-24,108.89,0.00918358
2017-08-25,109.555,0.009127835
2017-08-26,,
2017-08-27,,
2017-08-28,109.285,0.009150387
2017-08-29,108.655,0.009203442
2017-08-30,109.635,0.009121175
2017-08-31,110.355,0.009061665
2017-09-01,110.055,0.009086366
2017-09-02,,
2017-09-03,,
2017-09-04,109.805,0.009107053
2017-09-05,109.695,0.009116186
2017-09-06,108.595,0.009208527
2017-09-07,109.185,0.009158767
2017-09-08,108.34,0.009230201
2017-09-09,,
2017-09-10,,
2017-09-11,108.285,0.009234889
2017-09-12,109.285,0.009150387
2017-09-13,110.215,0.009073175
2017-09-14,110.47,0.009052231
2017-09-15,110.065,0.00908554
2017-09-16,,
2017-09-17,,
2017-09-18,111.07,0.009003331
2017-09-19,111.455,0.008972231
2017-09-20,111.525,0.008966599
2017-09-21,112.395,0.008897193
2017-09-22,112.465,0.008891655
2017-09-23,,
2017-09-24,,
2017-09-25,112.31,0.008903927
2017-09-26,111.745,0.008948946
2017-09-27,112.275,0.008906702
2017-09-28,112.845,0.008861713
2017-09-29,112.375,0.008898776
2017-09-30,,
2017-10-01,,
2017-10-02,,
2017-10-03,,
2017-10-04,,
2017-10-05,,
2017-10-06,,
2017-10-07,,
2017-10-08,,
2017-10-09,,
2017-10-10,112.67,0.008875477
2017-10-11,112.36,0.008899964
2017-10-12,112.495,0.008889284
2017-10-13,112.275,0.008906702
2017-10-14,,
2017-10-15,,
2017-10-16,111.915,0.008935353
2017-10-17,112.225,0.008910671
2017-10-18,112.165,0.008915437
2017-10-19,113.04,0.008846426
2017-10-20,112.585,0.008882178
2017-10-21,,
2017-10-22,,
2017-10-23,113.835,0.008784644
2017-10-24,113.39,0.00881912
2017-10-25,113.94,0.008776549
2017-10-26,113.635,0.008800106
2017-10-27,114.115,0.00876309
2017-10-28,,
2017-10-29,,
2017-10-30,113.73,0.008792755
2017-10-31,113.16,0.008837045
2017-11-01,113.655,0.008798557
2017-11-02,114.125,0.008762322
2017-11-03,114.055,0.0087677
2017-11-04,,
2017-11-05,,
2017-11-06,114.185,0.008757718
2017-11-07,113.805,0.00878696
2017-11-08,113.825,0.008785416
2017-11-09,113.875,0.008781559
2017-11-10,113.42,0.008816787
2017-11-11,,
2017-11-12,,
2017-11-13,113.64,0.008799718
2017-11-14,113.605,0.008802429
2017-11-15,113.44,0.008815233
2017-11-16,112.86,0.008860535
2017-11-17,113.105,0.008841342
2017-11-18,,
2017-11-19,,
2017-11-20,112.095,0.008921005
2017-11-21,112.57,0.008883361
2017-11-22,112.455,0.008892446
2017-11-23,111.235,0.008989976
2017-11-24,111.235,0.008989976
2017-11-25,,
2017-11-26,,
2017-11-27,111.665,0.008955358
2017-11-28,111.055,0.009004547
2017-11-29,111.505,0.008968208
2017-11-30,111.99,0.008929369
2017-12-01,112.66,0.008876265
2017-12-02,,
2017-12-03,,
2017-12-04,112.825,0.008863284
2017-12-05,112.47,0.00889126
2017-12-06,112.605,0.0088806
2017-12-07,112.25,0.008908686
2017-12-08,113.105,0.008841342
2017-12-09,,
2017-12-10,,
2017-12-11,113.615,0.008801655
2017-12-12,113.545,0.008807081
2017-12-13,113.57,0.008805142
2017-12-14,112.695,0.008873508
2017-12-15,112.32,0.008903134
2017-12-16,,
2017-12-17,,
2017-12-18,112.675,0.008875083
2017-12-19,112.56,0.008884151
2017-12-20,112.88,0.008858965
2017-12-21,113.345,0.008822621
2017-12-22,113.365,0.008821065
2017-12-23,,
2017-12-24,,
2017-12-25,,
2017-12-26,113.315,0.008824957
2017-12-27,113.215,0.008832752
2017-12-28,113.245,0.008830412
2017-12-29,112.885,0.008858573
2017-12-30,,
2017-12-31,,
2018-01-01,,
2018-01-02,112.655,0.008876659
2018-01-03,112.255,0.008908289
2018-01-04,112.545,0.008885335
2018-01-05,112.785,0.008866427
2018-01-06,,
2018-01-07,,
2018-01-08,113.155,0.008837435
2018-01-09,113.165,0.008836654
2018-01-10,112.645,0.008877447
2018-01-11,111.395,0.008977064
2018-01-12,111.275,0.008986745
2018-01-13,,
2018-01-14,,
2018-01-15,111.13,0.00899847
2018-01-16,110.55,0.009045681
2018-01-17,110.385,0.009059202
2018-01-18,111.28,0.008986341
2018-01-19,111.005,0.009008603
2018-01-20,,
2018-01-21,,
2018-01-22,110.645,0.009037914
2018-01-23,110.94,0.009013881
2018-01-24,110.265,0.009069061
2018-01-25,109.19,0.009158348
2018-01-26,109.625,0.009122007
2018-01-27,,
2018-01-28,,
2018-01-29,108.67,0.009202172
2018-01-30,108.935,0.009179786
2018-01-31,108.78,0.009192866
2018-02-01,109.21,0.009156671
2018-02-02,109.45,0.009136592
2018-02-03,,
2018-02-04,,
2018-02-05,110.175,0.009076469
2018-02-06,109.165,0.009160445
2018-02-07,109.695,0.009116186
2018-02-08,109.375,0.009142857
2018-02-09,108.695,0.009200055
2018-02-10,,
2018-02-11,,
2018-02-12,108.795,0.009191599
2018-02-13,108.705,0.009199209
2018-02-14,107.835,0.009273427
2018-02-15,,
2018-02-16,,
2018-02-17,,
2018-02-18,,
2018-02-19,106.225,0.00941398
2018-02-20,106.615,0.009379543
2018-02-21,107.31,0.009318796
2018-02-22,107.745,0.009281173
2018-02-23,106.685,0.009373389
2018-02-24,,
2018-02-25,,
2018-02-26,106.95,0.009350164
2018-02-27,107.025,0.009343611
2018-02-28,107.395,0.00931142
2018-03-01,,
2018-03-02,106.145,0.009421075
2018-03-03,,
2018-03-04,,
2018-03-05,105.67,0.009463424
2018-03-06,106.19,0.009417083
2018-03-07,105.575,0.009471939
2018-03-08,106.095,0.009425515
2018-03-09,106.305,0.009406895
2018-03-10,,
2018-03-11,,
2018-03-12,106.915,0.009353225
2018-03-13,106.375,0.009400705
2018-03-14,106.475,0.009391876
2018-03-15,106.285,0.009408665
2018-03-16,106.305,0.009406895
2018-03-17,,
2018-03-18,,
2018-03-19,105.985,0.009435297
2018-03-20,106.045,0.009429959
2018-03-21,106.525,0.009387468
2018-03-22,105.93,0.009440196
2018-03-23,104.865,0.00953607
2018-03-24,,
2018-03-25,,
2018-03-26,104.78,0.009543806
2018-03-27,105.435,0.009484517
2018-03-28,105.39,0.009488566
2018-03-29,106.815,0.009361981
2018-03-30,106.495,0.009390112
2018-03-31,,
2018-04-01,,
2018-04-02,106.355,0.009402473
2018-04-03,105.845,0.009447777
2018-04-04,106.545,0.009385706
2018-04-05,106.755,0.009367243
2018-04-06,107.125,0.009334889
2018-04-07,,
2018-04-08,,
2018-04-09,106.865,0.009357601
2018-04-10,106.715,0.009370754
2018-04-11,107.18,0.009330099
2018-04-12,106.825,0.009361105
2018-04-13,107.245,0.009324444
2018-04-14,,
2018-04-15,,
2018-04-16,107.565,0.009296704
2018-04-17,107.135,0.009334018
2018-04-18,107.03,0.009343175
2018-04-19,107.215,0.009327053
2018-04-20,107.39,0.009311854
2018-04-21,,
2018-04-22,,
2018-04-23,107.795,0.009276868
2018-04-24,108.7,0.009199632
2018-04-25,108.83,0.009188643
2018-04-26,109.425,0.009138679
2018-04-27,109.345,0.009145366
2018-04-28,,
2018-04-29,,
2018-04-30,109.155,0.009161284
2018-05-01,,
2018-05-02,109.895,0.009099595
2018-05-03,109.815,0.009106224
2018-05-04,109.145,0.009162124
2018-05-05,,
2018-05-06,,
2018-05-07,,
2018-05-08,109.105,0.009165483
2018-05-09,109.075,0.009168004
2018-05-10,109.725,0.009113693
2018-05-11,109.385,0.009142021
2018-05-12,,
2018-05-13,,
2018-05-14,109.35,0.009144947
2018-05-15,109.725,0.009113693
2018-05-16,110.225,0.009072352
2018-05-17,110.315,0.00906495
2018-05-18,110.78,0.0090269
2018-05-19,,
2018-05-20,,
2018-05-21,110.845,0.009021607
2018-05-22,,
2018-05-23,110.825,0.009023235
2018-05-24,110.015,0.00908967
2018-05-25,109.26,0.00915248
2018-05-26,,
2018-05-27,,
2018-05-28,109.645,0.009120343
2018-05-29,109.455,0.009136175
2018-05-30,108.545,0.009212769
2018-05-31,108.785,0.009192444
2018-06-01,108.77,0.009193712
2018-06-02,,
2018-06-03,,
2018-06-04,109.515,0.009131169
2018-06-05,109.925,0.009097112
2018-06-06,,
2018-06-07,110.165,0.009077293
2018-06-08,109.665,0.00911868
2018-06-09,,
2018-06-10,,
2018-06-11,109.42,0.009139097
2018-06-12,110.195,0.009074822
2018-06-13,,
2018-06-14,110.23,0.00907194
2018-06-15,110.625,0.009039548
2018-06-16,,
2018-06-17,,
2018-06-18,110.595,0.009042
2018-06-19,110.525,0.009047727
2018-06-20,110.035,0.009088017
2018-06-21,110.395,0.009058381
2018-06-22,109.935,0.009096284
2018-06-23,,
2018-06-24,,
2018-06-25,109.875,0.009101251
2018-06-26,109.665,0.00911868
2018-06-27,110.065,0.00908554
2018-06-28,110.25,0.009070295
2018-06-29,110.535,0.009046908
2018-06-30,,
2018-07-01,,
2018-07-02,110.695,0.009033832
2018-07-03,110.825,0.009023235
2018-07-04,110.525,0.009047727
2018-07-05,110.475,0.009051822
2018-07-06,110.64,0.009038322
2018-07-07,,
2018-07-08,,
2018-07-09,110.43,0.00905551
2018-07-10,110.875,0.009019166
2018-07-11,110.905,0.009016726
2018-07-12,111.95,0.008932559
2018-07-13,112.605,0.0088806
2018-07-14,,
2018-07-15,,
2018-07-16,112.445,0.008893237
2018-07-17,112.35,0.008900757
2018-07-18,112.99,0.008850341
2018-07-19,112.855,0.008860928
2018-07-20,112.455,0.008892446
2018-07-21,,
2018-07-22,,
2018-07-23,111.265,0.008987552
2018-07-24,111.425,0.008974647
2018-07-25,111.225,0.008990784
2018-07-26,110.895,0.009017539
2018-07-27,111.235,0.008989976
2018-07-28,,
2018-07-29,,
2018-07-30,110.95,0.009013069
2018-07-31,111.01,0.009008197
2018-08-01,111.765,0.008947345
2018-08-02,111.65,0.008956561
2018-08-03,111.635,0.008957764
2018-08-04,,
2018-08-05,,
2018-08-06,111.235,0.008989976
2018-08-07,111.34,0.008981498
2018-08-08,111.365,0.008979482
2018-08-09,110.9,0.009017133
2018-08-10,111.165,0.008995637
2018-08-11,,
2018-08-12,,
2018-08-13,110.615,0.009040365
2018-08-14,110.68,0.009035056
2018-08-15,,
2018-08-16,110.62,0.009039957
2018-08-17,110.96,0.009012257
2018-08-18,,
2018-08-19,,
2018-08-20,110.515,0.009048545
2018-08-21,109.955,0.00909463
2018-08-22,110.105,0.00908224
2018-08-23,110.55,0.009045681
2018-08-24,111.355,0.008980288
2018-08-25,,
2018-08-26,,
2018-08-27,111.265,0.008987552
2018-08-28,111.155,0.008996446
2018-08-29,111.17,0.008995233
2018-08-30,111.735,0.008949747
2018-08-31,111.03,0.009006575
2018-09-01,,
2018-09-02,,
2018-09-03,111.135,0.008998065
2018-09-04,111.085,0.009002115
2018-09-05,111.48,0.008970219
2018-09-06,111.49,0.008969414
2018-09-07,110.665,0.009036281
2018-09-08,,
2018-09-09,,
2018-09-10,110.975,0.009011039
2018-09-11,111.145,0.008997256
2018-09-12,111.615,0.008959369
2018-09-13,111.24,0.008989572
2018-09-14,112.015,0.008927376
2018-09-15,,
2018-09-16,,
2018-09-17,111.985,0.008929767
2018-09-18,111.71,0.00895175
2018-09-19,112.35,0.008900757
2018-09-20,112.295,0.008905116
2018-09-21,112.47,0.00889126
2018-09-22,,
2018-09-23,,
2018-09-24,,
2018-09-25,,
2018-09-26,,
2018-09-27,112.765,0.008868
2018-09-28,113.405,0.008817953
2018-09-29,,
2018-09-30,,
2018-10-01,113.775,0.008789277
2018-10-02,114.005,0.008771545
2018-10-03,,
2018-10-04,114.485,0.008734769
2018-10-05,113.87,0.008781944
2018-10-06,,
2018-10-07,,
2018-10-08,113.715,0.008793915
2018-10-09,,
2018-10-10,113.03,0.008847209
2018-10-11,112.255,0.008908289
2018-10-12,112.13,0.00891822
2018-10-13,,
2018-10-14,,
2018-10-15,112.185,0.008913848
2018-10-16,111.795,0.008944944
2018-10-17,112.295,0.008905116
2018-10-18,112.625,0.008879023
2018-10-19,112.205,0.008912259
2018-10-20,,
2018-10-21,,
2018-10-22,112.455,0.008892446
2018-10-23,112.825,0.008863284
2018-10-24,112.42,0.008895214
2018-10-25,112.105,0.008920209
2018-10-26,112.375,0.008898776
2018-10-27,,
2018-10-28,,
2018-10-29,111.91,0.008935752
2018-10-30,112.37,0.008899172
2018-10-31,113.055,0.008845252
2018-11-01,112.895,0.008857788
2018-11-02,112.645,0.008877447
2018-11-03,,
2018-11-04,,
2018-11-05,113.165,0.008836654
2018-11-06,113.225,0.008831972
2018-11-07,113.455,0.008814067
2018-11-08,113.525,0.008808632
2018-11-09,114.035,0.008769238
2018-11-10,,
2018-11-11,,
2018-11-12,113.875,0.008781559
2018-11-13,113.805,0.00878696
2018-11-14,113.78,0.008788891
2018-11-15,113.61,0.008802042
2018-11-16,113.57,0.008805142
2018-11-17,,
2018-11-18,,
2018-11-19,112.755,0.008868786
2018-11-20,112.48,0.008890469
2018-11-21,112.705,0.008872721
2018-11-22,113.075,0.008843688
2018-11-23,112.975,0.008851516
2018-11-24,,
2018-11-25,,
2018-11-26,112.925,0.008855435
2018-11-27,113.565,0.00880553
2018-11-28,113.76,0.008790436
2018-11-29,113.595,0.008803204
2018-11-30,113.43,0.00881601
2018-12-01,,
2018-12-02,,
2018-12-03,113.805,0.00878696
2018-12-04,113.605,0.008802429
2018-12-05,112.71,0.008872327
2018-12-06,113.125,0.008839779
2018-12-07,112.685,0.008874296
2018-12-08,,
2018-12-09,,
2018-12-10,112.52,0.008887309
2018-12-11,113.245,0.008830412
2018-12-12,113.395,0.008818731
2018-12-13,113.215,0.008832752
2018-12-14,113.6,0.008802817
2018-12-15,,
2018-12-16,,
2018-12-17,113.335,0.0088234
2018-12-18,112.805,0.008864855
2018-12-19,112.435,0.008894028
2018-12-20,112.385,0.008897985
2018-12-21,111.22,0.008991189
2018-12-22,,
2018-12-23,,
2018-12-24,111.075,0.009002926
2018-12-25,,
2018-12-26,110.16,0.009077705
2018-12-27,111.2,0.008992806
2018-12-28,110.915,0.009015913
2018-12-29,,
2018-12-30,,
2018-12-31,110.355,0.009061665
2019-01-01,,
2019-01-02,109.675,0.009117848
2019-01-03,107.095,0.009337504
2019-01-04,107.755,0.009280312
2019-01-05,,
2019-01-06,,
2019-01-07,108.365,0.009228072
2019-01-08,108.665,0.009202595
2019-01-09,108.765,0.009194134
2019-01-10,108.17,0.009244707
2019-01-11,108.425,0.009222965
2019-01-12,,
2019-01-13,,
2019-01-14,108.475,0.009218714
2019-01-15,108.165,0.009245135
2019-01-16,108.645,0.009204289
2019-01-17,109.075,0.009168004
2019-01-18,109.155,0.009161284
2019-01-19,,
2019-01-20,,
2019-01-21,109.73,0.009113278
2019-01-22,109.65,0.009119927
2019-01-23,109.34,0.009145784
2019-01-24,109.565,0.009127002
2019-01-25,109.535,0.009129502
2019-01-26,,
2019-01-27,,
2019-01-28,109.555,0.009127835
2019-01-29,109.265,0.009152062
2019-01-30,109.425,0.009138679
2019-01-31,109.015,0.00917305
2019-02-01,108.835,0.009188221
2019-02-02,,
2019-02-03,,
2019-02-04,,
2019-02-05,,
2019-02-06,,
2019-02-07,109.925,0.009097112
2019-02-08,109.805,0.009107053
2019-02-09,,
2019-02-10,,
2019-02-11,109.825,0.009105395
2019-02-12,110.435,0.0090551
2019-02-13,110.455,0.009053461
2019-02-14,110.975,0.009011039
2019-02-15,110.505,0.009049364
2019-02-16,,
2019-02-17,,
2019-02-18,110.525,0.009047727
2019-02-19,110.595,0.009042
2019-02-20,110.57,0.009044044
2019-02-21,110.825,0.009023235
2019-02-22,110.675,0.009035464
2019-02-23,,
2019-02-24,,
2019-02-25,110.775,0.009027308
2019-02-26,111.055,0.009004547
2019-02-27,110.545,0.00904609
2019-02-28,110.935,0.009014288
2019-03-01,,
2019-03-02,,
2019-03-03,,
2019-03-04,111.935,0.008933756
2019-03-05,111.735,0.008949747
2019-03-06,111.885,0.008937749
2019-03-07,111.715,0.008951349
2019-03-08,111.585,0.008961778
2019-03-09,,
2019-03-10,,
2019-03-11,111.135,0.008998065
2019-03-12,111.285,0.008985937
2019-03-13,111.275,0.008986745
2019-03-14,111.215,0.008991593
2019-03-15,111.71,0.00895175
2019-03-16,,
2019-03-17,,
2019-03-18,111.505,0.008968208
2019-03-19,111.385,0.00897787
2019-03-20,111.365,0.008979482
2019-03-21,110.675,0.009035464
2019-03-22,110.765,0.009028123
2019-03-23,,
2019-03-24,,
2019-03-25,110.055,0.009086366
2019-03-26,110.045,0.009087192
2019-03-27,110.525,0.009047727
2019-03-28,110.495,0.009050183
2019-03-29,110.655,0.009037097
2019-03-30,,
2019-03-31,,
2019-04-01,110.935,0.009014288
2019-04-02,111.41,0.008975855
2019-04-03,111.325,0.008982708
2019-04-04,111.455,0.008972231
2019-04-05,111.645,0.008956962
2019-04-06,,
2019-04-07,,
2019-04-08,111.685,0.008953754
2019-04-09,111.455,0.008972231
2019-04-10,111.145,0.008997256
2019-04-11,110.935,0.009014288
2019-04-12,111.625,0.008958567
2019-04-13,,
2019-04-14,,
2019-04-15,112.015,0.008927376
2019-04-16,111.985,0.008929767
2019-04-17,112.005,0.008928173
2019-04-18,112.045,0.008924985
2019-04-19,111.97,0.008930964
2019-04-20,,
2019-04-21,,
2019-04-22,111.915,0.008935353
2019-04-23,111.945,0.008932958
2019-04-24,111.865,0.008939347
2019-04-25,112.155,0.008916232
2019-04-26,111.545,0.008964992
2019-04-27,,
2019-04-28,,
2019-04-29,111.6,0.008960573
2019-04-30,111.685,0.008953754
2019-05-01,,
2019-05-02,111.435,0.008973841
2019-05-03,111.515,0.008967403
2019-05-04,,
2019-05-05,,
2019-05-06,,
2019-05-07,110.755,0.009028938
2019-05-08,110.245,0.009070706
2019-05-09,110.055,0.009086366
2019-05-10,109.745,0.009112032
2019-05-11,,
2019-05-12,,
2019-05-13,109.765,0.009110372
2019-05-14,109.235,0.009154575
2019-05-15,109.645,0.009120343
2019-05-16,109.525,0.009130336
2019-05-17,109.855,0.009102908
2019-05-18,,
2019-05-19,,
2019-05-20,110.065,0.00908554
2019-05-21,110.055,0.009086366
2019-05-22,110.565,0.009044453
2019-05-23,110.275,0.009068238
2019-05-24,109.545,0.009128669
2019-05-25,,
2019-05-26,,
2019-05-27,109.375,0.009142857
2019-05-28,109.54,0.009129085
2019-05-29,109.365,0.009143693
2019-05-30,109.6,0.009124088
2019-05-31,109.595,0.009124504
2019-06-01,,
2019-06-02,,
2019-06-03,108.255,0.009237449
2019-06-04,107.975,0.009261403
2019-06-05,108.215,0.009240863
2019-06-06,,
2019-06-07,108.45,0.009220839
2019-06-08,,
2019-06-09,,
2019-06-10,108.455,0.009220414
2019-06-11,108.415,0.009223816
2019-06-12,108.545,0.009212769
2019-06-13,108.475,0.009218714
2019-06-14,108.345,0.009229775
2019-06-15,,
2019-06-16,,
2019-06-17,108.545,0.009212769
2019-06-18,108.555,0.00921192
2019-06-19,108.505,0.009216165
2019-06-20,108.065,0.00925369
2019-06-21,107.335,0.009316626
2019-06-22,,
2019-06-23,,
2019-06-24,107.375,0.009313155
2019-06-25,107.315,0.009318362
2019-06-26,107.18,0.009330099
2019-06-27,107.74,0.009281604
2019-06-28,107.775,0.00927859
2019-06-29,,
2019-06-30,,
2019-07-01,108.405,0.009224667
2019-07-02,108.305,0.009233184
2019-07-03,107.855,0.009271707
2019-07-04,107.785,0.009277729
2019-07-05,107.8,0.009276438
2019-07-06,,
2019-07-07,,
2019-07-08,108.515,0.009215316
2019-07-09,108.755,0.00919498
2019-07-10,108.895,0.009183158
2019-07-11,108.345,0.009229775
2019-07-12,108.485,0.009217864
2019-07-13,,
2019-07-14,,
2019-07-15,107.895,0.00926827
2019-07-16,107.845,0.009272567
2019-07-17,108.255,0.009237449
2019-07-18,107.965,0.009262261
2019-07-19,107.445,0.009307087
2019-07-20,,
2019-07-21,,
2019-07-22,107.785,0.009277729
2019-07-23,107.905,0.009267411
2019-07-24,108.205,0.009241717
2019-07-25,108.185,0.009243426
2019-07-26,108.665,0.009202595
2019-07-27,,
2019-07-28,,
2019-07-29,108.635,0.009205136
2019-07-30,108.845,0.009187377
2019-07-31,108.595,0.009208527
2019-08-01,108.785,0.009192444
2019-08-02,107.455,0.009306221
2019-08-03,,
2019-08-04,,
2019-08-05,106.545,0.009385706
2019-08-06,105.665,0.009463872
2019-08-07,106.365,0.009401589
2019-08-08,106.215,0.009414866
2019-08-09,105.815,0.009450456
2019-08-10,,
2019-08-11,,
2019-08-12,105.555,0.009473734
2019-08-13,105.255,0.009500736
2019-08-14,106.655,0.009376026
2019-08-15,,
2019-08-16,106.145,0.009421075
2019-08-17,,
2019-08-18,,
2019-08-19,106.46,0.009393199
2019-08-20,106.605,0.009380423
2019-08-21,106.26,0.009410879
2019-08-22,106.605,0.009380423
2019-08-23,106.465,0.009392758
2019-08-24,,
2019-08-25,,
2019-08-26,104.945,0.009528801
2019-08-27,106.105,0.009424627
2019-08-28,105.775,0.00945403
2019-08-29,106.045,0.009429959
2019-08-30,106.535,0.009386587
2019-08-31,,
2019-09-01,,
2019-09-02,106.145,0.009421075
2019-09-03,106.195,0.009416639
2019-09-04,105.97,0.009436633
2019-09-05,106.35,0.009402915
2019-09-06,107.015,0.009344484
2019-09-07,,
2019-09-08,,
2019-09-09,106.915,0.009353225
2019-09-10,107.23,0.009325748
2019-09-11,107.515,0.009301028
2019-09-12,,
2019-09-13,,
2019-09-14,,
2019-09-15,,
2019-09-16,107.805,0.009276008
2019-09-17,108.115,0.00924941
2019-09-18,108.11,0.009249838
2019-09-19,108.41,0.009224241
2019-09-20,108.035,0.00925626
2019-09-21,,
2019-09-22,,
2019-09-23,107.65,0.009289364
2019-09-24,107.545,0.009298433
2019-09-25,107.125,0.009334889
2019-09-26,107.73,0.009282465
2019-09-27,107.82,0.009274717
2019-09-28,,
2019-09-29,,
2019-09-30,107.895,0.00926827
2019-10-01,108.065,0.00925369
2019-10-02,107.735,0.009282035
2019-10-03,,
2019-10-04,106.865,0.009357601
2019-10-05,,
2019-10-06,,
2019-10-07,106.825,0.009361105
2019-10-08,107.26,0.00932314
2019-10-09,,
2019-10-10,107.095,0.009337504
2019-10-11,107.905,0.009267411
2019-10-12,,
2019-10-13,,
2019-10-14,108.5,0.00921659
2019-10-15,108.385,0.009226369
2019-10-16,108.84,0.009187799
2019-10-17,108.725,0.009197517
2019-10-18,108.565,0.009211072
2019-10-19,,
2019-10-20,,
2019-10-21,108.36,0.009228498
2019-10-22,108.6,0.009208103
2019-10-23,108.495,0.009217015
2019-10-24,108.665,0.009202595
2019-10-25,108.625,0.009205984
2019-10-26,,
2019-10-27,,
2019-10-28,108.695,0.009200055
2019-10-29,108.97,0.009176838
2019-10-30,108.865,0.009185689
2019-10-31,108.785,0.009192444
2019-11-01,108.015,0.009257973
2019-11-02,,
2019-11-03,,
2019-11-04,108.225,0.009240009
2019-11-05,108.6,0.009208103
2019-11-06,109.165,0.009160445
2019-11-07,108.94,0.009179365
2019-11-08,109.275,0.009151224
2019-11-09,,
2019-11-10,,
2019-11-11,109.225,0.009155413
2019-11-12,109.055,0.009169685
2019-11-13,108.975,0.009176417
2019-11-14,108.775,0.009193289
2019-11-15,108.395,0.009225518
2019-11-16,,
2019-11-17,,
2019-11-18,108.735,0.009196671
2019-11-19,108.685,0.009200902
2019-11-20,108.425,0.009222965
2019-11-21,108.49,0.009217439
2019-11-22,108.59,0.009208951
2019-11-23,,
2019-11-24,,
2019-11-25,108.705,0.009199209
2019-11-26,108.935,0.009179786
2019-11-27,109.065,0.009168844
2019-11-28,109.365,0.009143693
2019-11-29,109.51,0.009131586
2019-11-30,,
2019-12-01,,
2019-12-02,109.515,0.009131169
2019-12-03,109.025,0.009172208
2019-12-04,108.645,0.009204289
2019-12-05,108.855,0.009186533
2019-12-06,108.745,0.009195825
2019-12-07,,
2019-12-08,,
2019-12-09,108.6,0.009208103
2019-12-10,108.575,0.009210223
2019-12-11,108.785,0.009192444
2019-12-12,108.545,0.009212769
2019-12-13,109.525,0.009130336
2019-12-14,,
2019-12-15,,
2019-12-16,109.355,0.009144529
2019-12-17,109.6,0.009124088
2019-12-18,109.515,0.009131169
2019-12-19,109.565,0.009127002
2019-12-20,109.365,0.009143693
2019-12-21,,
2019-12-22,,
2019-12-23,109.475,0.009134506
2019-12-24,109.4,0.009140768
2019-12-25,,
2019-12-26,109.395,0.009141186
2019-12-27,109.555,0.009127835
2019-12-28,,
2019-12-29,,
2019-12-30,109.445,0.009137009
2019-12-31,108.87,0.009185267
2020-01-01,,
2020-01-02,108.645,0.009204289
2020-01-03,108.575,0.009210223
2020-01-04,,
2020-01-05,,
2020-01-06,107.815,0.009275147
2020-01-07,108.395,0.009225518
2020-01-08,108.405,0.009224667
2020-01-09,109.105,0.009165483
2020-01-10,109.475,0.009134506
2020-01-11,,
2020-01-12,,
2020-01-13,109.545,0.009128669
2020-01-14,109.925,0.009097112
2020-01-15,109.985,0.009092149
2020-01-16,109.905,0.009098767
2020-01-17,110.195,0.009074822
2020-01-18,,
2020-01-19,,
2020-01-20,110.17,0.009076881
2020-01-21,110.175,0.009076469
2020-01-22,109.88,0.009100837
2020-01-23,109.825,0.009105395
2020-01-24,,
2020-01-25,,
2020-01-26,,
2020-01-27,,
2020-01-28,108.945,0.009178944
2020-01-29,109.125,0.009163803
2020-01-30,109.045,0.009170526
2020-01-31,108.91,0.009181893
2020-02-01,,
2020-02-02,,
2020-02-03,108.355,0.009228923
2020-02-04,108.605,0.009207679
2020-02-05,109.485,0.009133671
2020-02-06,109.815,0.009106224
2020-02-07,109.995,0.009091322
2020-02-08,,
2020-02-09,,
2020-02-10,109.765,0.009110372
2020-02-11,109.755,0.009111202
2020-02-12,109.8,0.009107468
2020-02-13,110.07,0.009085128
2020-02-14,109.805,0.009107053
2020-02-15,,
2020-02-16,,
2020-02-17,109.825,0.009105395
2020-02-18,109.815,0.009106224
2020-02-19,109.88,0.009100837
2020-02-20,111.27,0.008987148
2020-02-21,112.065,0.008923393
2020-02-22,,
2020-02-23,,
2020-02-24,111.445,0.008973036
2020-02-25,110.775,0.009027308
2020-02-26,110.22,0.009072764
2020-02-27,110.425,0.00905592
2020-02-28,109.545,0.009128669
2020-02-29,,
2020-03-01,,
2020-03-02,107.525,0.009300163
2020-03-03,108.285,0.009234889
2020-03-04,106.895,0.009354975
2020-03-05,107.535,0.009299298
2020-03-06,106.105,0.009424627
2020-03-07,,
2020-03-08,,
2020-03-09,104.055,0.009610302
2020-03-10,102.445,0.009761335
2020-03-11,105.105,0.009514295
2020-03-12,104.745,0.009546995
2020-03-13,104.895,0.009533343
2020-03-14,,
2020-03-15,,
2020-03-16,106.335,0.009404241
2020-03-17,106.215,0.009414866
2020-03-18,107.305,0.00931923
2020-03-19,108.105,0.009250266
2020-03-20,110.865,0.009019979
2020-03-21,,
2020-03-22,,
2020-03-23,110.935,0.009014288
2020-03-24,111.03,0.009006575
2020-03-25,111.265,0.008987552
2020-03-26,110.97,0.009011445
2020-03-27,109.285,0.009150387
2020-03-28,,
2020-03-29,,
2020-03-30,107.735,0.009282035
2020-03-31,108.115,0.00924941
2020-04-01,107.685,0.009286344
2020-04-02,107.24,0.009324879
2020-04-03,108.16,0.009245562
2020-04-04,,
2020-04-05,,
2020-04-06,108.555,0.00921192
2020-04-07,109.2,0.009157509
2020-04-08,108.705,0.009199209
2020-04-09,108.905,0.009182315
2020-04-10,108.53,0.009214042
2020-04-11,,
2020-04-12,,
2020-04-13,108.375,0.00922722
2020-04-14,107.69,0.009285913
2020-04-15,,
2020-04-16,107.495,0.009302758
2020-04-17,108.01,0.009258402
2020-04-18,,
2020-04-19,,
2020-04-20,107.595,0.009294112
2020-04-21,107.745,0.009281173
2020-04-22,107.73,0.009282465
2020-04-23,107.765,0.009279451
2020-04-24,107.595,0.009294112
2020-04-25,,
2020-04-26,,
2020-04-27,107.435,0.009307954
2020-04-28,107.245,0.009324444
2020-04-29,106.805,0.009362858
2020-04-30,,
2020-05-01,,
2020-05-02,,
2020-05-03,,
2020-05-04,106.825,0.009361105
2020-05-05,,
2020-05-06,106.475,0.009391876
2020-05-07,106.08,0.009426848
2020-05-08,106.295,0.00940778
2020-05-09,,
2020-05-10,,
2020-05-11,106.845,0.009359352
2020-05-12,107.655,0.009288932
2020-05-13,107.215,0.009327053
2020-05-14,107.045,0.009341866
2020-05-15,107.265,0.009322705
2020-05-16,,
2020-05-17,,
2020-05-18,107.255,0.009323575
2020-05-19,107.35,0.009315324
2020-05-20,107.845,0.009272567
2020-05-21,107.585,0.009294976
2020-05-22,107.59,0.009294544
2020-05-23,,
2020-05-24,,
2020-05-25,107.675,0.009287207
2020-05-26,107.735,0.009282035
2020-05-27,107.515,0.009301028
2020-05-28,107.755,0.009280312
2020-05-29,107.715,0.009283758
2020-05-30,,
2020-05-31,,
2020-06-01,107.7,0.009285051
2020-06-02,107.545,0.009298433
2020-06-03,108.675,0.009201748
2020-06-04,108.99,0.009175154
2020-06-05,109.195,0.009157928
2020-06-06,,
2020-06-07,,
2020-06-08,109.655,0.009119511
2020-06-09,108.435,0.009222115
2020-06-10,107.775,0.00927859
2020-06-11,106.91,0.009353662
2020-06-12,106.795,0.009363734
2020-06-13,,
2020-06-14,,
2020-06-15,107.385,0.009312288
2020-06-16,107.41,0.00931012
2020-06-17,107.375,0.009313155
2020-06-18,106.98,0.009347542
2020-06-19,106.975,0.009347978
2020-06-20,,
2020-06-21,,
2020-06-22,106.825,0.009361105
2020-06-23,106.925,0.00935235
2020-06-24,106.445,0.009394523
2020-06-25,107.065,0.00934012
2020-06-26,107.165,0.009331405
2020-06-27,,
2020-06-28,,
2020-06-29,107.185,0.009329664
2020-06-30,107.585,0.009294976
2020-07-01,107.965,0.009262261
2020-07-02,107.44,0.00930752
2020-07-03,107.535,0.009299298
2020-07-04,,
2020-07-05,,
2020-07-06,107.57,0.009296272
2020-07-07,107.35,0.009315324
2020-07-08,107.575,0.00929584
2020-07-09,107.285,0.009320968
2020-07-10,107.22,0.009326618
2020-07-11,,
2020-07-12,,
2020-07-13,106.875,0.009356725
2020-07-14,107.295,0.009320099
2020-07-15,107.28,0.009321402
2020-07-16,106.895,0.009354975
2020-07-17,107.325,0.009317494
2020-07-18,,
2020-07-19,,
2020-07-20,107.03,0.009343175
2020-07-21,107.255,0.009323575
2020-07-22,106.835,0.009360228
2020-07-23,107.175,0.009330534
2020-07-24,106.835,0.009360228
2020-07-25,,
2020-07-26,,
2020-07-27,106.025,0.009431738
2020-07-28,105.345,0.009492619
2020-07-29,105.105,0.009514295
2020-07-30,104.99,0.009524717
2020-07-31,104.755,0.009546084
2020-08-01,,
2020-08-02,,
2020-08-03,105.795,0.009452243
2020-08-04,106.025,0.009431738
2020-08-05,105.765,0.009454924
2020-08-06,105.605,0.009469249
2020-08-07,105.51,0.009477775
2020-08-08,,
2020-08-09,,
2020-08-10,105.895,0.009443316
2020-08-11,105.965,0.009437078
2020-08-12,106.495,0.009390112
2020-08-13,106.865,0.009357601
2020-08-14,106.97,0.009348415
2020-08-15,,
2020-08-16,,
2020-08-17,,
2020-08-18,106.025,0.009431738
2020-08-19,105.395,0.009488116
2020-08-20,106.025,0.009431738
2020-08-21,105.74,0.009457159
2020-08-22,,
2020-08-23,,
2020-08-24,105.885,0.009444208
2020-08-25,105.97,0.009436633
2020-08-26,106.375,0.009400705
2020-08-27,105.9,0.009442871
2020-08-28,106.57,0.009383504
2020-08-29,,
2020-08-30,,
2020-08-31,105.53,0.009475978
2020-09-01,105.905,0.009442425
2020-09-02,105.92,0.009441088
2020-09-03,106.225,0.00941398
2020-09-04,106.095,0.009425515
2020-09-05,,
2020-09-06,,
2020-09-07,106.275,0.009409551
2020-09-08,106.305,0.009406895
2020-09-09,106.015,0.009432627
2020-09-10,106.195,0.009416639
2020-09-11,106.155,0.009420187
2020-09-12,,
2020-09-13,,
2020-09-14,106.12,0.009423294
2020-09-15,105.735,0.009457606
2020-09-16,105.395,0.009488116
2020-09-17,105.005,0.009523356
2020-09-18,104.715,0.00954973
2020-09-19,,
2020-09-20,,
2020-09-21,104.505,0.00956892
2020-09-22,104.715,0.00954973
2020-09-23,104.97,0.009526531
2020-09-24,105.385,0.009489016
2020-09-25,105.415,0.009486316
2020-09-26,,
2020-09-27,,
2020-09-28,105.585,0.009471042
2020-09-29,105.525,0.009476427
2020-09-30,,
2020-10-01,,
2020-10-02,,
2020-10-03,,
2020-10-04,,
2020-10-05,105.505,0.009478224
