DATE,GOLDAMGBD228NLBM
2010-01-01,1092.5
2010-01-04,1104
2010-01-05,1113
2010-01-06,1125.25
2010-01-07,1125
2010-01-08,1130.75
2010-01-11,1121.75
2010-01-12,1158
2010-01-13,1152.75
2010-01-14,1132.75
2010-01-15,1137.5
2010-01-18,1132
2010-01-19,1135.75
2010-01-20,1134
2010-01-21,1129
2010-01-22,1104
2010-01-25,1096.5
2010-01-26,1103.5
2010-01-27,1090.75
2010-01-28,1094.75
2010-01-29,1091.75
2010-02-01,1082.75
2010-02-02,1082
2010-02-03,1114
2010-02-04,1118.5
2010-02-05,1102.5
2010-02-08,1052.25
2010-02-09,1070
2010-02-10,1068
2010-02-11,1075.5
2010-02-12,1079.5
2010-02-15,1078.25
2010-02-16,1099.5
2010-02-17,1115.25
2010-02-18,1118.25
2010-02-19,1105.5
2010-02-22,1107
2010-02-23,1119.75
2010-02-24,1112
2010-02-25,1093
2010-02-26,1092.75
2010-03-01,1112.5
2010-03-02,1117.25
2010-03-03,1116
2010-03-04,1136.25
2010-03-05,1136.25
2010-03-08,1135
2010-03-09,1134
2010-03-10,1120
2010-03-11,1124.5
2010-03-12,1106
2010-03-15,1118.75
2010-03-16,1104
2010-03-17,1113.25
2010-03-18,1131.25
2010-03-19,1122.75
2010-03-22,1121.5
2010-03-23,1104.25
2010-03-24,1100.75
2010-03-25,1094
2010-03-26,1093.5
2010-03-29,1098
2010-03-30,1111.25
2010-03-31,1109.75
2010-04-01,1109.5
2010-04-06,1116
2010-04-07,1124
2010-04-08,1133.25
2010-04-09,1146.5
2010-04-12,1156
2010-04-13,1163.5
2010-04-14,1149.25
2010-04-15,1159
2010-04-16,1151.25
2010-04-19,1157
2010-04-20,1127.5
2010-04-21,1142.5
2010-04-22,1143.75
2010-04-23,1144.25
2010-04-26,1140
2010-04-27,1154
2010-04-28,1152.25
2010-04-29,1164.25
2010-04-30,1170
2010-05-04,1175.25
2010-05-05,1184.25
2010-05-06,1172
2010-05-07,1178
2010-05-10,1199.6
2010-05-11,1188.25
2010-05-12,1209
2010-05-13,1241.25
2010-05-14,1235
2010-05-17,1238.75
2010-05-18,1230.25
2010-05-19,1215
2010-05-20,1209.5
2010-05-21,1187.25
2010-05-24,1183.5
2010-05-25,1183.75
2010-05-26,1189.5
2010-05-27,1212.5
2010-05-28,1210.75
2010-06-01,1214
2010-06-02,1219.75
2010-06-03,1221
2010-06-04,1219.75
2010-06-07,1203.5
2010-06-08,1212.4
2010-06-09,1248
2010-06-10,1235
2010-06-11,1220
2010-06-14,1220.5
2010-06-15,1229.5
2010-06-16,1223
2010-06-17,1235.5
2010-06-18,1234.5
2010-06-21,1244
2010-06-22,1259.5
2010-06-23,1235.25
2010-06-24,1243
2010-06-25,1233.25
2010-06-28,1242.5
2010-06-29,1256
2010-06-30,1236
2010-07-01,1240.5
2010-07-02,1240
2010-07-05,1210.5
2010-07-06,1208.5
2010-07-07,1210.75
2010-07-08,1186
2010-07-09,1201.25
2010-07-12,1196.25
2010-07-13,1203.75
2010-07-14,1206.5
2010-07-15,1212.25
2010-07-16,1211.75
2010-07-19,1204.75
2010-07-20,1190.25
2010-07-21,1181.5
2010-07-22,1191.25
2010-07-23,1187
2010-07-26,1198.75
2010-07-27,1189
2010-07-28,1184
2010-07-29,1164
2010-07-30,1166
2010-08-02,1168
2010-08-03,1178
2010-08-04,1184
2010-08-05,1194.5
2010-08-06,1195.5
2010-08-09,1194.5
2010-08-10,1206
2010-08-11,1196.75
2010-08-12,1198
2010-08-13,1200
2010-08-16,1215
2010-08-17,1222
2010-08-18,1226.25
2010-08-19,1223
2010-08-20,1228
2010-08-23,1230.5
2010-08-24,1227
2010-08-25,1218
2010-08-26,1237.5
2010-08-27,1240.25
2010-08-31,1234.5
2010-09-01,1233.5
2010-09-02,1250
2010-09-03,1247.75
2010-09-06,1252
2010-09-07,1249.5
2010-09-08,1247.25
2010-09-09,1258
2010-09-10,1253.5
2010-09-13,1248.75
2010-09-14,1243
2010-09-15,1253.25
2010-09-16,1270.4
2010-09-17,1271.25
2010-09-20,1281.5
2010-09-21,1280.25
2010-09-22,1278.75
2010-09-23,1291.75
2010-09-24,1291.5
2010-09-27,1298
2010-09-28,1298.25
2010-09-29,1289
2010-09-30,1307.5
2010-10-01,1311
2010-10-04,1313
2010-10-05,1316
2010-10-06,1325.75
2010-10-07,1347
2010-10-08,1359.5
2010-10-11,1330.5
2010-10-12,1348.5
2010-10-13,1343.5
2010-10-14,1358.5
2010-10-15,1380.75
2010-10-18,1377.25
2010-10-19,1359.75
2010-10-20,1367.75
2010-10-21,1340.5
2010-10-22,1345.25
2010-10-25,1319
2010-10-26,1345
2010-10-27,1334
2010-10-28,1332.25
2010-10-29,1326.5
2010-11-01,1336.75
2010-11-02,1361.5
2010-11-03,1358
2010-11-04,1358.5
2010-11-05,1361
2010-11-08,1384.25
2010-11-09,1390
2010-11-10,1416.25
2010-11-11,1402
2010-11-12,1413
2010-11-15,1387
2010-11-16,1367
2010-11-17,1363.25
2010-11-18,1336.5
2010-11-19,1356.75
2010-11-22,1357.5
2010-11-23,1357.5
2010-11-24,1361
2010-11-25,1376.25
2010-11-26,1370.5
2010-11-29,1366.5
2010-11-30,1360
2010-12-01,1375
2010-12-02,1391.5
2010-12-03,1390
2010-12-06,1391.75
2010-12-07,1411.5
2010-12-08,1426
2010-12-09,1395
2010-12-10,1382
2010-12-13,1390
2010-12-14,1388.25
2010-12-15,1405
2010-12-16,1388.25
2010-12-17,1384
2010-12-20,1374.75
2010-12-21,1381
2010-12-22,1386
2010-12-23,1389
2010-12-24,1384
2010-12-29,1380.5
2010-12-30,1403.5
2010-12-31,1411.5
2011-01-04,1410.25
2011-01-05,1405.5
2011-01-06,1382.75
2011-01-07,1376
2011-01-10,1358
2011-01-11,1368.25
2011-01-12,1381
2011-01-13,1383.5
2011-01-14,1380.75
2011-01-17,1369.25
2011-01-18,1357.5
2011-01-19,1368.75
2011-01-20,1373.75
2011-01-21,1364.5
2011-01-24,1344
2011-01-25,1347.5
2011-01-26,1326
2011-01-27,1335.5
2011-01-28,1337.5
2011-01-31,1316
2011-02-01,1333.5
2011-02-02,1337.5
2011-02-03,1337
2011-02-04,1332.5
2011-02-07,1347.5
2011-02-08,1347
2011-02-09,1354
2011-02-10,1362.5
2011-02-11,1358.75
2011-02-14,1359
2011-02-15,1356.75
2011-02-16,1372.25
2011-02-17,1374.5
2011-02-18,1377
2011-02-21,1385.5
2011-02-22,1399.5
2011-02-23,1394.5
2011-02-24,1401.25
2011-02-25,1414.5
2011-02-28,1405
2011-03-01,1409.75
2011-03-02,1414.5
2011-03-03,1430.5
2011-03-04,1430.5
2011-03-07,1418
2011-03-08,1437
2011-03-09,1435
2011-03-10,1431.5
2011-03-11,1424.25
2011-03-14,1409.75
2011-03-15,1424.5
2011-03-16,1407
2011-03-17,1398.5
2011-03-18,1403.5
2011-03-21,1415.5
2011-03-22,1427.75
2011-03-23,1425.5
2011-03-24,1433
2011-03-25,1441.25
2011-03-28,1434
2011-03-29,1420
2011-03-30,1414
2011-03-31,1419
2011-04-01,1431
2011-04-04,1434.5
2011-04-05,1432.5
2011-04-06,1434.5
2011-04-07,1457
2011-04-08,1456.5
2011-04-11,1470.5
2011-04-12,1469.5
2011-04-13,1461.25
2011-04-14,1458
2011-04-15,1457.5
2011-04-18,1472.5
2011-04-19,1484.5
2011-04-20,1495
2011-04-21,1505
2011-04-26,1507
2011-04-27,1505
2011-04-28,1508
2011-05-03,1531
2011-05-04,1546.5
2011-05-05,1536
2011-05-06,1514.5
2011-05-09,1487.75
2011-05-10,1505
2011-05-11,1517.25
2011-05-12,1524.5
2011-05-13,1488.25
2011-05-16,1511
2011-05-17,1495
2011-05-18,1495.5
2011-05-19,1491.25
2011-05-20,1488.75
2011-05-23,1502.75
2011-05-24,1508.5
2011-05-25,1520.75
2011-05-26,1527
2011-05-27,1521.5
2011-05-31,1525
2011-06-01,1537
2011-06-02,1532.25
2011-06-03,1540.75
2011-06-06,1531
2011-06-07,1542.75
2011-06-08,1548.4
2011-06-09,1535.5
2011-06-10,1534
2011-06-13,1541
2011-06-14,1524.7
2011-06-15,1519
2011-06-16,1517.75
2011-06-17,1525
2011-06-20,1526.25
2011-06-21,1537
2011-06-22,1543
2011-06-23,1546
2011-06-24,1541.5
2011-06-27,1521
2011-06-28,1501
2011-06-29,1502.5
2011-06-30,1506
2011-07-01,1508
2011-07-04,1492.75
2011-07-05,1495.25
2011-07-06,1498.75
2011-07-07,1515.8
2011-07-08,1526.25
2011-07-11,1526
2011-07-12,1543.5
2011-07-13,1544.5
2011-07-14,1571.5
2011-07-15,1592.5
2011-07-18,1578.5
2011-07-19,1598.25
2011-07-20,1602
2011-07-21,1584.25
2011-07-22,1600.5
2011-07-25,1588
2011-07-26,1618.5
2011-07-27,1610
2011-07-28,1621
2011-07-29,1617.5
2011-08-01,1613.75
2011-08-02,1613.5
2011-08-03,1624
2011-08-04,1667.5
2011-08-05,1664.25
2011-08-08,1665
2011-08-09,1709.75
2011-08-10,1770
2011-08-11,1753.75
2011-08-12,1786
2011-08-15,1755
2011-08-16,1738
2011-08-17,1779
2011-08-18,1792
2011-08-19,1794.5
2011-08-22,1862
2011-08-23,1877.75
2011-08-24,1886.5
2011-08-25,1850
2011-08-26,1716.5
2011-08-30,1787
2011-08-31,1791
2011-09-01,1826
2011-09-02,1815.5
2011-09-05,1854
2011-09-06,1896.5
2011-09-07,1891
2011-09-08,1844
2011-09-09,1827
2011-09-12,1879.5
2011-09-13,1843
2011-09-14,1806
2011-09-15,1829
2011-09-16,1806
2011-09-19,1778
2011-09-20,1817
2011-09-21,1792
2011-09-22,1810.25
2011-09-23,1765.5
2011-09-26,1730
2011-09-27,1615
2011-09-28,1671
2011-09-29,1655
2011-09-30,1620
2011-10-03,1629
2011-10-04,1660
2011-10-05,1672
2011-10-06,1600
2011-10-07,1649.5
2011-10-10,1651
2011-10-11,1664
2011-10-12,1662
2011-10-13,1687
2011-10-14,1673
2011-10-17,1676
2011-10-18,1689
2011-10-19,1658
2011-10-20,1651
2011-10-21,1629
2011-10-24,1623
2011-10-25,1651
2011-10-26,1656.25
2011-10-27,1713
2011-10-28,1708
2011-10-31,1735
2011-11-01,1718
2011-11-02,1702
2011-11-03,1731
2011-11-04,1732.5
2011-11-07,1756
2011-11-08,1764
2011-11-09,1794
2011-11-10,1780
2011-11-11,1766
2011-11-14,1764
2011-11-15,1780.5
2011-11-16,1765
2011-11-17,1773
2011-11-18,1756
2011-11-21,1730
2011-11-22,1704
2011-11-23,1697.5
2011-11-24,1686
2011-11-25,1699
2011-11-28,1676
2011-11-29,1714
2011-11-30,1717
2011-12-01,1704
2011-12-02,1750
2011-12-05,1751
2011-12-06,1744
2011-12-07,1720
2011-12-08,1731
2011-12-09,1739
2011-12-12,1712
2011-12-13,1680
2011-12-14,1665
2011-12-15,1635
2011-12-16,1590
2011-12-19,1589.5
2011-12-20,1593
2011-12-21,1605
2011-12-22,1637.5
2011-12-23,1609
2011-12-28,1607.5
2011-12-29,1584
2011-12-30,1537.5
2012-01-03,1574.5
2012-01-04,1590
2012-01-05,1603
2012-01-06,1614.5
2012-01-09,1621
2012-01-10,1618
2012-01-11,1627
2012-01-12,1641
2012-01-13,1652.5
2012-01-16,1642
2012-01-17,1643.5
2012-01-18,1662
2012-01-19,1657
2012-01-20,1664
2012-01-23,1646
2012-01-24,1675
2012-01-25,1669
2012-01-26,1659
2012-01-27,1713
2012-01-30,1722
2012-01-31,1720.5
2012-02-01,1738
2012-02-02,1744
2012-02-03,1747.5
2012-02-06,1759.5
2012-02-07,1717
2012-02-08,1720
2012-02-09,1743
2012-02-10,1733
2012-02-13,1715.5
2012-02-14,1727
2012-02-15,1721
2012-02-16,1725.5
2012-02-17,1716
2012-02-20,1732
2012-02-21,1729.5
2012-02-22,1737
2012-02-23,1754.75
2012-02-24,1776.5
2012-02-27,1778.5
2012-02-28,1765
2012-02-29,1774.75
2012-03-01,1788
2012-03-02,1721
2012-03-05,1714.5
2012-03-06,1698
2012-03-07,1685.5
2012-03-08,1682.5
2012-03-09,1701.5
2012-03-12,1699.5
2012-03-13,1705.25
2012-03-14,1694.75
2012-03-15,1662
2012-03-16,1646.75
2012-03-19,1649
2012-03-20,1654
2012-03-21,1648.5
2012-03-22,1656
2012-03-23,1636
2012-03-26,1651
2012-03-27,1658
2012-03-28,1694
2012-03-29,1677
2012-03-30,1655.75
2012-04-02,1660.75
2012-04-03,1664
2012-04-04,1674.75
2012-04-05,1631.75
2012-04-10,1622.5
2012-04-11,1643.75
2012-04-12,1654
2012-04-13,1655.5
2012-04-16,1670.5
2012-04-17,1648.25
2012-04-18,1652
2012-04-19,1646.5
2012-04-20,1642
2012-04-23,1640
2012-04-24,1632
2012-04-25,1638.75
2012-04-26,1641.25
2012-04-27,1648.25
2012-04-30,1654
2012-05-01,1662.5
2012-05-02,1661.25
2012-05-03,1652.5
2012-05-04,1642.5
2012-05-08,1629.5
2012-05-09,1627
2012-05-10,1585.5
2012-05-11,1590
2012-05-14,1580.75
2012-05-15,1563
2012-05-16,1559
2012-05-17,1537.5
2012-05-18,1547
2012-05-21,1588
2012-05-22,1590.25
2012-05-23,1575.75
2012-05-24,1555
2012-05-25,1558.5
2012-05-28,1560.5
2012-05-29,1579
2012-05-30,1573.75
2012-05-31,1548.75
2012-06-01,1567.5
2012-06-06,1552.5
2012-06-07,1633.25
2012-06-08,1620.75
2012-06-11,1576
2012-06-12,1593
2012-06-13,1589.25
2012-06-14,1612.75
2012-06-15,1619
2012-06-18,1622.25
2012-06-19,1623.5
2012-06-20,1628.5
2012-06-21,1618.75
2012-06-22,1600
2012-06-25,1570.5
2012-06-26,1569
2012-06-27,1583.25
2012-06-28,1567.5
2012-06-29,1567.75
2012-07-02,1569.5
2012-07-03,1596.25
2012-07-04,1608.5
2012-07-05,1617
2012-07-06,1616.75
2012-07-09,1591.75
2012-07-10,1581
2012-07-11,1594.5
2012-07-12,1576.5
2012-07-13,1565.5
2012-07-16,1579
2012-07-17,1584
2012-07-18,1595
2012-07-19,1579.5
2012-07-20,1580
2012-07-23,1583
2012-07-24,1571.5
2012-07-25,1573
2012-07-26,1587.5
2012-07-27,1603
2012-07-30,1618.75
2012-07-31,1616.5
2012-08-01,1622.75
2012-08-02,1614.75
2012-08-03,1604.5
2012-08-06,1595
2012-08-07,1606.75
2012-08-08,1613
2012-08-09,1607
2012-08-10,1612.75
2012-08-13,1608.5
2012-08-14,1622.25
2012-08-15,1614.5
2012-08-16,1594.75
2012-08-17,1603.5
2012-08-20,1616.5
2012-08-21,1615.25
2012-08-22,1624
2012-08-23,1640.5
2012-08-24,1662.5
2012-08-28,1666.5
2012-08-29,1663.5
2012-08-30,1664.25
2012-08-31,1657
2012-09-03,1657.75
2012-09-04,1686
2012-09-05,1691.5
2012-09-06,1689.5
2012-09-07,1708.5
2012-09-10,1696
2012-09-11,1732.75
2012-09-12,1731
2012-09-13,1742.75
2012-09-14,1730.5
2012-09-17,1772.5
2012-09-18,1767.25
2012-09-19,1756.75
2012-09-20,1774.5
2012-09-21,1760
2012-09-24,1773.75
2012-09-25,1758.5
2012-09-26,1766.75
2012-09-27,1763.75
2012-09-28,1755.25
2012-10-01,1781
2012-10-02,1770.5
2012-10-03,1778.5
2012-10-04,1777.25
2012-10-05,1786.5
2012-10-08,1790
2012-10-09,1769
2012-10-10,1770.75
2012-10-11,1763
2012-10-12,1767.25
2012-10-15,1767
2012-10-16,1747.25
2012-10-17,1737.5
2012-10-18,1747.75
2012-10-19,1748
2012-10-22,1732.75
2012-10-23,1725
2012-10-24,1717
2012-10-25,1708.5
2012-10-26,1715
2012-10-29,1704
2012-10-30,1712
2012-10-31,1713.5
2012-11-01,1718
2012-11-02,1723.25
2012-11-05,1708.25
2012-11-06,1679
2012-11-07,1691.75
2012-11-08,1730.5
2012-11-09,1715
2012-11-12,1732.75
2012-11-13,1735.75
2012-11-14,1724.75
2012-11-15,1724.5
2012-11-16,1723.5
2012-11-19,1710
2012-11-20,1723.25
2012-11-21,1734
2012-11-22,1726.75
2012-11-23,1729.75
2012-11-26,1734.75
2012-11-27,1747.25
2012-11-28,1747.25
2012-11-29,1741
2012-11-30,1724.5
2012-12-03,1728.25
2012-12-04,1718
2012-12-05,1706.75
2012-12-06,1703
2012-12-07,1693
2012-12-10,1697
2012-12-11,1708.5
2012-12-12,1709.75
2012-12-13,1712.5
2012-12-14,1694.75
2012-12-17,1696.5
2012-12-18,1690
2012-12-19,1699.5
2012-12-20,1674.5
2012-12-21,1667
2012-12-24,1648.25
2012-12-27,1662.5
2012-12-28,1655.25
2012-12-31,1658.75
2013-01-02,1664
2013-01-03,1681.5
2013-01-04,1684.5
2013-01-07,1632.25
2013-01-08,1653.75
2013-01-09,1653.75
2013-01-10,1663.5
2013-01-11,1663
2013-01-14,1669.5
2013-01-15,1667.75
2013-01-16,1681
2013-01-17,1679.75
2013-01-18,1683.25
2013-01-21,1690
2013-01-22,1688
2013-01-23,1692.5
2013-01-24,1692.25
2013-01-25,1677
2013-01-28,1670.25
2013-01-29,1656.75
2013-01-30,1660.5
2013-01-31,1666.25
2013-02-01,1674.5
2013-02-04,1665
2013-02-05,1664.25
2013-02-06,1678
2013-02-07,1670
2013-02-08,1675.75
2013-02-11,1669.75
2013-02-12,1663.5
2013-02-13,1641.75
2013-02-14,1648
2013-02-15,1644
2013-02-18,1629.25
2013-02-19,1611.25
2013-02-20,1613.5
2013-02-21,1602
2013-02-22,1568.5
2013-02-25,1580
2013-02-26,1592.5
2013-02-27,1597.25
2013-02-28,1608.5
2013-03-01,1591
2013-03-04,1570
2013-03-05,1578
2013-03-06,1584.25
2013-03-07,1574
2013-03-08,1580.5
2013-03-11,1577
2013-03-12,1577.5
2013-03-13,1582.5
2013-03-14,1591.5
2013-03-15,1585
2013-03-18,1593.25
2013-03-19,1599.5
2013-03-20,1602.5
2013-03-21,1611.5
2013-03-22,1608.75
2013-03-25,1611.5
2013-03-26,1602.25
2013-03-27,1597.25
2013-03-28,1591
2013-04-02,1602.5
2013-04-03,1597.75
2013-04-04,1568.5
2013-04-05,1545.25
2013-04-08,1552.75
2013-04-09,1577.25
2013-04-10,1572.5
2013-04-11,1581.5
2013-04-12,1555.75
2013-04-15,1548
2013-04-16,1416
2013-04-17,1378
2013-04-18,1379
2013-04-19,1397
2013-04-22,1414
2013-04-23,1425
2013-04-24,1417.25
2013-04-25,1424.5
2013-04-26,1446.5
2013-04-29,1462.25
2013-04-30,1472.5
2013-05-01,1472.75
2013-05-02,1469.5
2013-05-03,1456
2013-05-07,1476.5
2013-05-08,1463
2013-05-09,1454
2013-05-10,1469.5
2013-05-13,1449.25
2013-05-14,1429.75
2013-05-15,1436.5
2013-05-16,1412.25
2013-05-17,1377
2013-05-20,1376.75
2013-05-21,1353.75
2013-05-22,1378.75
2013-05-23,1385.25
2013-05-24,1386
2013-05-28,1385.25
2013-05-29,1379
2013-05-30,1384.5
2013-05-31,1406.25
2013-06-03,1410.25
2013-06-04,1396.75
2013-06-05,1405.25
2013-06-06,1396.5
2013-06-07,1399.5
2013-06-10,1410
2013-06-11,1376.75
2013-06-12,1369.5
2013-06-13,1377.25
2013-06-14,1386.25
2013-06-17,1379.75
2013-06-18,1386
2013-06-19,1378.5
2013-06-20,1366
2013-06-21,1303.25
2013-06-24,1290.25
2013-06-25,1283.25
2013-06-26,1285
2013-06-27,1229
2013-06-28,1232
2013-07-01,1203.25
2013-07-02,1243.5
2013-07-03,1260.75
2013-07-04,1246
2013-07-05,1249.5
2013-07-08,1232.75
2013-07-09,1225.5
2013-07-10,1252
2013-07-11,1252.25
2013-07-12,1280.75
2013-07-15,1275
2013-07-16,1281.25
2013-07-17,1286
2013-07-18,1284.25
2013-07-19,1279.75
2013-07-22,1286
2013-07-23,1313.75
2013-07-24,1326.75
2013-07-25,1340
2013-07-26,1312
2013-07-29,1327.75
2013-07-30,1330.75
2013-07-31,1322.25
2013-08-01,1331.5
2013-08-02,1323.75
2013-08-05,1285.75
2013-08-06,1311
2013-08-07,1292
2013-08-08,1275.5
2013-08-09,1287.75
2013-08-12,1305.5
2013-08-13,1325.75
2013-08-14,1334
2013-08-15,1323.25
2013-08-16,1339.5
2013-08-19,1360.75
2013-08-20,1375.25
2013-08-21,1365.75
2013-08-22,1360
2013-08-23,1370.5
2013-08-27,1374.5
2013-08-28,1411
2013-08-29,1425.5
2013-08-30,1406.25
2013-09-02,1392.75
2013-09-03,1391.25
2013-09-04,1391.25
2013-09-05,1403.75
2013-09-06,1391.75
2013-09-09,1368.25
2013-09-10,1386
2013-09-11,1373
2013-09-12,1365.25
2013-09-13,1340.25
2013-09-16,1308.25
2013-09-17,1314.75
2013-09-18,1317.25
2013-09-19,1299.75
2013-09-20,1363.5
2013-09-23,1355.25
2013-09-24,1321.75
2013-09-25,1316.5
2013-09-26,1320.25
2013-09-27,1332.5
2013-09-30,1321.5
2013-10-01,1335.75
2013-10-02,1332.25
2013-10-03,1293.75
2013-10-04,1309
2013-10-07,1316
2013-10-08,1311
2013-10-09,1321
2013-10-10,1309.5
2013-10-11,1298
2013-10-14,1285.75
2013-10-15,1276
2013-10-16,1255.5
2013-10-17,1278.25
2013-10-18,1308.5
2013-10-21,1317
2013-10-22,1316
2013-10-23,1311.75
2013-10-24,1333
2013-10-25,1336.25
2013-10-28,1341.75
2013-10-29,1351
2013-10-30,1346.75
2013-10-31,1349.5
2013-11-01,1333.75
2013-11-04,1314.75
2013-11-05,1314.25
2013-11-06,1311.25
2013-11-07,1317
2013-11-08,1316
2013-11-11,1309
2013-11-12,1283.75
2013-11-13,1281
2013-11-14,1276
2013-11-15,1283.25
2013-11-18,1281.75
2013-11-19,1283.5
2013-11-20,1272.25
2013-11-21,1271.5
2013-11-22,1248.5
2013-11-25,1241.75
2013-11-26,1231.75
2013-11-27,1250.75
2013-11-28,1250.75
2013-11-29,1241.75
2013-12-02,1245.25
2013-12-03,1237.5
2013-12-04,1219
2013-12-05,1213
2013-12-06,1234
2013-12-09,1230.75
2013-12-10,1228.5
2013-12-11,1245.75
2013-12-12,1255.25
2013-12-13,1243.5
2013-12-16,1222.75
2013-12-17,1229.5
2013-12-18,1237.25
2013-12-19,1233.25
2013-12-20,1205.25
2013-12-23,1195
2013-12-24,1192.75
2013-12-27,1196.5
2013-12-30,1209.25
2013-12-31,1201.5
2014-01-02,1201.5
2014-01-03,1219.75
2014-01-06,1232.25
2014-01-07,1238
2014-01-08,1237.5
2014-01-09,1226.5
2014-01-10,1226
2014-01-13,1232.25
2014-01-14,1246
2014-01-15,1248.75
2014-01-16,1238
2014-01-17,1237.25
2014-01-20,1241
2014-01-21,1254.75
2014-01-22,1247.75
2014-01-23,1239.5
2014-01-24,1244.25
2014-01-27,1259.25
2014-01-28,1270
2014-01-29,1253.5
2014-01-30,1254.75
2014-01-31,1254
2014-02-03,1246.5
2014-02-04,1246.5
2014-02-05,1253
2014-02-06,1257
2014-02-07,1258.5
2014-02-10,1260
2014-02-11,1273.5
2014-02-12,1282.75
2014-02-13,1286.5
2014-02-14,1290.25
2014-02-17,1308.5
2014-02-18,1326
2014-02-19,1314
2014-02-20,1318.75
2014-02-21,1313.75
2014-02-24,1320.75
2014-02-25,1333
2014-02-26,1332.75
2014-02-27,1340
2014-02-28,1331
2014-03-03,1327.75
2014-03-04,1344.25
2014-03-05,1339.5
2014-03-06,1333.5
2014-03-07,1334.25
2014-03-10,1348.25
2014-03-11,1334.25
2014-03-12,1348
2014-03-13,1355.75
2014-03-14,1371
2014-03-17,1370
2014-03-18,1379
2014-03-19,1362.5
2014-03-20,1346
2014-03-21,1327
2014-03-24,1338.5
2014-03-25,1322
2014-03-26,1314.75
2014-03-27,1314.5
2014-03-28,1295
2014-03-31,1295.75
2014-04-01,1294
2014-04-02,1286.5
2014-04-03,1284
2014-04-04,1287.25
2014-04-07,1293.5
2014-04-08,1299
2014-04-09,1314.75
2014-04-10,1309.75
2014-04-11,1321.5
2014-04-14,1317.25
2014-04-15,1324.5
2014-04-16,1311.5
2014-04-17,1299
2014-04-22,1299.25
2014-04-23,1290.75
2014-04-24,1283.5
2014-04-25,1283.5
2014-04-28,1294.25
2014-04-29,1302
2014-04-30,1289.75
2014-05-01,1292
2014-05-02,1283
2014-05-06,1285
2014-05-07,1308.5
2014-05-08,1311
2014-05-09,1291.25
2014-05-12,1289
2014-05-13,1292.75
2014-05-14,1292.75
2014-05-15,1300.25
2014-05-16,1303.75
2014-05-19,1293.75
2014-05-20,1301
2014-05-21,1291.5
2014-05-22,1292
2014-05-23,1294.5
2014-05-27,1292
2014-05-28,1283
2014-05-29,1265.25
2014-05-30,1254
2014-06-02,1254
2014-06-03,1244.75
2014-06-04,1244.25
2014-06-05,1246
2014-06-06,1244.75
2014-06-09,1254
2014-06-10,1255
2014-06-11,1253.5
2014-06-12,1262.5
2014-06-13,1261.75
2014-06-16,1273
2014-06-17,1281.75
2014-06-18,1264.5
2014-06-19,1269
2014-06-20,1282
2014-06-23,1310
2014-06-24,1313.5
2014-06-25,1323
2014-06-26,1312
2014-06-27,1311.5
2014-06-30,1315.25
2014-07-01,1313
2014-07-02,1325.75
2014-07-03,1326.75
2014-07-04,1322.5
2014-07-07,1321.5
2014-07-08,1313.25
2014-07-09,1318.25
2014-07-10,1322.5
2014-07-11,1343.25
2014-07-14,1336.5
2014-07-15,1321.25
2014-07-16,1312
2014-07-17,1297.5
2014-07-18,1302.75
2014-07-21,1310.25
2014-07-22,1312.75
2014-07-23,1307
2014-07-24,1307.5
2014-07-25,1300
2014-07-28,1292.5
2014-07-29,1305
2014-07-30,1307.5
2014-07-31,1297.5
2014-08-01,1295
2014-08-04,1284.5
2014-08-05,1293.5
2014-08-06,1292.75
2014-08-07,1288.5
2014-08-08,1302
2014-08-11,1317.5
2014-08-12,1308.25
2014-08-13,1311
2014-08-14,1309.25
2014-08-15,1315
2014-08-18,1313.6
2014-08-19,1302.75
2014-08-20,1300.25
2014-08-21,1294.5
2014-08-22,1280.5
2014-08-26,1281
2014-08-27,1286.5
2014-08-28,1285
2014-08-29,1288
2014-09-01,1285.75
2014-09-02,1287.25
2014-09-03,1277.75
2014-09-04,1268.5
2014-09-05,1271
2014-09-08,1264
2014-09-09,1267.25
2014-09-10,1256
2014-09-11,1254.25
2014-09-12,1247
2014-09-15,1237.25
2014-09-16,1234.75
2014-09-17,1238.75
2014-09-18,1236.5
2014-09-19,1223
2014-09-22,1222.5
2014-09-23,1214
2014-09-24,1225
2014-09-25,1224
2014-09-26,1210.5
2014-09-29,1222.25
2014-09-30,1217.75
2014-10-01,1210
2014-10-02,1208.5
2014-10-03,1214.5
2014-10-06,1207.5
2014-10-07,1193.25
2014-10-08,1207.5
2014-10-09,1220
2014-10-10,1227.5
2014-10-13,1222.25
2014-10-14,1228
2014-10-15,1233
2014-10-16,1223.5
2014-10-17,1241
2014-10-20,1238
2014-10-21,1241
2014-10-22,1251.75
2014-10-23,1246.75
2014-10-24,1240.5
2014-10-27,1231.75
2014-10-28,1230.5
2014-10-29,1228.25
2014-10-30,1228
2014-10-31,1205.75
2014-11-03,1173.25
2014-11-04,1170.75
2014-11-05,1169.25
2014-11-06,1145.25
2014-11-07,1144.5
2014-11-10,1145
2014-11-11,1172
2014-11-12,1151.25
2014-11-13,1163.25
2014-11-14,1161
2014-11-17,1154
2014-11-18,1187
2014-11-19,1202
2014-11-20,1200.75
2014-11-21,1194
2014-11-24,1193.25
2014-11-25,1196
2014-11-26,1202.25
2014-11-27,1195.75
2014-11-28,1196.5
2014-12-01,1184.5
2014-12-02,1178.75
2014-12-03,1197
2014-12-04,1203.25
2014-12-05,1204
2014-12-08,1204.5
2014-12-09,1195.25
2014-12-10,1206.5
2014-12-11,1228.25
2014-12-12,1219.5
2014-12-15,1223.5
2014-12-16,1210.75
2014-12-17,1199.25
2014-12-18,1199
2014-12-19,1210.75
2014-12-22,1197.5
2014-12-23,1195.25
2014-12-24,1179.5
2014-12-29,1177
2014-12-30,1194
2014-12-31,1186.5
2015-01-02,1199.25
2015-01-05,1184.25
2015-01-06,1192
2015-01-07,1211
2015-01-08,1213.75
2015-01-09,1206.5
2015-01-12,1211.25
2015-01-13,1222
2015-01-14,1239
2015-01-15,1228.75
2015-01-16,1235.25
2015-01-19,1258.25
2015-01-20,1275.5
2015-01-21,1292.25
2015-01-22,1298
2015-01-23,1287
2015-01-26,1293.5
2015-01-27,1282.75
2015-01-28,1279
2015-01-29,1287
2015-01-30,1275.5
2015-02-02,1263.5
2015-02-03,1274.25
2015-02-04,1281
2015-02-05,1269.25
2015-02-06,1263.75
2015-02-09,1264
2015-02-10,1242.25
2015-02-11,1237.5
2015-02-12,1235.5
2015-02-13,1225.25
2015-02-16,1225.75
2015-02-17,1233.5
2015-02-18,1221.75
2015-02-19,1206.5
2015-02-20,1217.75
2015-02-23,1203.5
2015-02-24,1193.5
2015-02-25,1195.5
2015-02-26,1206.5
2015-02-27,1220
2015-03-02,1205
2015-03-03,1216.75
2015-03-04,1207.75
2015-03-05,1204.25
2015-03-06,1199.75
2015-03-09,1196.5
2015-03-10,1173.75
2015-03-11,1161
2015-03-12,1158.75
2015-03-13,1161.25
2015-03-16,1156.5
2015-03-17,1157
2015-03-18,1154.75
2015-03-19,1149
2015-03-20,1164
2015-03-23,1171.75
2015-03-24,1181.4
2015-03-25,1193.25
2015-03-26,1192.55
2015-03-27,1209.4
2015-03-30,1198
2015-03-31,1187.4
2015-04-01,1179.25
2015-04-02,1181.25
2015-04-07,1201.5
2015-04-08,1208.5
2015-04-09,1211.1
2015-04-10,1196
2015-04-13,1201.9
2015-04-14,1197.85
2015-04-15,1191.45
2015-04-16,1189.85
2015-04-17,1204.6
2015-04-20,1204.55
2015-04-21,1203.25
2015-04-22,1197.7
2015-04-23,1202.4
2015-04-24,1187.75
2015-04-27,1192.15
2015-04-28,1182.75
2015-04-29,1201.4
2015-04-30,1204.8
2015-05-01,1204.3
2015-05-05,1179
2015-05-06,1187.4
2015-05-07,1191.25
2015-05-08,1183
2015-05-11,1185.25
2015-05-12,1184.75
2015-05-13,1184.45
2015-05-14,1193
2015-05-15,1214.75
2015-05-18,1216.3
2015-05-19,1228.15
2015-05-20,1219.65
2015-05-21,1206.75
2015-05-22,1209.6
2015-05-26,1211
2015-05-27,1194
2015-05-28,1187.85
2015-05-29,1189.45
2015-06-01,1190.4
2015-06-02,1187.3
2015-06-03,1188.75
2015-06-04,1186.6
2015-06-05,1182.45
2015-06-08,1175.9
2015-06-09,1173.4
2015-06-10,1181
2015-06-11,1186
2015-06-12,1180.5
2015-06-15,1179.25
2015-06-16,1178.25
2015-06-17,1182.1
2015-06-18,1178.5
2015-06-19,1198
2015-06-22,1198.15
2015-06-23,1193.7
2015-06-24,1183.35
2015-06-25,1175.75
2015-06-26,1174.6
2015-06-29,1174.4
2015-06-30,1176.5
2015-07-01,1175
2015-07-02,1171.7
2015-07-03,1164.3
2015-07-06,1168.25
2015-07-07,1164.25
2015-07-08,1166.25
2015-07-09,1154.25
2015-07-10,1162.1
2015-07-13,1162.4
2015-07-14,1154.95
2015-07-15,1153.2
2015-07-16,1154.75
2015-07-17,1145.1
2015-07-20,1143
2015-07-21,1115
2015-07-22,1108
2015-07-23,1096.8
2015-07-24,1101.65
2015-07-27,1083.75
2015-07-28,1098.6
2015-07-29,1095.6
2015-07-30,1096.75
2015-07-31,1085.65
2015-08-03,1080.05
2015-08-04,1093
2015-08-05,1092.6
2015-08-06,1086.5
2015-08-07,1085
2015-08-10,1091.35
2015-08-11,1094.8
2015-08-12,1113.25
2015-08-13,1116.8
2015-08-14,1117.35
2015-08-17,1116.75
2015-08-18,1117.3
2015-08-19,1119.15
2015-08-20,1123.2
2015-08-21,1137.95
2015-08-24,1149.35
2015-08-25,1153.5
2015-08-26,1154.25
2015-08-27,1134.4
2015-08-28,1128.5
2015-09-01,1125.5
2015-09-02,1141.9
2015-09-03,1140
2015-09-04,1130.05
2015-09-07,1125
2015-09-08,1121
2015-09-09,1120.85
2015-09-10,1122.3
2015-09-11,1107.75
2015-09-14,1106.35
2015-09-15,1108
2015-09-16,1105.5
2015-09-17,1109.75
2015-09-18,1118.15
2015-09-21,1136
2015-09-22,1136.85
2015-09-23,1129.3
2015-09-24,1124.6
2015-09-25,1134.45
2015-09-28,1145.5
2015-09-29,1137.5
2015-09-30,1124.6
2015-10-01,1122.5
2015-10-02,1114.2
2015-10-05,1106.3
2015-10-06,1134.35
2015-10-07,1136.9
2015-10-08,1147.9
2015-10-09,1143.3
2015-10-12,1151.5
2015-10-13,1164.2
2015-10-14,1154.4
2015-10-15,1173.7
2015-10-16,1183.35
2015-10-19,1176.35
2015-10-20,1171.65
2015-10-21,1173.7
2015-10-22,1174.4
2015-10-23,1166.45
2015-10-26,1171.55
2015-10-27,1168.5
2015-10-28,1165.75
2015-10-29,1171.5
2015-10-30,1159
2015-11-02,1147.75
2015-11-03,1135.8
2015-11-04,1130.9
2015-11-05,1118
2015-11-06,1107.3
2015-11-09,1107.7
2015-11-10,1095.6
2015-11-11,1092.5
2015-11-12,1088.6
2015-11-13,1087.6
2015-11-16,1083.75
2015-11-17,1094.5
2015-11-18,1080.8
2015-11-19,1070.5
2015-11-20,1073.1
2015-11-23,1085.15
2015-11-24,1068.35
2015-11-25,1073
2015-11-26,1072.2
2015-11-27,1070.5
2015-11-30,1064.65
2015-12-01,1055.65
2015-12-02,1069.25
2015-12-03,1066.9
2015-12-04,1050.6
2015-12-07,1063
2015-12-08,1082.7
2015-12-09,1071.75
2015-12-10,1078.4
2015-12-11,1072
2015-12-14,1067.2
2015-12-15,1068
2015-12-16,1069.15
2015-12-17,1065.75
2015-12-18,1065.85
2015-12-21,1055.25
2015-12-22,1071.15
2015-12-23,1077
2015-12-24,1071.5
2015-12-29,1071.9
2015-12-30,1067.25
2015-12-31,1067.8
2016-01-04,1062.25
2016-01-05,1072.7
2016-01-06,1078
2016-01-07,1083.85
2016-01-08,1096
2016-01-11,1097.45
2016-01-12,1104.7
2016-01-13,1094.85
2016-01-14,1081.8
2016-01-15,1090.75
2016-01-18,1081.1
2016-01-19,1090.45
2016-01-20,1087
2016-01-21,1093.2
2016-01-22,1096.8
2016-01-25,1097.65
2016-01-26,1103.7
2016-01-27,1114.7
2016-01-28,1116.5
2016-01-29,1119
2016-02-01,1112.9
2016-02-02,1122
2016-02-03,1123.6
2016-02-04,1130
2016-02-05,1146.25
2016-02-08,1158.5
2016-02-09,1173.4
2016-02-10,1188.9
2016-02-11,1183.4
2016-02-12,1223.25
2016-02-15,1239.5
2016-02-16,1208.45
2016-02-17,1212
2016-02-18,1202.4
2016-02-19,1204.4
2016-02-22,1221.5
2016-02-23,1203.65
2016-02-24,1218.75
2016-02-25,1232.25
2016-02-26,1235.4
2016-02-29,1231
2016-03-01,1234.15
2016-03-02,1240
2016-03-03,1229.35
2016-03-04,1241.95
2016-03-07,1271.5
2016-03-08,1267.6
2016-03-09,1274.1
2016-03-10,1258.25
2016-03-11,1247.25
2016-03-14,1262.25
2016-03-15,1256.55
2016-03-16,1233.6
2016-03-17,1233.1
2016-03-18,1269.6
2016-03-21,1254.5
2016-03-22,1244.25
2016-03-23,1251.8
2016-03-24,1232.2
2016-03-29,1216.45
2016-03-30,1216.45
2016-03-31,1238.2
2016-04-01,1233.6
2016-04-04,1232.1
2016-04-05,1215
2016-04-06,1231.5
2016-04-07,1225.75
2016-04-08,1237.5
2016-04-11,1235
2016-04-12,1247.25
2016-04-13,1259.2
2016-04-14,1245.75
2016-04-15,1240.3
2016-04-18,1229.75
2016-04-19,1237.7
2016-04-20,1241.7
2016-04-21,1247.75
2016-04-22,1257.65
2016-04-25,1245.4
2016-04-26,1230.85
2016-04-27,1234.5
2016-04-28,1244.75
2016-04-29,1256.6
2016-05-03,1274.5
2016-05-04,1296.5
2016-05-05,1280.3
2016-05-06,1275.75
2016-05-09,1280.25
2016-05-10,1277.75
2016-05-11,1264.85
2016-05-12,1271.8
2016-05-13,1268.3
2016-05-16,1275.15
2016-05-17,1281
2016-05-18,1270.1
2016-05-19,1270.9
2016-05-20,1253.75
2016-05-23,1256.5
2016-05-24,1250.4
2016-05-25,1242.65
2016-05-26,1220.75
2016-05-27,1226.65
2016-05-31,1221.25
2016-06-01,1210.5
2016-06-02,1216.25
2016-06-03,1215.5
2016-06-06,1211
2016-06-07,1240.55
2016-06-08,1241.1
2016-06-09,1252.4
2016-06-10,1258.35
2016-06-13,1266.6
2016-06-14,1284.1
2016-06-15,1279.4
2016-06-16,1282
2016-06-17,1307
2016-06-20,1284.5
2016-06-21,1283.25
2016-06-22,1280.8
2016-06-23,1265
2016-06-24,1265.75
2016-06-27,1313.85
2016-06-28,1324.6
2016-06-29,1312
2016-06-30,1317.75
2016-07-01,1317
2016-07-04,1331.75
2016-07-05,1348.75
2016-07-06,1344.75
2016-07-07,1370
2016-07-08,1367.1
2016-07-11,1356.1
2016-07-12,1358.25
2016-07-13,1352.85
2016-07-14,1340.25
2016-07-15,1325.7
2016-07-18,1330.5
2016-07-19,1326.15
2016-07-20,1332.2
2016-07-21,1325.6
2016-07-22,1322
2016-07-25,1323.2
2016-07-26,1315
2016-07-27,1321.25
2016-07-28,1320.8
2016-07-29,1341.3
2016-08-01,1332.5
2016-08-02,1348.85
2016-08-03,1358.15
2016-08-04,1364.4
2016-08-05,1351.15
2016-08-08,1362.6
2016-08-09,1330
2016-08-10,1332.9
2016-08-11,1351.85
2016-08-12,1344.55
2016-08-15,1336.7
2016-08-16,1339.2
2016-08-17,1349.1
2016-08-18,1342.75
2016-08-19,1347.1
2016-08-22,1346.85
2016-08-23,1334.3
2016-08-24,1338.5
2016-08-25,1337.3
2016-08-26,1324.5
2016-08-30,1324.9
2016-08-31,1318.85
2016-09-01,1314.45
2016-09-02,1305.7
2016-09-05,1311.5
2016-09-06,1328.3
2016-09-07,1330.05
2016-09-08,1348.75
2016-09-09,1348
2016-09-12,1335.65
2016-09-13,1327.5
2016-09-14,1328.5
2016-09-15,1323.2
2016-09-16,1320.1
2016-09-19,1314.25
2016-09-20,1315.05
2016-09-21,1315.4
2016-09-22,1319.6
2016-09-23,1332.45
2016-09-26,1335.9
2016-09-27,1336.3
2016-09-28,1335.85
2016-09-29,1324.8
2016-09-30,1320.85
2016-10-03,1327.9
2016-10-04,1318.65
2016-10-05,1309.15
2016-10-06,1274
2016-10-07,1265.5
2016-10-10,1255
2016-10-11,1262.1
2016-10-12,1256.4
2016-10-13,1255.7
2016-10-14,1258
2016-10-17,1256.15
2016-10-18,1252.7
2016-10-19,1261.65
2016-10-20,1269.75
2016-10-21,1269.2
2016-10-24,1263.95
2016-10-25,1267
2016-10-26,1269.3
2016-10-27,1273.9
2016-10-28,1269.3
2016-10-31,1265.9
2016-11-01,1274.2
2016-11-02,1284.4
2016-11-03,1295.85
2016-11-04,1293
2016-11-07,1301.7
2016-11-08,1286.8
2016-11-09,1284
2016-11-10,1304.55
2016-11-11,1280.9
2016-11-14,1255.65
2016-11-15,1222.6
2016-11-16,1228.9
2016-11-17,1225.7
2016-11-18,1232
2016-11-21,1206.1
2016-11-22,1214.95
2016-11-23,1217.55
2016-11-24,1213.25
2016-11-25,1187.25
2016-11-28,1187.5
2016-11-29,1189.1
2016-11-30,1187.3
2016-12-01,1187.4
2016-12-02,1168.75
2016-12-05,1171.65
2016-12-06,1164.9
2016-12-07,1171.15
2016-12-08,1171.25
2016-12-09,1174.75
2016-12-12,1168.9
2016-12-13,1154.4
2016-12-14,1157.35
2016-12-15,1160.95
2016-12-16,1132.45
2016-12-19,1134.85
2016-12-20,1137.6
2016-12-21,1132.75
2016-12-22,1134.4
2016-12-23,1130.55
2016-12-28,1131
2016-12-29,1139.75
2016-12-30,1146.8
2017-01-03,1159.1
2017-01-04,1148.65
2017-01-05,1165.9
2017-01-06,1173.05
2017-01-09,1178
2017-01-10,1176.1
2017-01-11,1183.2
2017-01-12,1187.55
2017-01-13,1206.65
2017-01-16,1196.35
2017-01-17,1202.75
2017-01-18,1217.5
2017-01-19,1212.5
2017-01-20,1203.35
2017-01-23,1199.1
2017-01-24,1213.75
2017-01-25,1213.3
2017-01-26,1203.5
2017-01-27,1191.55
2017-01-30,1184.2
2017-01-31,1189.85
2017-02-01,1198.8
2017-02-02,1210
2017-02-03,1224.05
2017-02-06,1213.05
2017-02-07,1221.85
2017-02-08,1231
2017-02-09,1235.6
2017-02-10,1241.75
2017-02-13,1225.75
2017-02-14,1229.4
2017-02-15,1229.65
2017-02-16,1225.15
2017-02-17,1236.75
2017-02-20,1241.4
2017-02-21,1235.35
2017-02-22,1228.7
2017-02-23,1237.5
2017-02-24,1237.35
2017-02-27,1255.35
2017-02-28,1256.25
2017-03-01,1251.9
2017-03-02,1246.05
2017-03-03,1243.3
2017-03-06,1228.75
2017-03-07,1231.15
2017-03-08,1223.7
2017-03-09,1213.3
2017-03-10,1204.6
2017-03-13,1196.55
2017-03-14,1207.8
2017-03-15,1203.55
2017-03-16,1202.25
2017-03-17,1225.6
2017-03-20,1228.75
2017-03-21,1233
2017-03-22,1232.05
2017-03-23,1246.1
2017-03-24,1247.9
2017-03-27,1244
2017-03-28,1256.9
2017-03-29,1253.65
2017-03-30,1252.9
2017-03-31,1250.9
2017-04-03,1241.7
2017-04-04,1246.25
2017-04-05,1258.65
2017-04-06,1252.5
2017-04-07,1253.75
2017-04-10,1264.3
2017-04-11,1253.6
2017-04-12,1255.7
2017-04-13,1272.3
2017-04-18,1286.1
2017-04-19,1285
2017-04-20,1282.05
2017-04-21,1279.9
2017-04-24,1281.5
2017-04-25,1271.8
2017-04-26,1270.5
2017-04-27,1264.95
2017-04-28,1264.3
2017-05-02,1265.55
2017-05-03,1255.8
2017-05-04,1253.95
2017-05-05,1235.85
2017-05-08,1239.4
2017-05-09,1229.7
2017-05-10,1225.15
2017-05-11,1222.95
2017-05-12,1221
2017-05-15,1227.9
2017-05-16,1231.5
2017-05-17,1234.05
2017-05-18,1244.6
2017-05-19,1261.35
2017-05-22,1251.85
2017-05-23,1255.25
2017-05-24,1259.9
2017-05-25,1251.35
2017-05-26,1257.1
2017-05-30,1265
2017-05-31,1262.8
2017-06-01,1263.8
2017-06-02,1266.15
2017-06-05,1260.95
2017-06-06,1280.7
2017-06-07,1287.85
2017-06-08,1292.7
2017-06-09,1284.8
2017-06-12,1274.25
2017-06-13,1269.25
2017-06-14,1261.3
2017-06-15,1268.25
2017-06-16,1260.25
2017-06-19,1256.6
2017-06-20,1251.1
2017-06-21,1246.5
2017-06-22,1247.05
2017-06-23,1251.4
2017-06-26,1256.3
2017-06-27,1240.85
2017-06-28,1250.4
2017-06-29,1251.6
2017-06-30,1246.6
2017-07-03,1243.25
2017-07-04,1235.2
2017-07-05,1224.25
2017-07-06,1221.9
2017-07-07,1224.3
2017-07-10,1220.4
2017-07-11,1207.55
2017-07-12,1211.9
2017-07-13,1219.4
2017-07-14,1221.4
2017-07-17,1218.95
2017-07-18,1229.85
2017-07-19,1237.1
2017-07-20,1239.85
2017-07-21,1236.55
2017-07-24,1247.25
2017-07-25,1255.85
2017-07-26,1252
2017-07-27,1245.4
2017-07-28,1262.05
2017-07-31,1259.6
2017-08-01,1266.35
2017-08-02,1267.05
2017-08-03,1266.65
2017-08-04,1261.8
2017-08-07,1269.3
2017-08-08,1257.55
2017-08-09,1261.45
2017-08-10,1267.95
2017-08-11,1278.9
2017-08-14,1288.3
2017-08-16,1281.1
2017-08-17,1270.15
2017-08-18,1285.9
2017-08-21,1295.25
2017-08-22,1287.6
2017-08-23,1285.1
2017-08-24,1286.45
2017-08-25,1285.9
2017-08-29,1287.05
2017-08-30,1323.4
2017-08-31,1310.6
2017-09-01,1305.8
2017-09-04,1318.4
2017-09-05,1334.6
2017-09-06,1331.15
2017-09-07,1340.15
2017-09-08,1340.45
2017-09-11,1350.9
2017-09-12,1338.75
2017-09-13,1326.25
2017-09-14,1332.25
2017-09-15,1323
2017-09-18,1325
2017-09-19,1314.4
2017-09-20,1308.45
2017-09-21,1314.9
2017-09-22,1297.35
2017-09-25,1297
2017-09-26,1295.5
2017-09-27,1306.9
2017-09-28,1291.3
2017-09-29,1284.3
2017-10-02,1286.95
2017-10-03,1273.1
2017-10-04,1270.7
2017-10-05,1275.55
2017-10-06,1278.4
2017-10-09,1268.2
2017-10-10,1282.15
2017-10-11,1289.6
2017-10-12,1290.2
2017-10-13,1294.45
2017-10-16,1293.9
2017-10-17,1305.15
2017-10-18,1289.7
2017-10-19,1280.65
2017-10-20,1283.4
2017-10-23,1280.25
2017-10-24,1275.25
2017-10-25,1278.3
2017-10-26,1273
2017-10-27,1278
2017-10-30,1267.8
2017-10-31,1272.75
2017-11-01,1274.4
2017-11-02,1279.25
2017-11-03,1276.4
2017-11-06,1275.3
2017-11-07,1271.6
2017-11-08,1276.35
2017-11-09,1282.25
2017-11-10,1284
2017-11-13,1284.45
2017-11-14,1278.4
2017-11-15,1273.7
2017-11-16,1285.7
2017-11-17,1277.7
2017-11-20,1283.85
2017-11-21,1292.35
2017-11-22,1280
2017-11-23,1283.95
2017-11-24,1290.15
2017-11-27,1289.15
2017-11-28,1294.7
2017-11-29,1293.9
2017-11-30,1294.85
2017-12-01,1282.15
2017-12-04,1277.25
2017-12-05,1279.1
2017-12-06,1275.9
2017-12-07,1268.55
2017-12-08,1256.8
2017-12-11,1245.85
2017-12-12,1251.4
2017-12-13,1243.4
2017-12-14,1241.6
2017-12-15,1255.6
2017-12-18,1257.25
2017-12-19,1258.65
2017-12-20,1263.1
2017-12-21,1265.95
2017-12-22,1265.85
2017-12-27,1268.05
2017-12-28,1285.4
2017-12-29,1291.6
2018-01-02,1296.5
2018-01-03,1312.8
2018-01-04,1314.6
2018-01-05,1313.7
2018-01-08,1317.9
2018-01-09,1318.8
2018-01-10,1314.95
2018-01-11,1321.65
2018-01-12,1319.85
2018-01-15,1332.9
2018-01-16,1343
2018-01-17,1334.95
2018-01-18,1337.35
2018-01-19,1329.75
2018-01-22,1335.8
2018-01-23,1334.15
2018-01-24,1337.1
2018-01-25,1350.5
2018-01-26,1360.25
2018-01-29,1354.35
2018-01-30,1348.4
2018-01-31,1345.7
2018-02-01,1343.35
2018-02-02,1341.1
2018-02-05,1345
2018-02-06,1337.1
2018-02-07,1344.65
2018-02-08,1328.5
2018-02-09,1311.05
2018-02-12,1316.05
2018-02-13,1321.7
2018-02-14,1329.4
2018-02-15,1330.75
2018-02-16,1353.7
2018-02-19,1358.6
2018-02-20,1347.4
2018-02-21,1337.4
2018-02-22,1328.6
2018-02-23,1323.5
2018-02-26,1328.9
2018-02-27,1339.05
2018-02-28,1332.75
2018-03-01,1320.3
2018-03-02,1311.25
2018-03-05,1316.75
2018-03-06,1326.3
2018-03-07,1324.95
2018-03-08,1332.5
2018-03-09,1325.4
2018-03-12,1319.35
2018-03-13,1317.25
2018-03-14,1318.7
2018-03-15,1324.95
2018-03-16,1323.35
2018-03-19,1320.05
2018-03-20,1311.7
2018-03-21,1312.75
2018-03-22,1316.35
2018-03-23,1328.85
2018-03-26,1342.35
2018-03-27,1348.4
2018-03-28,1350.65
2018-03-29,1341.05
2018-04-03,1323.9
2018-04-04,1336.6
2018-04-05,1343.15
2018-04-06,1327.05
2018-04-09,1325.6
2018-04-10,1328.5
2018-04-11,1335.95
2018-04-12,1345.2
2018-04-13,1345.9
2018-04-16,1340.75
2018-04-17,1344.4
2018-04-18,1342.95
2018-04-19,1346.55
2018-04-20,1347.9
2018-04-23,1340.15
2018-04-24,1328
2018-04-25,1327.35
2018-04-26,1325.7
2018-04-27,1321.9
2018-04-30,1317.7
2018-05-01,1316.25
2018-05-02,1309.2
2018-05-03,1310.75
2018-05-04,1313.3
2018-05-08,1309.35
2018-05-09,1310.05
2018-05-10,1306.85
2018-05-11,1314.8
2018-05-14,1324.8
2018-05-15,1320.7
2018-05-16,1310.05
2018-05-17,1291.75
2018-05-18,1288.85
2018-05-21,1287.2
2018-05-22,1285.85
2018-05-23,1293.9
2018-05-24,1294
2018-05-25,1296.35
2018-05-29,1303.95
2018-05-30,1302.05
2018-05-31,1298.6
2018-06-01,1303.5
2018-06-04,1299.15
2018-06-05,1294.65
2018-06-06,1292.25
2018-06-07,1295.25
2018-06-08,1298.3
2018-06-11,1299.2
2018-06-12,1296.05
2018-06-13,1298.3
2018-06-14,1294.4
2018-06-15,1305.3
2018-06-18,1300.1
2018-06-19,1281.25
2018-06-20,1279
2018-06-21,1273.25
2018-06-22,1263.7
2018-06-25,1269.7
2018-06-26,1269.8
2018-06-27,1257.15
2018-06-28,1256.8
2018-06-29,1250.5
2018-07-02,1250.55
2018-07-03,1249
2018-07-04,1245.85
2018-07-05,1256.9
2018-07-06,1252.5
2018-07-09,1254.2
2018-07-10,1262.6
2018-07-11,1253.7
2018-07-12,1250
2018-07-13,1244.85
2018-07-16,1240.5
2018-07-17,1244.9
2018-07-18,1243.65
2018-07-19,1223.45
2018-07-20,1217.4
2018-07-23,1224.85
2018-07-24,1229.45
2018-07-25,1224.3
2018-07-26,1230.55
2018-07-27,1228.35
2018-07-30,1219.15
2018-07-31,1222.05
2018-08-01,1219.2
2018-08-02,1222.75
2018-08-03,1217.6
2018-08-06,1207.7
2018-08-07,1212
2018-08-08,1215.4
2018-08-09,1212.35
2018-08-10,1215.5
2018-08-13,1211.65
2018-08-14,1204.4
2018-08-15,1195.3
2018-08-16,1186.7
2018-08-17,1179.65
2018-08-20,1176.7
2018-08-21,1188.75
2018-08-22,1194.1
2018-08-23,1196.85
2018-08-24,1187.3
2018-08-28,1189.95
2018-08-29,1212.75
2018-08-30,1204.3
2018-08-31,1202.35
2018-09-03,1206.85
2018-09-04,1201.7
2018-09-05,1195.75
2018-09-06,1194.7
2018-09-07,1204.3
2018-09-10,1200.75
2018-09-11,1195.8
2018-09-12,1194
2018-09-13,1197.8
2018-09-14,1206.65
2018-09-17,1206.2
2018-09-18,1196.8
2018-09-19,1199.4
2018-09-20,1203
2018-09-21,1203
2018-09-24,1207.6
2018-09-25,1198.75
2018-09-26,1199.45
2018-09-27,1198.8
2018-09-28,1196
2018-10-01,1183.5
2018-10-02,1185.3
2018-10-03,1192.65
2018-10-04,1203.5
2018-10-05,1199.45
2018-10-08,1201.1
2018-10-09,1194.8
2018-10-10,1187.4
2018-10-11,1186.4
2018-10-12,1201.1
2018-10-15,1218.75
2018-10-16,1233
2018-10-17,1228.85
2018-10-18,1226.75
2018-10-19,1224.6
2018-10-22,1228.25
2018-10-23,1222.9
2018-10-24,1235.6
2018-10-25,1231.65
2018-10-26,1232.15
2018-10-29,1236.05
2018-10-30,1230.75
2018-10-31,1220
2018-11-01,1217.7
2018-11-02,1223.25
2018-11-05,1235.5
2018-11-06,1231.6
2018-11-07,1234.85
2018-11-08,1235.05
2018-11-09,1223.45
2018-11-12,1219.05
2018-11-13,1207.05
2018-11-14,1197.55
2018-11-15,1201.45
2018-11-16,1210.6
2018-11-19,1215.8
2018-11-20,1223.55
2018-11-21,1223.1
2018-11-22,1224
2018-11-23,1228.25
2018-11-26,1222.15
2018-11-27,1226.65
2018-11-28,1225.05
2018-11-29,1213.2
2018-11-30,1226.45
2018-12-03,1220.45
2018-12-04,1231.05
2018-12-05,1239.25
2018-12-06,1236.15
2018-12-07,1236.45
2018-12-10,1241.2
2018-12-11,1246.8
2018-12-12,1248.25
2018-12-13,1244.75
2018-12-14,1244.45
2018-12-17,1239.15
2018-12-18,1239.1
2018-12-19,1248.8
2018-12-20,1248.6
2018-12-21,1255
2018-12-24,1257.6
2018-12-27,1261.25
2018-12-28,1271.1
2018-12-31,1277.25
2019-01-02,1281.65
2019-01-03,1287.2
2019-01-04,1287.95
2019-01-07,1290.35
2019-01-08,1291.5
2019-01-09,1283.9
2019-01-10,1281.3
2019-01-11,1292.4
2019-01-14,1292.8
2019-01-15,1293.7
2019-01-16,1289.35
2019-01-17,1290.5
2019-01-18,1294
2019-01-21,1285.05
2019-01-22,1278.7
2019-01-23,1284.75
2019-01-24,1284.9
2019-01-25,1279.75
2019-01-28,1282.95
2019-01-29,1301
2019-01-30,1308.35
2019-01-31,1312.95
2019-02-01,1322.5
2019-02-04,1320.75
2019-02-05,1311
2019-02-06,1314
2019-02-07,1313.35
2019-02-08,1306.6
2019-02-11,1311.1
2019-02-12,1306.75
2019-02-13,1311.6
2019-02-14,1311.15
2019-02-15,1305.65
2019-02-18,1318
2019-02-19,1323.95
2019-02-20,1329.55
2019-02-21,1345.75
2019-02-22,1335.05
2019-02-25,1322.25
2019-02-26,1329.15
2019-02-27,1327.55
2019-02-28,1326.45
2019-03-01,1325.45
2019-03-04,1309.95
2019-03-05,1287.45
2019-03-06,1285
2019-03-07,1285.55
2019-03-08,1286.4
2019-03-11,1294.1
2019-03-12,1296.35
2019-03-13,1296.95
2019-03-14,1308.4
2019-03-15,1299.2
2019-03-18,1302.65
2019-03-19,1305.35
2019-03-20,1308.35
2019-03-21,1303
2019-03-22,1317.3
2019-03-25,1311.1
2019-03-26,1319.35
2019-03-27,1315.25
2019-03-28,1318.25
2019-03-29,1306.9
2019-04-01,1291.15
2019-04-02,1291.9
2019-04-03,1287.2
2019-04-04,1291.85
2019-04-05,1291.6
2019-04-08,1288.9
2019-04-09,1297.1
2019-04-10,1301.85
2019-04-11,1304.8
2019-04-12,1304.65
2019-04-15,1296.15
2019-04-16,1286.75
2019-04-17,1283.75
2019-04-18,1276.1
2019-04-23,1276.5
2019-04-24,1273.45
2019-04-25,1273.8
2019-04-26,1277.85
2019-04-29,1281.5
2019-04-30,1282.15
2019-05-01,1285.15
2019-05-02,1281.8
2019-05-03,1271.45
2019-05-07,1270.05
2019-05-08,1281.3
2019-05-09,1287.75
2019-05-10,1284.1
2019-05-13,1285.4
2019-05-14,1282.95
2019-05-15,1297.6
2019-05-16,1298.9
2019-05-17,1295.55
2019-05-20,1285.8
2019-05-21,1275.25
2019-05-22,1276
2019-05-23,1274
2019-05-24,1275.95
2019-05-28,1281.5
2019-05-29,1283.9
2019-05-30,1283.5
2019-05-31,1276.45
2019-06-03,1296
2019-06-04,1313.95
2019-06-05,1323.6
2019-06-06,1337.75
2019-06-07,1336.65
2019-06-10,1334.3
2019-06-11,1328.6
2019-06-12,1322.65
2019-06-13,1336.65
2019-06-14,1335.8
2019-06-17,1352.45
2019-06-18,1333.2
2019-06-19,1344.55
2019-06-20,1342.4
2019-06-21,1381.65
2019-06-24,1388.35
2019-06-25,1405.45
2019-06-26,1429.55
2019-06-27,1406.75
2019-06-28,1402.25
2019-07-01,1413.2
2019-07-02,1390.05
2019-07-03,1393.1
2019-07-04,1425.1
2019-07-05,1415.25
2019-07-08,1414.4
2019-07-09,1404.9
2019-07-10,1387.9
2019-07-11,1395.45
2019-07-12,1423.1
2019-07-15,1405.6
2019-07-16,1416.25
2019-07-17,1416.1
2019-07-18,1400.8
2019-07-19,1420.9
2019-07-22,1437.05
2019-07-23,1424.45
2019-07-24,1417.55
2019-07-25,1425.55
2019-07-26,1426.35
2019-07-29,1418.25
2019-07-30,1418.95
2019-07-31,1428.45
2019-08-01,1430.55
2019-08-02,1406.4
2019-08-05,1436.05
2019-08-06,1457.45
2019-08-07,1461.85
2019-08-08,1487.65
2019-08-09,1497.4
2019-08-12,1503.5
2019-08-13,1501.95
2019-08-14,1527.2
2019-08-15,1500.35
2019-08-16,1517.65
2019-08-19,1509.05
2019-08-20,1499.35
2019-08-21,1502.65
2019-08-22,1499.65
2019-08-23,1498.7
2019-08-27,1495.5
2019-08-28,1531.85
2019-08-29,1541.75
2019-08-30,1536.65
2019-09-02,1526.55
2019-09-03,1523.35
2019-09-04,1532.45
2019-09-05,1538.8
2019-09-06,1542.6
2019-09-09,1504.95
2019-09-10,1509.95
2019-09-11,1494.6
2019-09-12,1493.65
2019-09-13,1502.95
2019-09-16,1506.3
2019-09-17,1502.05
2019-09-18,1499.3
2019-09-19,1502.2
2019-09-20,1498.4
2019-09-23,1504.1
2019-09-24,1519.5
2019-09-25,1520.25
2019-09-26,1530.85
2019-09-27,1507.05
2019-09-30,1496.15
2019-10-01,1487.6
2019-10-02,1466.1
2019-10-03,1484.05
2019-10-04,1504
2019-10-07,1509.5
2019-10-08,1502.15
2019-10-09,1500
2019-10-10,1503.4
2019-10-11,1508.2
2019-10-14,1498.35
2019-10-15,1494.2
2019-10-16,1494.75
2019-10-17,1482.55
2019-10-21,1484.45
2019-10-22,1490.85
2019-10-23,1487.45
2019-10-24,1494.25
2019-10-25,1488.85
2019-10-28,1504.65
2019-10-29,1505.05
2019-10-30,1492.75
2019-10-31,1490.15
2019-11-01,1506.4
2019-11-04,1509.85
2019-11-05,1509.2
2019-11-06,1504.6
2019-11-07,1488.55
2019-11-08,1484.1
2019-11-11,1466.85
2019-11-12,1465.5
2019-11-13,1455
2019-11-14,1463.45
2019-11-15,1467.65
2019-11-18,1465.6
2019-11-19,1458.4
2019-11-20,1464.9
2019-11-21,1475.7
2019-11-22,1468.9
2019-11-25,1471.3
2019-11-26,1459.45
2019-11-27,1457.65
2019-11-28,1459.8
2019-11-29,1457.55
2019-12-02,1456.35
2019-12-03,1457.5
2019-12-04,1470.4
2019-12-05,1475.85
2019-12-06,1474.6
2019-12-09,1474.85
2019-12-10,1463.6
2019-12-11,1464.45
2019-12-12,1468.05
2019-12-13,1474.7
2019-12-16,1470.6
2019-12-17,1477.4
2019-12-18,1478.4
2019-12-19,1478.9
2019-12-20,1474.4
2019-12-23,1476.9
2019-12-24,1483.95
2019-12-27,1490.85
2019-12-30,1510.6
2019-12-31,1511.5
2020-01-02,1523
2020-01-03,1520.55
2020-01-06,1547.4
2020-01-07,1576.85
2020-01-08,1566.5
2020-01-09,1582.85
2020-01-10,1547.85
2020-01-13,1548.8
2020-01-14,1550.35
2020-01-15,1544.95
2020-01-16,1551.9
2020-01-17,1555.2
2020-01-20,1556.5
2020-01-21,1559.25
2020-01-22,1556.25
2020-01-23,1558.1
2020-01-24,1554.05
2020-01-27,1561.85
2020-01-28,1583.45
2020-01-29,1579.6
2020-01-30,1571.2
2020-01-31,1580.4
2020-02-03,1580.85
2020-02-04,1578.85
2020-02-05,1571.2
2020-02-06,1552.2
2020-02-10,1564.75
2020-02-11,1574.05
2020-02-12,1567.7
2020-02-13,1566.75
2020-02-14,1575
2020-02-17,1576.35
2020-02-18,1580.3
2020-02-19,1588.2
2020-02-20,1609.5
2020-02-21,1610.35
2020-02-24,1633.7
2020-02-25,1682.35
2020-02-26,1655.9
2020-02-27,1647.95
2020-02-28,1646.6
2020-03-02,1626.35
2020-03-03,1609.7
2020-03-04,1599.05
2020-03-05,1644.8
2020-03-06,1647.45
2020-03-09,1687
2020-03-10,1676.6
2020-03-11,1657.4
2020-03-12,1662.5
2020-03-13,1636.65
2020-03-16,1588.15
2020-03-17,1504.65
2020-03-18,1472.35
2020-03-19,1506
2020-03-20,1480.7
2020-03-23,1504.45
2020-03-24,1494.5
2020-03-25,1599.5
2020-03-26,1620.95
2020-03-27,1620.1
2020-03-30,1621.2
2020-03-31,1624.45
2020-04-01,1604.65
2020-04-02,1594.25
2020-04-03,1588.05
2020-04-06,1609.75
2020-04-07,1636.6
2020-04-08,1652.2
2020-04-09,1649.05
2020-04-14,1662.5
2020-04-15,1715.85
2020-04-16,1712.25
2020-04-17,1717.85
2020-04-20,1693.15
2020-04-21,1684.95
2020-04-22,1678.6
2020-04-23,1702.65
2020-04-24,1727.55
2020-04-27,1727.25
2020-04-28,1717.25
2020-04-29,1708.1
2020-04-30,1706
2020-05-01,1716.75
2020-05-04,1673.05
2020-05-05,1703.7
2020-05-06,1696.3
2020-05-07,1698.9
2020-05-11,1688.65
2020-05-12,1698.8
2020-05-13,1703.45
2020-05-14,1699.85
2020-05-15,1716.4
2020-05-18,1734.85
2020-05-19,1756.9
2020-05-20,1735.25
2020-05-21,1750.05
2020-05-22,1732.8
2020-05-26,1732.45
2020-05-27,1722.75
2020-05-28,1705.15
2020-05-29,1723.3
2020-06-01,1725.65
2020-06-02,1734.8
2020-06-03,1740.25
2020-06-04,1717.6
2020-06-05,1706.45
2020-06-08,1709.55
2020-06-09,1692
2020-06-10,1707.5
2020-06-11,1717.65
2020-06-12,1731.9
2020-06-15,1735.85
2020-06-16,1710.4
2020-06-17,1728.35
2020-06-18,1717.3
2020-06-19,1732.65
2020-06-22,1728.55
2020-06-23,1745.45
2020-06-24,1756.6
2020-06-25,1775.7
2020-06-26,1758.55
2020-06-29,1762.1
2020-06-30,1768.8
2020-07-01,1770.7
2020-07-02,1787.4
2020-07-03,1771.85
2020-07-06,1774.65
2020-07-07,1774.4
2020-07-08,1775.5
2020-07-09,1799.35
2020-07-10,1812.45
2020-07-13,1805.75
2020-07-14,1808.05
2020-07-15,1798.2
2020-07-16,1809.3
2020-07-17,1804.6
2020-07-20,1802.9
2020-07-21,1810.3
2020-07-22,1823.2
2020-07-23,1851
2020-07-24,1882.35
2020-07-27,1893.85
2020-07-28,1940.55
2020-07-29,1931.65
2020-07-30,1954.35
2020-07-31,1952.2
2020-08-03,1974.7
2020-08-04,1972.95
2020-08-05,1972.25
2020-08-06,2034.45
2020-08-07,2049.15
2020-08-10,2061.5
2020-08-11,2030.3
2020-08-12,1996.6
2020-08-13,1931.7
2020-08-14,1931
2020-08-17,1948.3
2020-08-18,1949.85
2020-08-19,2005.15
2020-08-20,1993.15
2020-08-21,1928.05
2020-08-24,1932.85
2020-08-25,1947.55
2020-08-26,1925.45
2020-08-27,1918.5
2020-08-28,1938.8
2020-09-01,1955.85
2020-09-02,1987.95
2020-09-03,1969
2020-09-04,1934.1
2020-09-07,1937.6
2020-09-08,1928.4
2020-09-09,1920.6
2020-09-10,1928.4
2020-09-11,1944.8
2020-09-14,1944.5
2020-09-15,1942.3
2020-09-16,1963.55
2020-09-17,1964.8
2020-09-18,1936.1
2020-09-21,1954.75
2020-09-22,1930.9
2020-09-23,1903.1
2020-09-24,1888.1
2020-09-25,1850.75
2020-09-28,1870.05
2020-09-29,1850.95
2020-09-30,1882.4
2020-10-05,1906.4
