DATE,KOSPI
2010-01-01,1682.77
2010-01-02,1682.77
2010-01-03,1682.77
2010-01-04,1696.14
2010-01-05,1690.62
2010-01-06,1705.32
2010-01-07,1683.45
2010-01-08,1695.26
2010-01-09,1695.26
2010-01-10,1695.26
2010-01-11,1694.12
2010-01-12,1698.64
2010-01-13,1671.41
2010-01-14,1685.77
2010-01-15,1701.8
2010-01-16,1701.8
2010-01-17,1701.8
2010-01-18,1711.78
2010-01-19,1710.22
2010-01-20,1714.38
2010-01-21,1722.01
2010-01-22,1684.35
2010-01-23,1684.35
2010-01-24,1684.35
2010-01-25,1670.2
2010-01-26,1637.34
2010-01-27,1625.48
2010-01-28,1642.43
2010-01-29,1602.43
2010-01-30,1602.43
2010-01-31,1602.43
2010-02-01,1606.44
2010-02-02,1595.81
2010-02-03,1615.02
2010-02-04,1616.42
2010-02-05,1567.12
2010-02-06,1567.12
2010-02-07,1567.12
2010-02-08,1552.79
2010-02-09,1570.49
2010-02-10,1570.12
2010-02-11,1597.81
2010-02-12,1593.66
2010-02-13,1593.66
2010-02-14,1593.66
2010-02-15,1593.66
2010-02-16,1601.05
2010-02-17,1627.43
2010-02-18,1621.19
2010-02-19,1593.9
2010-02-20,1593.9
2010-02-21,1593.9
2010-02-22,1627.1
2010-02-23,1628.9
2010-02-24,1612.83
2010-02-25,1587.51
2010-02-26,1594.58
2010-02-27,1594.58
2010-02-28,1594.58
2010-03-01,1594.58
2010-03-02,1615.12
2010-03-03,1622.44
2010-03-04,1618.2
2010-03-05,1634.57
2010-03-06,1634.57
2010-03-07,1634.57
2010-03-08,1660.04
2010-03-09,1660.83
2010-03-10,1662.24
2010-03-11,1656.62
2010-03-12,1662.74
2010-03-13,1662.74
2010-03-14,1662.74
2010-03-15,1649.5
2010-03-16,1648.01
2010-03-17,1682.86
2010-03-18,1675.17
2010-03-19,1686.11
2010-03-20,1686.11
2010-03-21,1686.11
2010-03-22,1672.67
2010-03-23,1681.82
2010-03-24,1681.01
2010-03-25,1688.39
2010-03-26,1697.72
2010-03-27,1697.72
2010-03-28,1697.72
2010-03-29,1691.99
2010-03-30,1700.19
2010-03-31,1692.85
2010-04-01,1719.17
2010-04-02,1723.49
2010-04-03,1723.49
2010-04-04,1723.49
2010-04-05,1724.99
2010-04-06,1726.09
2010-04-07,1726.6
2010-04-08,1733.78
2010-04-09,1724.47
2010-04-10,1724.47
2010-04-11,1724.47
2010-04-12,1710.3
2010-04-13,1710.59
2010-04-14,1735.33
2010-04-15,1743.91
2010-04-16,1734.49
2010-04-17,1734.49
2010-04-18,1734.49
2010-04-19,1705.3
2010-04-20,1718.03
2010-04-21,1747.58
2010-04-22,1739.52
2010-04-23,1737.03
2010-04-24,1737.03
2010-04-25,1737.03
2010-04-26,1752.2
2010-04-27,1749.55
2010-04-28,1733.91
2010-04-29,1728.42
2010-04-30,1741.56
2010-05-01,1741.56
2010-05-02,1741.56
2010-05-03,1721.21
2010-05-04,1718.75
2010-05-05,1718.75
2010-05-06,1684.71
2010-05-07,1647.5
2010-05-08,1647.5
2010-05-09,1647.5
2010-05-10,1677.63
2010-05-11,1670.24
2010-05-12,1663.03
2010-05-13,1694.58
2010-05-14,1695.63
2010-05-15,1695.63
2010-05-16,1695.63
2010-05-17,1651.51
2010-05-18,1643.24
2010-05-19,1630.08
2010-05-20,1600.18
2010-05-21,1600.18
2010-05-22,1600.18
2010-05-23,1600.18
2010-05-24,1604.93
2010-05-25,1560.83
2010-05-26,1582.12
2010-05-27,1607.5
2010-05-28,1622.78
2010-05-29,1622.78
2010-05-30,1622.78
2010-05-31,1641.25
2010-06-01,1630.4
2010-06-02,1630.4
2010-06-03,1661.84
2010-06-04,1664.13
2010-06-05,1664.13
2010-06-06,1664.13
2010-06-07,1637.97
2010-06-08,1651.48
2010-06-09,1647.22
2010-06-10,1651.7
2010-06-11,1675.34
2010-06-12,1675.34
2010-06-13,1675.34
2010-06-14,1690.6
2010-06-15,1690.03
2010-06-16,1705.33
2010-06-17,1707.92
2010-06-18,1711.95
2010-06-19,1711.95
2010-06-20,1711.95
2010-06-21,1739.68
2010-06-22,1731.48
2010-06-23,1725.82
2010-06-24,1739.87
2010-06-25,1729.84
2010-06-26,1729.84
2010-06-27,1729.84
2010-06-28,1732.03
2010-06-29,1707.76
2010-06-30,1698.29
2010-07-01,1686.24
2010-07-02,1671.82
2010-07-03,1671.82
2010-07-04,1671.82
2010-07-05,1675.37
2010-07-06,1684.94
2010-07-07,1675.65
2010-07-08,1698.64
2010-07-09,1723.01
2010-07-10,1723.01
2010-07-11,1723.01
2010-07-12,1734.05
2010-07-13,1735.08
2010-07-14,1758.01
2010-07-15,1751.29
2010-07-16,1738.45
2010-07-17,1738.45
2010-07-18,1738.45
2010-07-19,1731.95
2010-07-20,1736.77
2010-07-21,1748.78
2010-07-22,1735.53
2010-07-23,1758.06
2010-07-24,1758.06
2010-07-25,1758.06
2010-07-26,1769.07
2010-07-27,1768.31
2010-07-28,1773.47
2010-07-29,1770.88
2010-07-30,1759.33
2010-07-31,1759.33
2010-08-01,1759.33
2010-08-02,1782.27
2010-08-03,1790.6
2010-08-04,1789.26
2010-08-05,1783.86
2010-08-06,1783.83
2010-08-07,1783.83
2010-08-08,1783.83
2010-08-09,1790.17
2010-08-10,1781.13
2010-08-11,1758.19
2010-08-12,1721.75
2010-08-13,1746.24
2010-08-14,1746.24
2010-08-15,1746.24
2010-08-16,1743.31
2010-08-17,1755.03
2010-08-18,1761.99
2010-08-19,1779.64
2010-08-20,1775.54
2010-08-21,1775.54
2010-08-22,1775.54
2010-08-23,1767.71
2010-08-24,1760.53
2010-08-25,1734.79
2010-08-26,1729.76
2010-08-27,1729.56
2010-08-28,1729.56
2010-08-29,1729.56
2010-08-30,1760.13
2010-08-31,1742.75
2010-09-01,1764.69
2010-09-02,1775.73
2010-09-03,1780.02
2010-09-04,1780.02
2010-09-05,1780.02
2010-09-06,1792.42
2010-09-07,1787.74
2010-09-08,1779.22
2010-09-09,1784.36
2010-09-10,1802.58
2010-09-11,1802.58
2010-09-12,1802.58
2010-09-13,1818.86
2010-09-14,1815.25
2010-09-15,1823.88
2010-09-16,1811.85
2010-09-17,1827.35
2010-09-18,1827.35
2010-09-19,1827.35
2010-09-20,1832.63
2010-09-21,1832.63
2010-09-22,1832.63
2010-09-23,1832.63
2010-09-24,1846.6
2010-09-25,1846.6
2010-09-26,1846.6
2010-09-27,1860.83
2010-09-28,1855.97
2010-09-29,1866.45
2010-09-30,1872.81
2010-10-01,1876.73
2010-10-02,1876.73
2010-10-03,1876.73
2010-10-04,1879.29
2010-10-05,1878.94
2010-10-06,1903.95
2010-10-07,1900.85
2010-10-08,1897.07
2010-10-09,1897.07
2010-10-10,1897.07
2010-10-11,1889.91
2010-10-12,1868.04
2010-10-13,1876.15
2010-10-14,1899.76
2010-10-15,1902.29
2010-10-16,1902.29
2010-10-17,1902.29
2010-10-18,1875.42
2010-10-19,1857.32
2010-10-20,1870.44
2010-10-21,1874.69
2010-10-22,1897.31
2010-10-23,1897.31
2010-10-24,1897.31
2010-10-25,1915.71
2010-10-26,1919.41
2010-10-27,1909.54
2010-10-28,1907.87
2010-10-29,1882.95
2010-10-30,1882.95
2010-10-31,1882.95
2010-11-01,1914.74
2010-11-02,1918.04
2010-11-03,1935.97
2010-11-04,1942.5
2010-11-05,1938.96
2010-11-06,1938.96
2010-11-07,1938.96
2010-11-08,1942.41
2010-11-09,1947.46
2010-11-10,1967.85
2010-11-11,1914.73
2010-11-12,1913.12
2010-11-13,1913.12
2010-11-14,1913.12
2010-11-15,1913.81
2010-11-16,1899.13
2010-11-17,1897.11
2010-11-18,1927.86
2010-11-19,1940.96
2010-11-20,1940.96
2010-11-21,1940.96
2010-11-22,1944.34
2010-11-23,1928.94
2010-11-24,1925.98
2010-11-25,1927.68
2010-11-26,1901.8
2010-11-27,1901.8
2010-11-28,1901.8
2010-11-29,1895.54
2010-11-30,1904.63
2010-12-01,1929.32
2010-12-02,1950.26
2010-12-03,1957.26
2010-12-04,1957.26
2010-12-05,1957.26
2010-12-06,1953.64
2010-12-07,1962.52
2010-12-08,1955.72
2010-12-09,1988.96
2010-12-10,1986.14
2010-12-11,1986.14
2010-12-12,1986.14
2010-12-13,1996.59
2010-12-14,2009.05
2010-12-15,2017.48
2010-12-16,2009.24
2010-12-17,2026.3
2010-12-18,2026.3
2010-12-19,2026.3
2010-12-20,2020.28
2010-12-21,2037.09
2010-12-22,2038.11
2010-12-23,2037.53
2010-12-24,2029.6
2010-12-25,2029.6
2010-12-26,2029.6
2010-12-27,2022.19
2010-12-28,2033.32
2010-12-29,2043.49
2010-12-30,2051
2010-12-31,2051
2011-01-01,2051
2011-01-02,2051
2011-01-03,2070.08
2011-01-04,2085.14
2011-01-05,2082.55
2011-01-06,2077.61
2011-01-07,2086.2
2011-01-08,2086.2
2011-01-09,2086.2
2011-01-10,2080.81
2011-01-11,2088.32
2011-01-12,2094.95
2011-01-13,2089.48
2011-01-14,2108.17
2011-01-15,2108.17
2011-01-16,2108.17
2011-01-17,2099.85
2011-01-18,2096.48
2011-01-19,2115.69
2011-01-20,2106.66
2011-01-21,2069.92
2011-01-22,2069.92
2011-01-23,2069.92
2011-01-24,2082.16
2011-01-25,2086.67
2011-01-26,2110.46
2011-01-27,2115.01
2011-01-28,2107.87
2011-01-29,2107.87
2011-01-30,2107.87
2011-01-31,2069.73
2011-02-01,2072.03
2011-02-02,2072.03
2011-02-03,2072.03
2011-02-04,2072.03
2011-02-05,2072.03
2011-02-06,2072.03
2011-02-07,2081.74
2011-02-08,2069.7
2011-02-09,2045.58
2011-02-10,2008.5
2011-02-11,1977.19
2011-02-12,1977.19
2011-02-13,1977.19
2011-02-14,2014.59
2011-02-15,2010.52
2011-02-16,1989.11
2011-02-17,1977.22
2011-02-18,2013.14
2011-02-19,2013.14
2011-02-20,2013.14
2011-02-21,2005.3
2011-02-22,1969.92
2011-02-23,1961.63
2011-02-24,1949.88
2011-02-25,1963.43
2011-02-26,1963.43
2011-02-27,1963.43
2011-02-28,1939.3
2011-03-01,1939.3
2011-03-02,1928.24
2011-03-03,1970.66
2011-03-04,2004.68
2011-03-05,2004.68
2011-03-06,2004.68
2011-03-07,1980.27
2011-03-08,1996.32
2011-03-09,2001.47
2011-03-10,1981.58
2011-03-11,1955.54
2011-03-12,1955.54
2011-03-13,1955.54
2011-03-14,1971.23
2011-03-15,1923.92
2011-03-16,1957.97
2011-03-17,1959.03
2011-03-18,1981.13
2011-03-19,1981.13
2011-03-20,1981.13
2011-03-21,2003.42
2011-03-22,2013.86
2011-03-23,2012.18
2011-03-24,2036.78
2011-03-25,2054.04
2011-03-26,2054.04
2011-03-27,2054.04
2011-03-28,2056.39
2011-03-29,2072.13
2011-03-30,2091.38
2011-03-31,2106.7
2011-04-01,2121.01
2011-04-02,2121.01
2011-04-03,2121.01
2011-04-04,2115.87
2011-04-05,2130.43
2011-04-06,2126.71
2011-04-07,2122.14
2011-04-08,2127.97
2011-04-09,2127.97
2011-04-10,2127.97
2011-04-11,2122.39
2011-04-12,2089.4
2011-04-13,2121.92
2011-04-14,2141.06
2011-04-15,2140.5
2011-04-16,2140.5
2011-04-17,2140.5
2011-04-18,2137.72
2011-04-19,2122.68
2011-04-20,2169.91
2011-04-21,2198.54
2011-04-22,2197.82
2011-04-23,2197.82
2011-04-24,2197.82
2011-04-25,2216
2011-04-26,2206.3
2011-04-27,2206.7
2011-04-28,2208.35
2011-04-29,2192.36
2011-04-30,2192.36
2011-05-01,2192.36
2011-05-02,2228.96
2011-05-03,2200.73
2011-05-04,2180.64
2011-05-05,2180.64
2011-05-06,2147.45
2011-05-07,2147.45
2011-05-08,2147.45
2011-05-09,2139.17
2011-05-10,2139.17
2011-05-11,2166.63
2011-05-12,2122.65
2011-05-13,2120.08
2011-05-14,2120.08
2011-05-15,2120.08
2011-05-16,2104.18
2011-05-17,2102.41
2011-05-18,2135.78
2011-05-19,2095.51
2011-05-20,2111.5
2011-05-21,2111.5
2011-05-22,2111.5
2011-05-23,2055.71
2011-05-24,2061.76
2011-05-25,2035.87
2011-05-26,2091.91
2011-05-27,2100.24
2011-05-28,2100.24
2011-05-29,2100.24
2011-05-30,2093.79
2011-05-31,2142.47
2011-06-01,2141.34
2011-06-02,2114.2
2011-06-03,2113.47
2011-06-04,2113.47
2011-06-05,2113.47
2011-06-06,2113.47
2011-06-07,2099.71
2011-06-08,2083.35
2011-06-09,2071.42
2011-06-10,2046.67
2011-06-11,2046.67
2011-06-12,2046.67
2011-06-13,2048.74
2011-06-14,2076.83
2011-06-15,2086.53
2011-06-16,2046.63
2011-06-17,2031.93
2011-06-18,2031.93
2011-06-19,2031.93
2011-06-20,2019.65
2011-06-21,2048.17
2011-06-22,2063.9
2011-06-23,2055.86
2011-06-24,2090.81
2011-06-25,2090.81
2011-06-26,2090.81
2011-06-27,2070.29
2011-06-28,2062.91
2011-06-29,2094.42
2011-06-30,2100.69
2011-07-01,2125.74
2011-07-02,2125.74
2011-07-03,2125.74
2011-07-04,2145.3
2011-07-05,2161.75
2011-07-06,2171.19
2011-07-07,2180.59
2011-07-08,2180.35
2011-07-09,2180.35
2011-07-10,2180.35
2011-07-11,2157.16
2011-07-12,2109.73
2011-07-13,2129.64
2011-07-14,2130.07
2011-07-15,2145.2
2011-07-16,2145.2
2011-07-17,2145.2
2011-07-18,2130.48
2011-07-19,2130.21
2011-07-20,2154.95
2011-07-21,2145.04
2011-07-22,2171.23
2011-07-23,2171.23
2011-07-24,2171.23
2011-07-25,2150.48
2011-07-26,2168.7
2011-07-27,2174.31
2011-07-28,2155.85
2011-07-29,2133.21
2011-07-30,2133.21
2011-07-31,2133.21
2011-08-01,2172.31
2011-08-02,2121.27
2011-08-03,2066.26
2011-08-04,2018.47
2011-08-05,1943.75
2011-08-06,1943.75
2011-08-07,1943.75
2011-08-08,1869.45
2011-08-09,1801.35
2011-08-10,1806.24
2011-08-11,1817.44
2011-08-12,1793.31
2011-08-13,1793.31
2011-08-14,1793.31
2011-08-15,1793.31
2011-08-16,1879.87
2011-08-17,1892.67
2011-08-18,1860.58
2011-08-19,1744.88
2011-08-20,1744.88
2011-08-21,1744.88
2011-08-22,1710.7
2011-08-23,1776.68
2011-08-24,1754.78
2011-08-25,1764.58
2011-08-26,1778.95
2011-08-27,0
2011-08-28,0
2011-08-29,1829.5
2011-08-30,1843.82
2011-08-31,1880.11
2011-09-01,1880.7
2011-09-02,1867.75
2011-09-03,1867.75
2011-09-04,1867.75
2011-09-05,1785.83
2011-09-06,1766.71
2011-09-07,1833.46
2011-09-08,1846.64
2011-09-09,1812.93
2011-09-10,1812.93
2011-09-11,1812.93
2011-09-12,1812.93
2011-09-13,1812.93
2011-09-14,1749.16
2011-09-15,1774.08
2011-09-16,1840.1
2011-09-17,1840.1
2011-09-18,1840.1
2011-09-19,1820.94
2011-09-20,1837.97
2011-09-21,1854.28
2011-09-22,1800.55
2011-09-23,1697.44
2011-09-24,1697.44
2011-09-25,1697.44
2011-09-26,1652.71
2011-09-27,1735.71
2011-09-28,1723.08
2011-09-29,1769.29
2011-09-30,1769.65
2011-10-01,1769.65
2011-10-02,1769.65
2011-10-03,1769.65
2011-10-04,1706.19
2011-10-05,1666.52
2011-10-06,1710.32
2011-10-07,1759.77
2011-10-08,1759.77
2011-10-09,1759.77
2011-10-10,1766.44
2011-10-11,1795.02
2011-10-12,1809.5
2011-10-13,1823.1
2011-10-14,1835.4
2011-10-15,1835.4
2011-10-16,1835.4
2011-10-17,1865.18
2011-10-18,1838.9
2011-10-19,1855.92
2011-10-20,1805.09
2011-10-21,1838.38
2011-10-22,1838.38
2011-10-23,1838.38
2011-10-24,1898.32
2011-10-25,1888.65
2011-10-26,1894.31
2011-10-27,1922.04
2011-10-28,1929.48
2011-10-29,1929.48
2011-10-30,1929.48
2011-10-31,1909.03
2011-11-01,1909.63
2011-11-02,1898.01
2011-11-03,1869.96
2011-11-04,1928.41
2011-11-05,1928.41
2011-11-06,1928.41
2011-11-07,1919.1
2011-11-08,1903.14
2011-11-09,1907.53
2011-11-10,1813.25
2011-11-11,1863.45
2011-11-12,1863.45
2011-11-13,1863.45
2011-11-14,1902.81
2011-11-15,1886.12
2011-11-16,1856.07
2011-11-17,1876.67
2011-11-18,1839.17
2011-11-19,1839.17
2011-11-20,1839.17
2011-11-21,1820.03
2011-11-22,1826.28
2011-11-23,1783.1
2011-11-24,1795.06
2011-11-25,1776.4
2011-11-26,1776.4
2011-11-27,1776.4
2011-11-28,1815.28
2011-11-29,1856.52
2011-11-30,1847.51
2011-12-01,1916.18
2011-12-02,1916.04
2011-12-03,1916.04
2011-12-04,1916.04
2011-12-05,1922.9
2011-12-06,1902.82
2011-12-07,1919.42
2011-12-08,1912.39
2011-12-09,1874.75
2011-12-10,1874.75
2011-12-11,1874.75
2011-12-12,1899.76
2011-12-13,1864.06
2011-12-14,1857.75
2011-12-15,1819.11
2011-12-16,1839.96
2011-12-17,1839.96
2011-12-18,1839.96
2011-12-19,1776.93
2011-12-20,1793.06
2011-12-21,1848.41
2011-12-22,1847.49
2011-12-23,1867.22
2011-12-24,1867.22
2011-12-25,1867.22
2011-12-26,1856.7
2011-12-27,1842.02
2011-12-28,1825.12
2011-12-29,1825.74
2011-12-30,1825.74
2011-12-31,1825.74
2012-01-01,1825.74
2012-01-02,1826.37
2012-01-03,1875.41
2012-01-04,1866.22
2012-01-05,1863.74
2012-01-06,1843.14
2012-01-07,1843.14
2012-01-08,1843.14
2012-01-09,1826.49
2012-01-10,1853.22
2012-01-11,1845.55
2012-01-12,1864.57
2012-01-13,1875.68
2012-01-14,1875.68
2012-01-15,1875.68
2012-01-16,1859.27
2012-01-17,1892.74
2012-01-18,1892.39
2012-01-19,1914.97
2012-01-20,1949.89
2012-01-21,1949.89
2012-01-22,1949.89
2012-01-23,1949.89
2012-01-24,1949.89
2012-01-25,1952.23
2012-01-26,1957.18
2012-01-27,1964.83
2012-01-28,1964.83
2012-01-29,1964.83
2012-01-30,1940.55
2012-01-31,1955.79
2012-02-01,1959.24
2012-02-02,1984.3
2012-02-03,1972.34
2012-02-04,1972.34
2012-02-05,1972.34
2012-02-06,1973.13
2012-02-07,1981.59
2012-02-08,2003.73
2012-02-09,2014.62
2012-02-10,1993.71
2012-02-11,1993.71
2012-02-12,1993.71
2012-02-13,2005.74
2012-02-14,2002.64
2012-02-15,2025.32
2012-02-16,1997.45
2012-02-17,2023.47
2012-02-18,2023.47
2012-02-19,2023.47
2012-02-20,2024.9
2012-02-21,2024.24
2012-02-22,2028.65
2012-02-23,2007.8
2012-02-24,2019.89
2012-02-25,2019.89
2012-02-26,2019.89
2012-02-27,1991.16
2012-02-28,2003.69
2012-02-29,2030.25
2012-03-01,2030.25
2012-03-02,2034.63
2012-03-03,2034.63
2012-03-04,2034.63
2012-03-05,2016.06
2012-03-06,2000.36
2012-03-07,1982.15
2012-03-08,2000.76
2012-03-09,2018.3
2012-03-10,2018.3
2012-03-11,2018.3
2012-03-12,2002.5
2012-03-13,2025.04
2012-03-14,2045.08
2012-03-15,2043.76
2012-03-16,2034.44
2012-03-17,2034.44
2012-03-18,2034.44
2012-03-19,2047
2012-03-20,2042.15
2012-03-21,2027.23
2012-03-22,2026.12
2012-03-23,2026.83
2012-03-24,2026.83
2012-03-25,2026.83
2012-03-26,2019.19
2012-03-27,2039.76
2012-03-28,2031.74
2012-03-29,2014.41
2012-03-30,2014.04
2012-03-31,2014.04
2012-04-01,2014.04
2012-04-02,2029.29
2012-04-03,2049.28
2012-04-04,2018.61
2012-04-05,2028.77
2012-04-06,2029.03
2012-04-07,2029.03
2012-04-08,2029.03
2012-04-09,1997.08
2012-04-10,1994.41
2012-04-11,1994.41
2012-04-12,1986.63
2012-04-13,2008.91
2012-04-14,2008.91
2012-04-15,2008.91
2012-04-16,1992.63
2012-04-17,1985.3
2012-04-18,2004.53
2012-04-19,1999.86
2012-04-20,1974.65
2012-04-21,1974.65
2012-04-22,1974.65
2012-04-23,1972.63
2012-04-24,1963.42
2012-04-25,1961.98
2012-04-26,1964.04
2012-04-27,1975.35
2012-04-28,1975.35
2012-04-29,1975.35
2012-04-30,1981.99
2012-05-01,1981.99
2012-05-02,1999.07
2012-05-03,1995.11
2012-05-04,1989.15
2012-05-05,1989.15
2012-05-06,1989.15
2012-05-07,1956.44
2012-05-08,1967.01
2012-05-09,1950.29
2012-05-10,1944.93
2012-05-11,1917.13
2012-05-12,1917.13
2012-05-13,1917.13
2012-05-14,1913.73
2012-05-15,1898.96
2012-05-16,1840.53
2012-05-17,1845.24
2012-05-18,1782.46
2012-05-19,1782.46
2012-05-20,1782.46
2012-05-21,1799.13
2012-05-22,1828.69
2012-05-23,1808.62
2012-05-24,1814.47
2012-05-25,1824.17
2012-05-26,1824.17
2012-05-27,1824.17
2012-05-28,1824.17
2012-05-29,1849.91
2012-05-30,1844.86
2012-05-31,1843.47
2012-06-01,1834.51
2012-06-02,1834.51
2012-06-03,1834.51
2012-06-04,1783.13
2012-06-05,1801.85
2012-06-06,1801.85
2012-06-07,1847.95
2012-06-08,1835.64
2012-06-09,1835.64
2012-06-10,1835.64
2012-06-11,1867.04
2012-06-12,1854.74
2012-06-13,1859.32
2012-06-14,1871.48
2012-06-15,1858.16
2012-06-16,1858.16
2012-06-17,1858.16
2012-06-18,1891.71
2012-06-19,1891.77
2012-06-20,1904.12
2012-06-21,1889.15
2012-06-22,1847.39
2012-06-23,1847.39
2012-06-24,1847.39
2012-06-25,1825.38
2012-06-26,1817.81
2012-06-27,1817.65
2012-06-28,1819.18
2012-06-29,1854.01
2012-06-30,1854.01
2012-07-01,1854.01
2012-07-02,1851.65
2012-07-03,1867.82
2012-07-04,1874.45
2012-07-05,1875.49
2012-07-06,1858.2
2012-07-07,1858.2
2012-07-08,1858.2
2012-07-09,1836.13
2012-07-10,1829.45
2012-07-11,1826.39
2012-07-12,1785.39
2012-07-13,1812.89
2012-07-14,1812.89
2012-07-15,1812.89
2012-07-16,1817.79
2012-07-17,1821.96
2012-07-18,1794.91
2012-07-19,1822.96
2012-07-20,1822.93
2012-07-21,1822.93
2012-07-22,1822.93
2012-07-23,1789.44
2012-07-24,1793.93
2012-07-25,1769.31
2012-07-26,1782.47
2012-07-27,1829.16
2012-07-28,1829.16
2012-07-29,1829.16
2012-07-30,1843.79
2012-07-31,1881.99
2012-08-01,1879.93
2012-08-02,1869.4
2012-08-03,1848.68
2012-08-04,1848.68
2012-08-05,1848.68
2012-08-06,1885.88
2012-08-07,1886.8
2012-08-08,1903.23
2012-08-09,1940.59
2012-08-10,1946.4
2012-08-11,1946.4
2012-08-12,1946.4
2012-08-13,1932.44
2012-08-14,1956.96
2012-08-15,1956.96
2012-08-16,1957.91
2012-08-17,1946.54
2012-08-18,1946.54
2012-08-19,1946.54
2012-08-20,1946.31
2012-08-21,1943.22
2012-08-22,1935.19
2012-08-23,1942.54
2012-08-24,1919.81
2012-08-25,1919.81
2012-08-26,1919.81
2012-08-27,1917.87
2012-08-28,1916.33
2012-08-29,1928.54
2012-08-30,1906.38
2012-08-31,1905.12
2012-09-01,1905.12
2012-09-02,1905.12
2012-09-03,1912.71
2012-09-04,1907.13
2012-09-05,1874.03
2012-09-06,1881.24
2012-09-07,1929.58
2012-09-08,1929.58
2012-09-09,1929.58
2012-09-10,1924.7
2012-09-11,1920
2012-09-12,1950.03
2012-09-13,1950.69
2012-09-14,2007.58
2012-09-15,2007.58
2012-09-16,2007.58
2012-09-17,2002.35
2012-09-18,2004.96
2012-09-19,2007.88
2012-09-20,1990.33
2012-09-21,2002.37
2012-09-22,2002.37
2012-09-23,2002.37
2012-09-24,2003.44
2012-09-25,1991.41
2012-09-26,1980.44
2012-09-27,1988.7
2012-09-28,1996.21
2012-09-29,1996.21
2012-09-30,1996.21
2012-10-01,1996.21
2012-10-02,1996.03
2012-10-03,1996.03
2012-10-04,1992.68
2012-10-05,1995.17
2012-10-06,1995.17
2012-10-07,1995.17
2012-10-08,1981.89
2012-10-09,1979.04
2012-10-10,1948.22
2012-10-11,1933.09
2012-10-12,1933.26
2012-10-13,1933.26
2012-10-14,1933.26
2012-10-15,1925.59
2012-10-16,1941.54
2012-10-17,1955.15
2012-10-18,1959.12
2012-10-19,1943.84
2012-10-20,1943.84
2012-10-21,1943.84
2012-10-22,1941.59
2012-10-23,1926.81
2012-10-24,1913.96
2012-10-25,1924.5
2012-10-26,1891.43
2012-10-27,1891.43
2012-10-28,1891.43
2012-10-29,1891.52
2012-10-30,1899.58
2012-10-31,1912.06
2012-11-01,1898.44
2012-11-02,1918.72
2012-11-03,1918.72
2012-11-04,1918.72
2012-11-05,1908.22
2012-11-06,1928.17
2012-11-07,1937.55
2012-11-08,1914.41
2012-11-09,1904.41
2012-11-10,1904.41
2012-11-11,1904.41
2012-11-12,1900.87
2012-11-13,1889.71
2012-11-14,1894.04
2012-11-15,1870.72
2012-11-16,1860.83
2012-11-17,1860.83
2012-11-18,1860.83
2012-11-19,1878.1
2012-11-20,1890.18
2012-11-21,1884.04
2012-11-22,1899.5
2012-11-23,1911.33
2012-11-24,1911.33
2012-11-25,1911.33
2012-11-26,1908.51
2012-11-27,1925.2
2012-11-28,1912.78
2012-11-29,1934.85
2012-11-30,1932.9
2012-12-01,1932.9
2012-12-02,1932.9
2012-12-03,1940.02
2012-12-04,1935.18
2012-12-05,1947.04
2012-12-06,1949.62
2012-12-07,1957.45
2012-12-08,1957.45
2012-12-09,1957.45
2012-12-10,1957.42
2012-12-11,1964.62
2012-12-12,1975.44
2012-12-13,2002.77
2012-12-14,1995.04
2012-12-15,1995.04
2012-12-16,1995.04
2012-12-17,1983.07
2012-12-18,1993.09
2012-12-19,1993.09
2012-12-20,1999.5
2012-12-21,1980.42
2012-12-22,1980.42
2012-12-23,1980.42
2012-12-24,1981.82
2012-12-25,1981.82
2012-12-26,1982.25
2012-12-27,1987.35
2012-12-28,1997.05
2012-12-29,1997.05
2012-12-30,1997.05
2012-12-31,1997.05
2013-01-01,1997.05
2013-01-02,2031.1
2013-01-03,2019.41
2013-01-04,2011.94
2013-01-05,2011.94
2013-01-06,2011.94
2013-01-07,2011.25
2013-01-08,1997.94
2013-01-09,1991.81
2013-01-10,2006.8
2013-01-11,1996.67
2013-01-12,1996.67
2013-01-13,1996.67
2013-01-14,2007.04
2013-01-15,1983.74
2013-01-16,1977.45
2013-01-17,1974.27
2013-01-18,1987.85
2013-01-19,1987.85
2013-01-20,1987.85
2013-01-21,1986.86
2013-01-22,1996.52
2013-01-23,1980.41
2013-01-24,1964.48
2013-01-25,1946.69
2013-01-26,1946.69
2013-01-27,1946.69
2013-01-28,1939.71
2013-01-29,1955.96
2013-01-30,1964.43
2013-01-31,1961.94
2013-02-01,1957.79
2013-02-02,1957.79
2013-02-03,1957.79
2013-02-04,1953.21
2013-02-05,1938.18
2013-02-06,1936.19
2013-02-07,1931.77
2013-02-08,1950.9
2013-02-09,1950.9
2013-02-10,1950.9
2013-02-11,1950.9
2013-02-12,1945.79
2013-02-13,1976.07
2013-02-14,1979.61
2013-02-15,1981.18
2013-02-16,1981.18
2013-02-17,1981.18
2013-02-18,1981.91
2013-02-19,1985.83
2013-02-20,2024.64
2013-02-21,2015.22
2013-02-22,2018.89
2013-02-23,2018.89
2013-02-24,2018.89
2013-02-25,2009.52
2013-02-26,2000.01
2013-02-27,2004.04
2013-02-28,2026.49
2013-03-01,2026.49
2013-03-02,2026.49
2013-03-03,2026.49
2013-03-04,2013.15
2013-03-05,2016.61
2013-03-06,2020.74
2013-03-07,2004.4
2013-03-08,2006.01
2013-03-09,2006.01
2013-03-10,2006.01
2013-03-11,2003.35
2013-03-12,1993.34
2013-03-13,1999.73
2013-03-14,2002.13
2013-03-15,1986.5
2013-03-16,1986.5
2013-03-17,1986.5
2013-03-18,1968.18
2013-03-19,1978.56
2013-03-20,1959.41
2013-03-21,1950.82
2013-03-22,1950.12
2013-03-23,1950.12
2013-03-24,1950.12
2013-03-25,1977.67
2013-03-26,1983.7
2013-03-27,1993.44
2013-03-28,1993.52
2013-03-29,2004.89
2013-03-30,2004.89
2013-03-31,2004.89
2013-04-01,1995.99
2013-04-02,1986.15
2013-04-03,1983.22
2013-04-04,1959.45
2013-04-05,1927.23
2013-04-06,1927.23
2013-04-07,1927.23
2013-04-08,1918.69
2013-04-09,1920.74
2013-04-10,1935.58
2013-04-11,1949.8
2013-04-12,1924.23
2013-04-13,1924.23
2013-04-14,1924.23
2013-04-15,1920.45
2013-04-16,1922.21
2013-04-17,1923.84
2013-04-18,1900.06
2013-04-19,1906.75
2013-04-20,1906.75
2013-04-21,1906.75
2013-04-22,1926.31
2013-04-23,1918.63
2013-04-24,1935.31
2013-04-25,1951.6
2013-04-26,1944.56
2013-04-27,1944.56
2013-04-28,1944.56
2013-04-29,1940.7
2013-04-30,1963.95
2013-05-01,1963.95
2013-05-02,1957.21
2013-05-03,1965.71
2013-05-04,1965.71
2013-05-05,1965.71
2013-05-06,1961.48
2013-05-07,1954.35
2013-05-08,1956.45
2013-05-09,1979.45
2013-05-10,1944.75
2013-05-11,1944.75
2013-05-12,1944.75
2013-05-13,1948.7
2013-05-14,1968.83
2013-05-15,1971.26
2013-05-16,1986.81
2013-05-17,1986.81
2013-05-18,1986.81
2013-05-19,1986.81
2013-05-20,1982.43
2013-05-21,1981.09
2013-05-22,1993.83
2013-05-23,1969.19
2013-05-24,1973.45
2013-05-25,1973.45
2013-05-26,1973.45
2013-05-27,1979.97
2013-05-28,1986.22
2013-05-29,2001.2
2013-05-30,2000.1
2013-05-31,2001.05
2013-06-01,2001.05
2013-06-02,2001.05
2013-06-03,1989.57
2013-06-04,1989.51
2013-06-05,1959.19
2013-06-06,1959.19
2013-06-07,1923.85
2013-06-08,1923.85
2013-06-09,1923.85
2013-06-10,1932.7
2013-06-11,1920.68
2013-06-12,1909.91
2013-06-13,1882.73
2013-06-14,1889.24
2013-06-15,1889.24
2013-06-16,1889.24
2013-06-17,1883.1
2013-06-18,1900.62
2013-06-19,1888.31
2013-06-20,1850.49
2013-06-21,1822.83
2013-06-22,1822.83
2013-06-23,1822.83
2013-06-24,1799.01
2013-06-25,1780.63
2013-06-26,1783.45
2013-06-27,1834.7
2013-06-28,1863.32
2013-06-29,1863.32
2013-06-30,1863.32
2013-07-01,1855.73
2013-07-02,1855.02
2013-07-03,1824.66
2013-07-04,1839.14
2013-07-05,1833.31
2013-07-06,1833.31
2013-07-07,1833.31
2013-07-08,1816.85
2013-07-09,1830.35
2013-07-10,1824.16
2013-07-11,1877.6
2013-07-12,1869.98
2013-07-13,1869.98
2013-07-14,1869.98
2013-07-15,1875.16
2013-07-16,1866.36
2013-07-17,1887.49
2013-07-18,1875.48
2013-07-19,1871.41
2013-07-20,1871.41
2013-07-21,1871.41
2013-07-22,1880.35
2013-07-23,1904.15
2013-07-24,1912.08
2013-07-25,1909.61
2013-07-26,1910.81
2013-07-27,1910.81
2013-07-28,1910.81
2013-07-29,1899.89
2013-07-30,1917.05
2013-07-31,1914.03
2013-08-01,1920.74
2013-08-02,1923.38
2013-08-03,1923.38
2013-08-04,1923.38
2013-08-05,1916.22
2013-08-06,1906.62
2013-08-07,1878.33
2013-08-08,1883.97
2013-08-09,1880.71
2013-08-10,1880.71
2013-08-11,1880.71
2013-08-12,1884.83
2013-08-13,1913.03
2013-08-14,1923.91
2013-08-15,1923.91
2013-08-16,1920.11
2013-08-17,1920.11
2013-08-18,1920.11
2013-08-19,1917.64
2013-08-20,1887.85
2013-08-21,1867.46
2013-08-22,1849.12
2013-08-23,1870.16
2013-08-24,1870.16
2013-08-25,1870.16
2013-08-26,1887.86
2013-08-27,1885.84
2013-08-28,1884.52
2013-08-29,1907.54
2013-08-30,1926.36
2013-08-31,1926.36
2013-09-01,1926.36
2013-09-02,1924.81
2013-09-03,1933.74
2013-09-04,1933.03
2013-09-05,1951.65
2013-09-06,1955.31
2013-09-07,1955.31
2013-09-08,1955.31
2013-09-09,1974.67
2013-09-10,1994.06
2013-09-11,2003.85
2013-09-12,2004.06
2013-09-13,1994.32
2013-09-14,1994.32
2013-09-15,1994.32
2013-09-16,2013.37
2013-09-17,2005.58
2013-09-18,2005.58
2013-09-19,2005.58
2013-09-20,2005.58
2013-09-21,2005.58
2013-09-22,2005.58
2013-09-23,2009.41
2013-09-24,2007.1
2013-09-25,1998.06
2013-09-26,2007.32
2013-09-27,2011.8
2013-09-28,2011.8
2013-09-29,2011.8
2013-09-30,1996.96
2013-10-01,1998.87
2013-10-02,1999.47
2013-10-03,1999.47
2013-10-04,1996.98
2013-10-05,1996.98
2013-10-06,1996.98
2013-10-07,1994.42
2013-10-08,2002.76
2013-10-09,2002.76
2013-10-10,2001.4
2013-10-11,2024.9
2013-10-12,2024.9
2013-10-13,2024.9
2013-10-14,2020.27
2013-10-15,2040.96
2013-10-16,2034.61
2013-10-17,2040.61
2013-10-18,2052.4
2013-10-19,2052.4
2013-10-20,2052.4
2013-10-21,2053.01
2013-10-22,2056.12
2013-10-23,2035.75
2013-10-24,2046.69
2013-10-25,2034.39
2013-10-26,2034.39
2013-10-27,2034.39
2013-10-28,2048.14
2013-10-29,2051.76
2013-10-30,2059.58
2013-10-31,2030.09
2013-11-01,2039.42
2013-11-02,2039.42
2013-11-03,2039.42
2013-11-04,2025.17
2013-11-05,2013.93
2013-11-06,2013.67
2013-11-07,2004.04
2013-11-08,1984.87
2013-11-09,1984.87
2013-11-10,1984.87
2013-11-11,1977.3
2013-11-12,1995.48
2013-11-13,1963.56
2013-11-14,1967.56
2013-11-15,2005.64
2013-11-16,2005.64
2013-11-17,2005.64
2013-11-18,2010.81
2013-11-19,2031.64
2013-11-20,2017.24
2013-11-21,1993.78
2013-11-22,2006.23
2013-11-23,2006.23
2013-11-24,2006.23
2013-11-25,2015.98
2013-11-26,2022.64
2013-11-27,2028.81
2013-11-28,2045.77
2013-11-29,2044.87
2013-11-30,2044.87
2013-12-01,2044.87
2013-12-02,2030.78
2013-12-03,2009.36
2013-12-04,1986.8
2013-12-05,1984.77
2013-12-06,1980.41
2013-12-07,1980.41
2013-12-08,1980.41
2013-12-09,2000.38
2013-12-10,1993.45
2013-12-11,1977.97
2013-12-12,1967.93
2013-12-13,1962.91
2013-12-14,1962.91
2013-12-15,1962.91
2013-12-16,1961.15
2013-12-17,1965.74
2013-12-18,1974.63
2013-12-19,1975.65
2013-12-20,1983.35
2013-12-21,1983.35
2013-12-22,1983.35
2013-12-23,1996.89
2013-12-24,2001.59
2013-12-25,2001.59
2013-12-26,1999.3
2013-12-27,2002.28
2013-12-28,2002.28
2013-12-29,2002.28
2013-12-30,2011.34
2013-12-31,2011.34
2014-01-01,2011.34
2014-01-02,1967.19
2014-01-03,1946.14
2014-01-04,1946.14
2014-01-05,1946.14
2014-01-06,1953.28
2014-01-07,1959.44
2014-01-08,1958.96
2014-01-09,1946.11
2014-01-10,1938.54
2014-01-11,1938.54
2014-01-12,1938.54
2014-01-13,1948.92
2014-01-14,1946.07
2014-01-15,1953.28
2014-01-16,1957.32
2014-01-17,1944.48
2014-01-18,1944.48
2014-01-19,1944.48
2014-01-20,1953.78
2014-01-21,1963.89
2014-01-22,1970.42
2014-01-23,1947.59
2014-01-24,1940.56
2014-01-25,1940.56
2014-01-26,1940.56
2014-01-27,1910.34
2014-01-28,1916.93
2014-01-29,1941.15
2014-01-30,1941.15
2014-01-31,1941.15
2014-02-01,1941.15
2014-02-02,1941.15
2014-02-03,1919.96
2014-02-04,1886.85
2014-02-05,1891.32
2014-02-06,1907.89
2014-02-07,1922.5
2014-02-08,1922.5
2014-02-09,1922.5
2014-02-10,1923.3
2014-02-11,1932.06
2014-02-12,1935.84
2014-02-13,1926.96
2014-02-14,1940.28
2014-02-15,1940.28
2014-02-16,1940.28
2014-02-17,1946.36
2014-02-18,1946.91
2014-02-19,1942.93
2014-02-20,1930.57
2014-02-21,1957.83
2014-02-22,1957.83
2014-02-23,1957.83
2014-02-24,1949.05
2014-02-25,1964.86
2014-02-26,1970.77
2014-02-27,1978.43
2014-02-28,1979.99
2014-03-01,1979.99
2014-03-02,1979.99
2014-03-03,1964.69
2014-03-04,1954.11
2014-03-05,1971.24
2014-03-06,1975.62
2014-03-07,1974.68
2014-03-08,1974.68
2014-03-09,1974.68
2014-03-10,1954.42
2014-03-11,1963.87
2014-03-12,1932.54
2014-03-13,1934.38
2014-03-14,1919.9
2014-03-15,1919.9
2014-03-16,1919.9
2014-03-17,1927.53
2014-03-18,1940.21
2014-03-19,1937.68
2014-03-20,1919.52
2014-03-21,1934.94
2014-03-22,1934.94
2014-03-23,1934.94
2014-03-24,1945.55
2014-03-25,1941.25
2014-03-26,1964.31
2014-03-27,1977.97
2014-03-28,1981
2014-03-29,1981
2014-03-30,1981
2014-03-31,1985.61
2014-04-01,1991.98
2014-04-02,1997.25
2014-04-03,1993.7
2014-04-04,1988.09
2014-04-05,1988.09
2014-04-06,1988.09
2014-04-07,1989.7
2014-04-08,1993.03
2014-04-09,1998.95
2014-04-10,2008.61
2014-04-11,1997.44
2014-04-12,1997.44
2014-04-13,1997.44
2014-04-14,1997.02
2014-04-15,1992.27
2014-04-16,1992.21
2014-04-17,1992.05
2014-04-18,2004.28
2014-04-19,2004.28
2014-04-20,2004.28
2014-04-21,1999.22
2014-04-22,2004.22
2014-04-23,2000.37
2014-04-24,1998.34
2014-04-25,1971.66
2014-04-26,1971.66
2014-04-27,1971.66
2014-04-28,1969.26
2014-04-29,1964.77
2014-04-30,1961.79
2014-05-01,1961.79
2014-05-02,1959.44
2014-05-03,1959.44
2014-05-04,1959.44
2014-05-05,1959.44
2014-05-06,1959.44
2014-05-07,1939.88
2014-05-08,1950.6
2014-05-09,1956.55
2014-05-10,1956.55
2014-05-11,1956.55
2014-05-12,1964.94
2014-05-13,1982.93
2014-05-14,2010.83
2014-05-15,2010.2
2014-05-16,2013.44
2014-05-17,2013.44
2014-05-18,2013.44
2014-05-19,2015.14
2014-05-20,2011.26
2014-05-21,2008.33
2014-05-22,2015.59
2014-05-23,2017.17
2014-05-24,2017.17
2014-05-25,2017.17
2014-05-26,2010.35
2014-05-27,1997.63
2014-05-28,2017.06
2014-05-29,2012.26
2014-05-30,1994.96
2014-05-31,1994.96
2014-06-01,1994.96
2014-06-02,2002
2014-06-03,2008.56
2014-06-04,2008.56
2014-06-05,1995.48
2014-06-06,1995.48
2014-06-07,1995.48
2014-06-08,1995.48
2014-06-09,1990.04
2014-06-10,2011.8
2014-06-11,2014.67
2014-06-12,2011.65
2014-06-13,1990.85
2014-06-14,1990.85
2014-06-15,1990.85
2014-06-16,1993.59
2014-06-17,2001.55
2014-06-18,1989.49
2014-06-19,1992.03
2014-06-20,1968.07
2014-06-21,1968.07
2014-06-22,1968.07
2014-06-23,1974.92
2014-06-24,1994.35
2014-06-25,1981.77
2014-06-26,1995.05
2014-06-27,1988.51
2014-06-28,1988.51
2014-06-29,1988.51
2014-06-30,2002.21
2014-07-01,1999
2014-07-02,2015.28
2014-07-03,2010.97
2014-07-04,2009.66
2014-07-05,2009.66
2014-07-06,2009.66
2014-07-07,2005.12
2014-07-08,2006.66
2014-07-09,2000.5
2014-07-10,2002.84
2014-07-11,1988.74
2014-07-12,1988.74
2014-07-13,1988.74
2014-07-14,1993.88
2014-07-15,2012.72
2014-07-16,2013.48
2014-07-17,2020.9
2014-07-18,2019.42
2014-07-19,2019.42
2014-07-20,2019.42
2014-07-21,2018.5
2014-07-22,2028.93
2014-07-23,2028.32
2014-07-24,2026.62
2014-07-25,2033.85
2014-07-26,2033.85
2014-07-27,2033.85
2014-07-28,2048.81
2014-07-29,2061.97
2014-07-30,2082.61
2014-07-31,2076.12
2014-08-01,2073.1
2014-08-02,2073.1
2014-08-03,2073.1
2014-08-04,2080.42
2014-08-05,2066.26
2014-08-06,2060.73
2014-08-07,2054.51
2014-08-08,2031.1
2014-08-09,2031.1
2014-08-10,2031.1
2014-08-11,2039.37
2014-08-12,2041.47
2014-08-13,2062.36
2014-08-14,2063.22
2014-08-15,2063.22
2014-08-16,2063.22
2014-08-17,2063.22
2014-08-18,2053.13
2014-08-19,2071.14
2014-08-20,2072.78
2014-08-21,2044.21
2014-08-22,2056.7
2014-08-23,2056.7
2014-08-24,2056.7
2014-08-25,2060.89
2014-08-26,2068.05
2014-08-27,2074.93
2014-08-28,2075.76
2014-08-29,2068.54
2014-08-30,2068.54
2014-08-31,2068.54
2014-09-01,2067.86
2014-09-02,2051.58
2014-09-03,2051.2
2014-09-04,2056.26
2014-09-05,2049.41
2014-09-06,2049.41
2014-09-07,2049.41
2014-09-08,2049.41
2014-09-09,2049.41
2014-09-10,2049.41
2014-09-11,2034.16
2014-09-12,2041.86
2014-09-13,2041.86
2014-09-14,2041.86
2014-09-15,2035.82
2014-09-16,2042.92
2014-09-17,2062.61
2014-09-18,2047.74
2014-09-19,2053.82
2014-09-20,2053.82
2014-09-21,2053.82
2014-09-22,2039.27
2014-09-23,2028.91
2014-09-24,2035.64
2014-09-25,2034.11
2014-09-26,2031.64
2014-09-27,2031.64
2014-09-28,2031.64
2014-09-29,2026.6
2014-09-30,2020.09
2014-10-01,1991.54
2014-10-02,1976.16
2014-10-03,1976.16
2014-10-04,1976.16
2014-10-05,1976.16
2014-10-06,1968.39
2014-10-07,1972.91
2014-10-08,1965.25
2014-10-09,1965.25
2014-10-10,1940.92
2014-10-11,1940.92
2014-10-12,1940.92
2014-10-13,1927.21
2014-10-14,1929.25
2014-10-15,1925.91
2014-10-16,1918.83
2014-10-17,1900.66
2014-10-18,1900.66
2014-10-19,1900.66
2014-10-20,1930.06
2014-10-21,1915.28
2014-10-22,1936.97
2014-10-23,1931.65
2014-10-24,1925.69
2014-10-25,1925.69
2014-10-26,1925.69
2014-10-27,1931.97
2014-10-28,1925.68
2014-10-29,1961.17
2014-10-30,1958.93
2014-10-31,1964.43
2014-11-01,1964.43
2014-11-02,1964.43
2014-11-03,1952.97
2014-11-04,1935.19
2014-11-05,1931.43
2014-11-06,1936.48
2014-11-07,1939.87
2014-11-08,1939.87
2014-11-09,1939.87
2014-11-10,1958.23
2014-11-11,1963
2014-11-12,1967.27
2014-11-13,1960.51
2014-11-14,1945.14
2014-11-15,1945.14
2014-11-16,1945.14
2014-11-17,1943.63
2014-11-18,1967.01
2014-11-19,1966.87
2014-11-20,1958.04
2014-11-21,1964.84
2014-11-22,1964.84
2014-11-23,1964.84
2014-11-24,1978.54
2014-11-25,1980.21
2014-11-26,1980.84
2014-11-27,1982.09
2014-11-28,1980.78
2014-11-29,1980.78
2014-11-30,1980.78
2014-12-01,1965.22
2014-12-02,1965.83
2014-12-03,1969.91
2014-12-04,1986.61
2014-12-05,1986.62
2014-12-06,1986.62
2014-12-07,1986.62
2014-12-08,1978.95
2014-12-09,1970.95
2014-12-10,1945.56
2014-12-11,1916.59
2014-12-12,1921.71
2014-12-13,1921.71
2014-12-14,1921.71
2014-12-15,1920.36
2014-12-16,1904.13
2014-12-17,1900.16
2014-12-18,1897.5
2014-12-19,1929.98
2014-12-20,1929.98
2014-12-21,1929.98
2014-12-22,1943.12
2014-12-23,1939.02
2014-12-24,1946.61
2014-12-25,1946.61
2014-12-26,1948.16
2014-12-27,1948.16
2014-12-28,1948.16
2014-12-29,1927.86
2014-12-30,1915.59
2014-12-31,1915.59
2015-01-01,1915.59
2015-01-02,1926.44
2015-01-03,1926.44
2015-01-04,1926.44
2015-01-05,1915.75
2015-01-06,1882.45
2015-01-07,1883.83
2015-01-08,1904.65
2015-01-09,1924.7
2015-01-10,1924.7
2015-01-11,1924.7
2015-01-12,1920.95
2015-01-13,1917.14
2015-01-14,1913.66
2015-01-15,1914.14
2015-01-16,1888.13
2015-01-17,1888.13
2015-01-18,1888.13
2015-01-19,1902.62
2015-01-20,1918.31
2015-01-21,1921.23
2015-01-22,1920.82
2015-01-23,1936.09
2015-01-24,1936.09
2015-01-25,1936.09
2015-01-26,1935.68
2015-01-27,1952.4
2015-01-28,1961.58
2015-01-29,1951.02
2015-01-30,1949.26
2015-01-31,1949.26
2015-02-01,1949.26
2015-02-02,1952.68
2015-02-03,1951.96
2015-02-04,1962.79
2015-02-05,1952.84
2015-02-06,1955.52
2015-02-07,1955.52
2015-02-08,1955.52
2015-02-09,1947
2015-02-10,1935.86
2015-02-11,1945.7
2015-02-12,1941.63
2015-02-13,1957.5
2015-02-14,1957.5
2015-02-15,1957.5
2015-02-16,1958.23
2015-02-17,1961.45
2015-02-18,1961.45
2015-02-19,1961.45
2015-02-20,1961.45
2015-02-21,1961.45
2015-02-22,1961.45
2015-02-23,1968.39
2015-02-24,1976.12
2015-02-25,1990.47
2015-02-26,1993.08
2015-02-27,1985.8
2015-02-28,1985.8
2015-03-01,1985.8
2015-03-02,1996.81
2015-03-03,2001.38
2015-03-04,1998.29
2015-03-05,1998.38
2015-03-06,2012.94
2015-03-07,2012.94
2015-03-08,2012.94
2015-03-09,1992.82
2015-03-10,1984.77
2015-03-11,1980.83
2015-03-12,1970.59
2015-03-13,1985.79
2015-03-14,1985.79
2015-03-15,1985.79
2015-03-16,1987.33
2015-03-17,2029.91
2015-03-18,2028.45
2015-03-19,2037.89
2015-03-20,2037.24
2015-03-21,2037.24
2015-03-22,2037.24
2015-03-23,2036.59
2015-03-24,2041.37
2015-03-25,2042.81
2015-03-26,2022.56
2015-03-27,2019.8
2015-03-28,2019.8
2015-03-29,2019.8
2015-03-30,2030.04
2015-03-31,2041.03
2015-04-01,2028.45
2015-04-02,2029.07
2015-04-03,2045.42
2015-04-04,2045.42
2015-04-05,2045.42
2015-04-06,2046.43
2015-04-07,2047.03
2015-04-08,2059.26
2015-04-09,2058.87
2015-04-10,2087.76
2015-04-11,2087.76
2015-04-12,2087.76
2015-04-13,2098.92
2015-04-14,2111.72
2015-04-15,2119.96
2015-04-16,2139.9
2015-04-17,2143.5
2015-04-18,2143.5
2015-04-19,2143.5
2015-04-20,2146.71
2015-04-21,2144.79
2015-04-22,2143.89
2015-04-23,2173.41
2015-04-24,2159.8
2015-04-25,2159.8
2015-04-26,2159.8
2015-04-27,2157.54
2015-04-28,2147.67
2015-04-29,2142.63
2015-04-30,2127.17
2015-05-01,2127.17
2015-05-02,2127.17
2015-05-03,2127.17
2015-05-04,2132.23
2015-05-05,2132.23
2015-05-06,2104.58
2015-05-07,2091
2015-05-08,2085.52
2015-05-09,2085.52
2015-05-10,2085.52
2015-05-11,2097.38
2015-05-12,2096.77
2015-05-13,2114.16
2015-05-14,2120.33
2015-05-15,2106.5
2015-05-16,2106.5
2015-05-17,2106.5
2015-05-18,2113.72
2015-05-19,2120.85
2015-05-20,2139.54
2015-05-21,2122.81
2015-05-22,2146.1
2015-05-23,2146.1
2015-05-24,2146.1
2015-05-25,2146.1
2015-05-26,2143.5
2015-05-27,2107.5
2015-05-28,2110.89
2015-05-29,2114.8
2015-05-30,2114.8
2015-05-31,2114.8
2015-06-01,2102.37
2015-06-02,2078.64
2015-06-03,2063.16
2015-06-04,2072.86
2015-06-05,2068.1
2015-06-06,2068.1
2015-06-07,2068.1
2015-06-08,2065.19
2015-06-09,2064.03
2015-06-10,2051.32
2015-06-11,2056.61
2015-06-12,2052.17
2015-06-13,2052.17
2015-06-14,2052.17
2015-06-15,2042.32
2015-06-16,2028.72
2015-06-17,2034.86
2015-06-18,2041.88
2015-06-19,2046.96
2015-06-20,2046.96
2015-06-21,2046.96
2015-06-22,2055.16
2015-06-23,2081.2
2015-06-24,2085.53
2015-06-25,2085.06
2015-06-26,2090.26
2015-06-27,2090.26
2015-06-28,2090.26
2015-06-29,2060.49
2015-06-30,2074.2
2015-07-01,2097.89
2015-07-02,2107.33
2015-07-03,2104.41
2015-07-04,2104.41
2015-07-05,2104.41
2015-07-06,2053.93
2015-07-07,2040.29
2015-07-08,2016.21
2015-07-09,2027.81
2015-07-10,2031.17
2015-07-11,2031.17
2015-07-12,2031.17
2015-07-13,2061.52
2015-07-14,2059.23
2015-07-15,2072.91
2015-07-16,2087.89
2015-07-17,2076.79
2015-07-18,2076.79
2015-07-19,2076.79
2015-07-20,2073.31
2015-07-21,2083.62
2015-07-22,2064.73
2015-07-23,2065.07
2015-07-24,2045.96
2015-07-25,2045.96
2015-07-26,2045.96
2015-07-27,2038.81
2015-07-28,2039.1
2015-07-29,2037.62
2015-07-30,2019.03
2015-07-31,2030.16
2015-08-01,2030.16
2015-08-02,2030.16
2015-08-03,2008.49
2015-08-04,2027.99
2015-08-05,2029.76
2015-08-06,2013.29
2015-08-07,2010.23
2015-08-08,2010.23
2015-08-09,2010.23
2015-08-10,2003.17
2015-08-11,1986.65
2015-08-12,1975.47
2015-08-13,1983.46
2015-08-14,1983.46
2015-08-15,1983.46
2015-08-16,1983.46
2015-08-17,1968.52
2015-08-18,1956.26
2015-08-19,1939.38
2015-08-20,1914.55
2015-08-21,1876.07
2015-08-22,1876.07
2015-08-23,1876.07
2015-08-24,1829.81
2015-08-25,1846.63
2015-08-26,1894.09
2015-08-27,1908
2015-08-28,1937.67
2015-08-29,1937.67
2015-08-30,1937.67
2015-08-31,1941.49
2015-09-01,1914.23
2015-09-02,1915.22
2015-09-03,1915.53
2015-09-04,1886.04
2015-09-05,1886.04
2015-09-06,1886.04
2015-09-07,1883.22
2015-09-08,1878.68
2015-09-09,1934.2
2015-09-10,1962.11
2015-09-11,1941.37
2015-09-12,1941.37
2015-09-13,1941.37
2015-09-14,1931.46
2015-09-15,1937.56
2015-09-16,1975.45
2015-09-17,1976.49
2015-09-18,1995.95
2015-09-19,1995.95
2015-09-20,1995.95
2015-09-21,1964.68
2015-09-22,1982.06
2015-09-23,1944.64
2015-09-24,1947.1
2015-09-25,1942.85
2015-09-26,1942.85
2015-09-27,1942.85
2015-09-28,1942.85
2015-09-29,1942.85
2015-09-30,1962.81
2015-10-01,1979.32
2015-10-02,1969.68
2015-10-03,1969.68
2015-10-04,1969.68
2015-10-05,1978.25
2015-10-06,1990.65
2015-10-07,2005.84
2015-10-08,2019.53
2015-10-09,2019.53
2015-10-10,2019.53
2015-10-11,2019.53
2015-10-12,2021.63
2015-10-13,2019.05
2015-10-14,2009.55
2015-10-15,2033.27
2015-10-16,2030.26
2015-10-17,2030.26
2015-10-18,2030.26
2015-10-19,2030.27
2015-10-20,2039.36
2015-10-21,2042.98
2015-10-22,2023
2015-10-23,2040.4
2015-10-24,2040.4
2015-10-25,2040.4
2015-10-26,2048.08
2015-10-27,2044.65
2015-10-28,2042.51
2015-10-29,2034.16
2015-10-30,2029.47
2015-10-31,2029.47
2015-11-01,2029.47
2015-11-02,2035.24
2015-11-03,2048.4
2015-11-04,2052.77
2015-11-05,2049.41
2015-11-06,2041.07
2015-11-07,2041.07
2015-11-08,2041.07
2015-11-09,2025.7
2015-11-10,1996.59
2015-11-11,1997.27
2015-11-12,1993.36
2015-11-13,1973.29
2015-11-14,1973.29
2015-11-15,1973.29
2015-11-16,1943.02
2015-11-17,1963.58
2015-11-18,1962.88
2015-11-19,1988.91
2015-11-20,1989.86
2015-11-21,1989.86
2015-11-22,1989.86
2015-11-23,2003.7
2015-11-24,2016.29
2015-11-25,2009.42
2015-11-26,2030.68
2015-11-27,2028.99
2015-11-28,2028.99
2015-11-29,2028.99
2015-11-30,1991.97
2015-12-01,2023.93
2015-12-02,2009.29
2015-12-03,1994.07
2015-12-04,1974.4
2015-12-05,1974.4
2015-12-06,1974.4
2015-12-07,1963.67
2015-12-08,1949.04
2015-12-09,1948.24
2015-12-10,1952.07
2015-12-11,1948.62
2015-12-12,1948.62
2015-12-13,1948.62
2015-12-14,1927.82
2015-12-15,1932.97
2015-12-16,1969.4
2015-12-17,1977.96
2015-12-18,1975.32
2015-12-19,1975.32
2015-12-20,1975.32
2015-12-21,1981.19
2015-12-22,1992.56
2015-12-23,1999.22
2015-12-24,1990.65
2015-12-25,1990.65
2015-12-26,1990.65
2015-12-27,1990.65
2015-12-28,1964.06
2015-12-29,1966.31
2015-12-30,1961.31
2015-12-31,1961.31
2016-01-01,1961.31
2016-01-02,1961.31
2016-01-03,1961.31
2016-01-04,1918.76
2016-01-05,1930.53
2016-01-06,1925.43
2016-01-07,1904.33
2016-01-08,1917.62
2016-01-09,1917.62
2016-01-10,1917.62
2016-01-11,1894.84
2016-01-12,1890.86
2016-01-13,1916.28
2016-01-14,1900.01
2016-01-15,1878.87
2016-01-16,1878.87
2016-01-17,1878.87
2016-01-18,1878.45
2016-01-19,1889.64
2016-01-20,1845.45
2016-01-21,1840.53
2016-01-22,1879.43
2016-01-23,1879.43
2016-01-24,1879.43
2016-01-25,1893.43
2016-01-26,1871.69
2016-01-27,1897.87
2016-01-28,1906.94
2016-01-29,1912.06
2016-01-30,1912.06
2016-01-31,1912.06
2016-02-01,1924.82
2016-02-02,1906.06
2016-02-03,1890.67
2016-02-04,1916.26
2016-02-05,1917.79
2016-02-06,1917.79
2016-02-07,1917.79
2016-02-08,1917.79
2016-02-09,1917.79
2016-02-10,1917.79
2016-02-11,1861.54
2016-02-12,1835.28
2016-02-13,1835.28
2016-02-14,1835.28
2016-02-15,1862.2
2016-02-16,1888.3
2016-02-17,1883.94
2016-02-18,1908.84
2016-02-19,1916.24
2016-02-20,1916.24
2016-02-21,1916.24
2016-02-22,1916.36
2016-02-23,1914.22
2016-02-24,1912.53
2016-02-25,1918.57
2016-02-26,1920.16
2016-02-27,1920.16
2016-02-28,1920.16
2016-02-29,1916.66
2016-03-01,1916.66
2016-03-02,1947.42
2016-03-03,1958.17
2016-03-04,1955.63
2016-03-05,1955.63
2016-03-06,1955.63
2016-03-07,1957.87
2016-03-08,1946.12
2016-03-09,1952.95
2016-03-10,1969.33
2016-03-11,1971.41
2016-03-12,1971.41
2016-03-13,1971.41
2016-03-14,1972.27
2016-03-15,1969.97
2016-03-16,1974.9
2016-03-17,1987.99
2016-03-18,1992.12
2016-03-19,1992.12
2016-03-20,1992.12
2016-03-21,1989.76
2016-03-22,1996.81
2016-03-23,1995.12
2016-03-24,1985.97
2016-03-25,1983.81
2016-03-26,1983.81
2016-03-27,1983.81
2016-03-28,1982.54
2016-03-29,1994.91
2016-03-30,2002.14
2016-03-31,1995.85
2016-04-01,1973.57
2016-04-02,1973.57
2016-04-03,1973.57
2016-04-04,1978.97
2016-04-05,1962.74
2016-04-06,1971.32
2016-04-07,1973.89
2016-04-08,1972.05
2016-04-09,1972.05
2016-04-10,1972.05
2016-04-11,1970.37
2016-04-12,1981.32
2016-04-13,1981.32
2016-04-14,2015.93
2016-04-15,2014.71
2016-04-16,2014.71
2016-04-17,2014.71
2016-04-18,2009.1
2016-04-19,2011.36
2016-04-20,2005.83
2016-04-21,2022.1
2016-04-22,2015.49
2016-04-23,2015.49
2016-04-24,2015.49
2016-04-25,2014.55
2016-04-26,2019.63
2016-04-27,2015.4
2016-04-28,2000.93
2016-04-29,1994.15
2016-04-30,1994.15
2016-05-01,1994.15
2016-05-02,1978.15
2016-05-03,1986.41
2016-05-04,1976.71
2016-05-05,1976.71
2016-05-06,1976.71
2016-05-07,1976.71
2016-05-08,1976.71
2016-05-09,1967.81
2016-05-10,1982.5
2016-05-11,1980.1
2016-05-12,1977.49
2016-05-13,1966.99
2016-05-14,1966.99
2016-05-15,1966.99
2016-05-16,1967.91
2016-05-17,1968.06
2016-05-18,1956.73
2016-05-19,1946.78
2016-05-20,1947.67
2016-05-21,1947.67
2016-05-22,1947.67
2016-05-23,1955.25
2016-05-24,1937.68
2016-05-25,1960.51
2016-05-26,1957.06
2016-05-27,1969.17
2016-05-28,1969.17
2016-05-29,1969.17
2016-05-30,1967.13
2016-05-31,1983.4
2016-06-01,1982.72
2016-06-02,1985.11
2016-06-03,1985.84
2016-06-04,1985.84
2016-06-05,1985.84
2016-06-06,1985.84
2016-06-07,2011.63
2016-06-08,2027.08
2016-06-09,2024.17
2016-06-10,2017.63
2016-06-11,2017.63
2016-06-12,2017.63
2016-06-13,1979.06
2016-06-14,1972.03
2016-06-15,1968.83
2016-06-16,1951.99
2016-06-17,1953.4
2016-06-18,1953.4
2016-06-19,1953.4
2016-06-20,1981.12
2016-06-21,1982.7
2016-06-22,1992.58
2016-06-23,1986.71
2016-06-24,1925.24
2016-06-25,1925.24
2016-06-26,1925.24
2016-06-27,1926.85
2016-06-28,1936.22
2016-06-29,1956.36
2016-06-30,1970.35
2016-07-01,1987.32
2016-07-02,1987.32
2016-07-03,1987.32
2016-07-04,1995.3
2016-07-05,1989.85
2016-07-06,1953.12
2016-07-07,1974.08
2016-07-08,1963.1
2016-07-09,1963.1
2016-07-10,1963.1
2016-07-11,1988.54
2016-07-12,1991.23
2016-07-13,2005.55
2016-07-14,2008.77
2016-07-15,2017.26
2016-07-16,2017.26
2016-07-17,2017.26
2016-07-18,2021.11
2016-07-19,2016.89
2016-07-20,2015.46
2016-07-21,2012.22
2016-07-22,2010.34
2016-07-23,2010.34
2016-07-24,2010.34
2016-07-25,2012.32
2016-07-26,2027.34
2016-07-27,2025.05
2016-07-28,2021.1
2016-07-29,2016.19
2016-07-30,2016.19
2016-07-31,2016.19
2016-08-01,2029.61
2016-08-02,2019.03
2016-08-03,1994.79
2016-08-04,2000.03
2016-08-05,2017.94
2016-08-06,2017.94
2016-08-07,2017.94
2016-08-08,2031.12
2016-08-09,2043.78
2016-08-10,2044.64
2016-08-11,2048.8
2016-08-12,2050.47
2016-08-13,2050.47
2016-08-14,2050.47
2016-08-15,2050.47
2016-08-16,2047.76
2016-08-17,2043.75
2016-08-18,2055.47
2016-08-19,2056.24
2016-08-20,2056.24
2016-08-21,2056.24
2016-08-22,2042.16
2016-08-23,2049.93
2016-08-24,2043.76
2016-08-25,2042.92
2016-08-26,2037.5
2016-08-27,2037.5
2016-08-28,2037.5
2016-08-29,2032.35
2016-08-30,2039.74
2016-08-31,2034.65
2016-09-01,2032.72
2016-09-02,2038.31
2016-09-03,2038.31
2016-09-04,2038.31
2016-09-05,2060.08
2016-09-06,2066.53
2016-09-07,2061.88
2016-09-08,2063.73
2016-09-09,2037.87
2016-09-10,2037.87
2016-09-11,2037.87
2016-09-12,1991.48
2016-09-13,1999.36
2016-09-14,1999.36
2016-09-15,1999.36
2016-09-16,1999.36
2016-09-17,1999.36
2016-09-18,1999.36
2016-09-19,2015.78
2016-09-20,2025.71
2016-09-21,2035.99
2016-09-22,2049.7
2016-09-23,2054.07
2016-09-24,2054.07
2016-09-25,2054.07
2016-09-26,2047.11
2016-09-27,2062.82
2016-09-28,2053.06
2016-09-29,2068.72
2016-09-30,2043.63
2016-10-01,2043.63
2016-10-02,2043.63
2016-10-03,2043.63
2016-10-04,2054.86
2016-10-05,2053
2016-10-06,2065.3
2016-10-07,2053.8
2016-10-08,2053.8
2016-10-09,2053.8
2016-10-10,2056.82
2016-10-11,2031.93
2016-10-12,2033.73
2016-10-13,2015.44
2016-10-14,2022.66
2016-10-15,2022.66
2016-10-16,2022.66
2016-10-17,2027.61
2016-10-18,2040.43
2016-10-19,2040.94
2016-10-20,2040.6
2016-10-21,2033
2016-10-22,2033
2016-10-23,2033
2016-10-24,2047.74
2016-10-25,2037.17
2016-10-26,2013.89
2016-10-27,2024.12
2016-10-28,2019.42
2016-10-29,2019.42
2016-10-30,2019.42
2016-10-31,2008.19
2016-11-01,2007.39
2016-11-02,1978.94
2016-11-03,1983.8
2016-11-04,1982.02
2016-11-05,1982.02
2016-11-06,1982.02
2016-11-07,1997.58
2016-11-08,2003.38
2016-11-09,1958.38
2016-11-10,2002.6
2016-11-11,1984.43
2016-11-12,1984.43
2016-11-13,1984.43
2016-11-14,1974.4
2016-11-15,1967.53
2016-11-16,1979.65
2016-11-17,1980.55
2016-11-18,1974.58
2016-11-19,1974.58
2016-11-20,1974.58
2016-11-21,1966.05
2016-11-22,1983.47
2016-11-23,1987.95
2016-11-24,1971.26
2016-11-25,1974.46
2016-11-26,1974.46
2016-11-27,1974.46
2016-11-28,1978.13
2016-11-29,1978.39
2016-11-30,1983.48
2016-12-01,1983.75
2016-12-02,1970.61
2016-12-03,1970.61
2016-12-04,1970.61
2016-12-05,1963.36
2016-12-06,1989.86
2016-12-07,1991.89
2016-12-08,2031.07
2016-12-09,2024.69
2016-12-10,2024.69
2016-12-11,2024.69
2016-12-12,2027.24
2016-12-13,2035.98
2016-12-14,2036.87
2016-12-15,2036.65
2016-12-16,2042.24
2016-12-17,2042.24
2016-12-18,2042.24
2016-12-19,2038.39
2016-12-20,2041.94
2016-12-21,2037.96
2016-12-22,2035.73
2016-12-23,2035.9
2016-12-24,2035.9
2016-12-25,2035.9
2016-12-26,2037.75
2016-12-27,2042.17
2016-12-28,2024.49
2016-12-29,2026.46
2016-12-30,2026.46
2016-12-31,2026.46
2017-01-01,2026.46
2017-01-02,2026.16
2017-01-03,2043.97
2017-01-04,2045.64
2017-01-05,2041.95
2017-01-06,2049.12
2017-01-07,2049.12
2017-01-08,2049.12
2017-01-09,2048.78
2017-01-10,2045.12
2017-01-11,2075.17
2017-01-12,2087.14
2017-01-13,2076.79
2017-01-14,2076.79
2017-01-15,2076.79
2017-01-16,2064.17
2017-01-17,2071.87
2017-01-18,2070.54
2017-01-19,2072.79
2017-01-20,2065.61
2017-01-21,2065.61
2017-01-22,2065.61
2017-01-23,2065.99
2017-01-24,2065.76
2017-01-25,2066.94
2017-01-26,2083.59
2017-01-27,2083.59
2017-01-28,2083.59
2017-01-29,2083.59
2017-01-30,2083.59
2017-01-31,2067.57
2017-02-01,2080.48
2017-02-02,2071.01
2017-02-03,2073.16
2017-02-04,2073.16
2017-02-05,2073.16
2017-02-06,2077.66
2017-02-07,2075.21
2017-02-08,2065.08
2017-02-09,2065.88
2017-02-10,2075.08
2017-02-11,2075.08
2017-02-12,2075.08
2017-02-13,2078.65
2017-02-14,2074.57
2017-02-15,2083.86
2017-02-16,2081.84
2017-02-17,2080.58
2017-02-18,2080.58
2017-02-19,2080.58
2017-02-20,2084.39
2017-02-21,2102.93
2017-02-22,2106.61
2017-02-23,2107.63
2017-02-24,2094.12
2017-02-25,2094.12
2017-02-26,2094.12
2017-02-27,2085.52
2017-02-28,2091.64
2017-03-01,2091.64
2017-03-02,2102.65
2017-03-03,2078.75
2017-03-04,2078.75
2017-03-05,2078.75
2017-03-06,2081.36
2017-03-07,2094.05
2017-03-08,2095.41
2017-03-09,2091.06
2017-03-10,2097.35
2017-03-11,2097.35
2017-03-12,2097.35
2017-03-13,2117.59
2017-03-14,2133.78
2017-03-15,2133
2017-03-16,2150.08
2017-03-17,2164.58
2017-03-18,2164.58
2017-03-19,2164.58
2017-03-20,2157.01
2017-03-21,2178.38
2017-03-22,2168.3
2017-03-23,2172.72
2017-03-24,2168.95
2017-03-25,2168.95
2017-03-26,2168.95
2017-03-27,2155.66
2017-03-28,2163.31
2017-03-29,2166.98
2017-03-30,2164.64
2017-03-31,2160.23
2017-04-01,2160.23
2017-04-02,2160.23
2017-04-03,2167.51
2017-04-04,2161.1
2017-04-05,2160.85
2017-04-06,2152.75
2017-04-07,2151.73
2017-04-08,2151.73
2017-04-09,2151.73
2017-04-10,2133.32
2017-04-11,2123.85
2017-04-12,2128.91
2017-04-13,2148.61
2017-04-14,2134.88
2017-04-15,2134.88
2017-04-16,2134.88
2017-04-17,2145.78
2017-04-18,2148.46
2017-04-19,2138.4
2017-04-20,2149.15
2017-04-21,2165.04
2017-04-22,2165.04
2017-04-23,2165.04
2017-04-24,2173.74
2017-04-25,2196.85
2017-04-26,2207.84
2017-04-27,2209.46
2017-04-28,2205.44
2017-04-29,2205.44
2017-04-30,2205.44
2017-05-01,2205.44
2017-05-02,2219.67
2017-05-03,2219.67
2017-05-04,2241.24
2017-05-05,2241.24
2017-05-06,2241.24
2017-05-07,2241.24
2017-05-08,2292.76
2017-05-09,2292.76
2017-05-10,2270.12
2017-05-11,2296.37
2017-05-12,2286.02
2017-05-13,2286.02
2017-05-14,2286.02
2017-05-15,2290.65
2017-05-16,2295.33
2017-05-17,2293.08
2017-05-18,2286.82
2017-05-19,2288.48
2017-05-20,2288.48
2017-05-21,2288.48
2017-05-22,2304.03
2017-05-23,2311.74
2017-05-24,2317.34
2017-05-25,2342.93
2017-05-26,2355.3
2017-05-27,2355.3
2017-05-28,2355.3
2017-05-29,2352.97
2017-05-30,2343.68
2017-05-31,2347.38
2017-06-01,2344.61
2017-06-02,2371.72
2017-06-03,2371.72
2017-06-04,2371.72
2017-06-05,2368.62
2017-06-06,2368.62
2017-06-07,2360.14
2017-06-08,2363.57
2017-06-09,2381.69
2017-06-10,2381.69
2017-06-11,2381.69
2017-06-12,2357.87
2017-06-13,2374.7
2017-06-14,2372.64
2017-06-15,2361.65
2017-06-16,2361.83
2017-06-17,2361.83
2017-06-18,2361.83
2017-06-19,2370.9
2017-06-20,2369.23
2017-06-21,2357.53
2017-06-22,2370.37
2017-06-23,2378.6
2017-06-24,2378.6
2017-06-25,2378.6
2017-06-26,2388.66
2017-06-27,2391.95
2017-06-28,2382.56
2017-06-29,2395.66
2017-06-30,2391.79
2017-07-01,2391.79
2017-07-02,2391.79
2017-07-03,2394.48
2017-07-04,2380.52
2017-07-05,2388.35
2017-07-06,2387.81
2017-07-07,2379.87
2017-07-08,2379.87
2017-07-09,2379.87
2017-07-10,2382.1
2017-07-11,2396
2017-07-12,2391.77
2017-07-13,2409.49
2017-07-14,2414.63
2017-07-15,2414.63
2017-07-16,2414.63
2017-07-17,2425.1
2017-07-18,2426.04
2017-07-19,2429.94
2017-07-20,2441.84
2017-07-21,2450.06
2017-07-22,2450.06
2017-07-23,2450.06
2017-07-24,2451.53
2017-07-25,2439.9
2017-07-26,2434.51
2017-07-27,2443.24
2017-07-28,2400.99
2017-07-29,2400.99
2017-07-30,2400.99
2017-07-31,2402.71
2017-08-01,2422.96
2017-08-02,2427.63
2017-08-03,2386.85
2017-08-04,2395.45
2017-08-05,2395.45
2017-08-06,2395.45
2017-08-07,2398.75
2017-08-08,2394.73
2017-08-09,2368.39
2017-08-10,2359.47
2017-08-11,2319.71
2017-08-12,2319.71
2017-08-13,2319.71
2017-08-14,2334.22
2017-08-15,2334.22
2017-08-16,2348.26
2017-08-17,2361.67
2017-08-18,2358.37
2017-08-19,2358.37
2017-08-20,2358.37
2017-08-21,2355
2017-08-22,2365.33
2017-08-23,2366.4
2017-08-24,2375.84
2017-08-25,2378.51
2017-08-26,2378.51
2017-08-27,2378.51
2017-08-28,2370.3
2017-08-29,2364.74
2017-08-30,2372.29
2017-08-31,2363.19
2017-09-01,2357.69
2017-09-02,2357.69
2017-09-03,2357.69
2017-09-04,2329.65
2017-09-05,2326.62
2017-09-06,2319.82
2017-09-07,2346.19
2017-09-08,2343.72
2017-09-09,2343.72
2017-09-10,2343.72
2017-09-11,2359.08
2017-09-12,2365.47
2017-09-13,2360.18
2017-09-14,2377.66
2017-09-15,2386.07
2017-09-16,2386.07
2017-09-17,2386.07
2017-09-18,2418.21
2017-09-19,2416.05
2017-09-20,2412.2
2017-09-21,2406.5
2017-09-22,2388.71
2017-09-23,2388.71
2017-09-24,2388.71
2017-09-25,2380.4
2017-09-26,2374.32
2017-09-27,2372.57
2017-09-28,2373.14
2017-09-29,2394.47
2017-09-30,2394.47
2017-10-01,2394.47
2017-10-02,2394.47
2017-10-03,2394.47
2017-10-04,2394.47
2017-10-05,2394.47
2017-10-06,2394.47
2017-10-07,2394.47
2017-10-08,2394.47
2017-10-09,2394.47
2017-10-10,2433.81
2017-10-11,2458.16
2017-10-12,2474.76
2017-10-13,2473.62
2017-10-14,2473.62
2017-10-15,2473.62
2017-10-16,2480.05
2017-10-17,2484.37
2017-10-18,2482.91
2017-10-19,2473.06
2017-10-20,2489.54
2017-10-21,2489.54
2017-10-22,2489.54
2017-10-23,2490.05
2017-10-24,2490.49
2017-10-25,2492.5
2017-10-26,2480.63
2017-10-27,2496.63
2017-10-28,2496.63
2017-10-29,2496.63
2017-10-30,2501.93
2017-10-31,2523.43
2017-11-01,2556.47
2017-11-02,2546.36
2017-11-03,2557.97
2017-11-04,2557.97
2017-11-05,2557.97
2017-11-06,2549.41
2017-11-07,2545.44
2017-11-08,2552.4
2017-11-09,2550.57
2017-11-10,2542.95
2017-11-11,2542.95
2017-11-12,2542.95
2017-11-13,2530.35
2017-11-14,2526.64
2017-11-15,2518.25
2017-11-16,2534.79
2017-11-17,2533.99
2017-11-18,2533.99
2017-11-19,2533.99
2017-11-20,2527.67
2017-11-21,2530.7
2017-11-22,2540.51
2017-11-23,2537.15
2017-11-24,2544.33
2017-11-25,2544.33
2017-11-26,2544.33
2017-11-27,2507.81
2017-11-28,2514.19
2017-11-29,2512.9
2017-11-30,2476.37
2017-12-01,2475.41
2017-12-02,2475.41
2017-12-03,2475.41
2017-12-04,2501.67
2017-12-05,2510.12
2017-12-06,2474.37
2017-12-07,2461.98
2017-12-08,2464
2017-12-09,2464
2017-12-10,2464
2017-12-11,2471.49
2017-12-12,2461
2017-12-13,2480.55
2017-12-14,2469.48
2017-12-15,2482.07
2017-12-16,2482.07
2017-12-17,2482.07
2017-12-18,2481.88
2017-12-19,2478.53
2017-12-20,2472.37
2017-12-21,2429.83
2017-12-22,2440.54
2017-12-23,2440.54
2017-12-24,2440.54
2017-12-25,2440.54
2017-12-26,2427.34
2017-12-27,2436.67
2017-12-28,2467.49
2017-12-29,2467.49
2017-12-30,2467.49
2017-12-31,2467.49
2018-01-01,2467.49
2018-01-02,2479.65
2018-01-03,2486.35
2018-01-04,2466.46
2018-01-05,2497.52
2018-01-06,2497.52
2018-01-07,2497.52
2018-01-08,2513.28
2018-01-09,2510.23
2018-01-10,2499.75
2018-01-11,2487.91
2018-01-12,2496.42
2018-01-13,2496.42
2018-01-14,2496.42
2018-01-15,2503.73
2018-01-16,2521.74
2018-01-17,2515.43
2018-01-18,2515.81
2018-01-19,2520.26
2018-01-20,2520.26
2018-01-21,2520.26
2018-01-22,2502.11
2018-01-23,2536.6
2018-01-24,2538
2018-01-25,2562.23
2018-01-26,2574.76
2018-01-27,2574.76
2018-01-28,2574.76
2018-01-29,2598.19
2018-01-30,2567.74
2018-01-31,2566.46
2018-02-01,2568.54
2018-02-02,2525.39
2018-02-03,2525.39
2018-02-04,2525.39
2018-02-05,2491.75
2018-02-06,2453.31
2018-02-07,2396.56
2018-02-08,2407.62
2018-02-09,2363.77
2018-02-10,2363.77
2018-02-11,2363.77
2018-02-12,2385.38
2018-02-13,2395.19
2018-02-14,2421.83
2018-02-15,2421.83
2018-02-16,2421.83
2018-02-17,2421.83
2018-02-18,2421.83
2018-02-19,2442.82
2018-02-20,2415.12
2018-02-21,2429.65
2018-02-22,2414.28
2018-02-23,2451.52
2018-02-24,2451.52
2018-02-25,2451.52
2018-02-26,2457.65
2018-02-27,2456.14
2018-02-28,2427.36
2018-03-01,2427.36
2018-03-02,2402.16
2018-03-03,2402.16
2018-03-04,2402.16
2018-03-05,2375.06
2018-03-06,2411.41
2018-03-07,2401.82
2018-03-08,2433.08
2018-03-09,2459.45
2018-03-10,2459.45
2018-03-11,2459.45
2018-03-12,2484.12
2018-03-13,2494.49
2018-03-14,2486.08
2018-03-15,2492.38
2018-03-16,2493.97
2018-03-17,2493.97
2018-03-18,2493.97
2018-03-19,2475.03
2018-03-20,2485.52
2018-03-21,2484.97
2018-03-22,2496.02
2018-03-23,2416.76
2018-03-24,2416.76
2018-03-25,2416.76
2018-03-26,2437.08
2018-03-27,2452.06
2018-03-28,2419.29
2018-03-29,2436.37
2018-03-30,2445.85
2018-03-31,2445.85
2018-04-01,2445.85
2018-04-02,2444.16
2018-04-03,2442.43
2018-04-04,2408.06
2018-04-05,2437.52
2018-04-06,2429.58
2018-04-07,2429.58
2018-04-08,2429.58
2018-04-09,2444.08
2018-04-10,2450.74
2018-04-11,2444.22
2018-04-12,2442.71
2018-04-13,2455.07
2018-04-14,2455.07
2018-04-15,2455.07
2018-04-16,2457.49
2018-04-17,2453.77
2018-04-18,2479.98
2018-04-19,2486.1
2018-04-20,2476.33
2018-04-21,2476.33
2018-04-22,2476.33
2018-04-23,2474.11
2018-04-24,2464.14
2018-04-25,2448.81
2018-04-26,2475.64
2018-04-27,2492.4
2018-04-28,2492.4
2018-04-29,2492.4
2018-04-30,2515.38
2018-05-01,2515.38
2018-05-02,2505.61
2018-05-03,2487.25
2018-05-04,2461.38
2018-05-05,2461.38
2018-05-06,2461.38
2018-05-07,2461.38
2018-05-08,2449.81
2018-05-09,2443.98
2018-05-10,2464.16
2018-05-11,2477.71
2018-05-12,2477.71
2018-05-13,2477.71
2018-05-14,2476.11
2018-05-15,2458.54
2018-05-16,2459.82
2018-05-17,2448.45
2018-05-18,2460.65
2018-05-19,2460.65
2018-05-20,2460.65
2018-05-21,2465.57
2018-05-22,2465.57
2018-05-23,2471.91
2018-05-24,2466.01
2018-05-25,2460.8
2018-05-26,2460.8
2018-05-27,2460.8
2018-05-28,2478.96
2018-05-29,2457.25
2018-05-30,2409.03
2018-05-31,2423.01
2018-06-01,2438.96
2018-06-02,2438.96
2018-06-03,2438.96
2018-06-04,2447.76
2018-06-05,2453.76
2018-06-06,2453.76
2018-06-07,2470.58
2018-06-08,2451.58
2018-06-09,2451.58
2018-06-10,2451.58
2018-06-11,2470.15
2018-06-12,2468.83
2018-06-13,2468.83
2018-06-14,2423.48
2018-06-15,2404.04
2018-06-16,2404.04
2018-06-17,2404.04
2018-06-18,2376.24
2018-06-19,2340.11
2018-06-20,2363.91
2018-06-21,2337.83
2018-06-22,2357.22
2018-06-23,2357.22
2018-06-24,2357.22
2018-06-25,2357.88
2018-06-26,2350.92
2018-06-27,2342.03
2018-06-28,2314.24
2018-06-29,2326.13
2018-06-30,2326.13
2018-07-01,2326.13
2018-07-02,2271.54
2018-07-03,2272.76
2018-07-04,2265.46
2018-07-05,2257.55
2018-07-06,2272.87
2018-07-07,2272.87
2018-07-08,2272.87
2018-07-09,2285.8
2018-07-10,2294.16
2018-07-11,2280.62
2018-07-12,2285.06
2018-07-13,2310.9
2018-07-14,2310.9
2018-07-15,2310.9
2018-07-16,2301.99
2018-07-17,2297.92
2018-07-18,2290.11
2018-07-19,2282.29
2018-07-20,2289.19
2018-07-21,2289.19
2018-07-22,2289.19
2018-07-23,2269.31
2018-07-24,2280.2
2018-07-25,2273.03
2018-07-26,2289.06
2018-07-27,2294.99
2018-07-28,2294.99
2018-07-29,2294.99
2018-07-30,2293.51
2018-07-31,2295.26
2018-08-01,2307.07
2018-08-02,2270.2
2018-08-03,2287.68
2018-08-04,2287.68
2018-08-05,2287.68
2018-08-06,2286.5
2018-08-07,2300.16
2018-08-08,2301.45
2018-08-09,2303.71
2018-08-10,2282.79
2018-08-11,2282.79
2018-08-12,2282.79
2018-08-13,2248.45
2018-08-14,2258.91
2018-08-15,2258.91
2018-08-16,2240.8
2018-08-17,2247.05
2018-08-18,2247.05
2018-08-19,2247.05
2018-08-20,2247.88
2018-08-21,2270.06
2018-08-22,2273.33
2018-08-23,2282.6
2018-08-24,2293.21
2018-08-25,2293.21
2018-08-26,2293.21
2018-08-27,2299.3
2018-08-28,2303.12
2018-08-29,2309.03
2018-08-30,2307.35
2018-08-31,2322.88
2018-09-01,2322.88
2018-09-02,2322.88
2018-09-03,2307.03
2018-09-04,2315.72
2018-09-05,2291.77
2018-09-06,2287.61
2018-09-07,2281.58
2018-09-08,2281.58
2018-09-09,2281.58
2018-09-10,2288.66
2018-09-11,2283.2
2018-09-12,2282.92
2018-09-13,2286.23
2018-09-14,2318.25
2018-09-15,2318.25
2018-09-16,2318.25
2018-09-17,2303.01
2018-09-18,2308.98
2018-09-19,2308.46
2018-09-20,2323.45
2018-09-21,2339.17
2018-09-22,2339.17
2018-09-23,2339.17
2018-09-24,2339.17
2018-09-25,2339.17
2018-09-26,2339.17
2018-09-27,2355.43
2018-09-28,2343.07
2018-09-29,2343.07
2018-09-30,2343.07
2018-10-01,2338.88
2018-10-02,2309.57
2018-10-03,2309.57
2018-10-04,2274.49
2018-10-05,2267.52
2018-10-06,2267.52
2018-10-07,2267.52
2018-10-08,2253.83
2018-10-09,2253.83
2018-10-10,2228.61
2018-10-11,2129.67
2018-10-12,2161.85
2018-10-13,2161.85
2018-10-14,2161.85
2018-10-15,2145.12
2018-10-16,2145.12
2018-10-17,2167.51
2018-10-18,2148.31
2018-10-19,2156.26
2018-10-20,2156.26
2018-10-21,2156.26
2018-10-22,2161.71
2018-10-23,2106.1
2018-10-24,2097.58
2018-10-25,2063.3
2018-10-26,2027.15
2018-10-27,2027.15
2018-10-28,2027.15
2018-10-29,1996.05
2018-10-30,2014.69
2018-10-31,2029.69
2018-11-01,2024.46
2018-11-02,2096
2018-11-03,2096
2018-11-04,2096
2018-11-05,2076.92
2018-11-06,2089.62
2018-11-07,2078.69
2018-11-08,2092.63
2018-11-09,2086.09
2018-11-10,2086.09
2018-11-11,2086.09
2018-11-12,2080.44
2018-11-13,2071.23
2018-11-14,2068.05
2018-11-15,2088.06
2018-11-16,2092.4
2018-11-17,2092.4
2018-11-18,2092.4
2018-11-19,2100.56
2018-11-20,2082.58
2018-11-21,2076.55
2018-11-22,2069.95
2018-11-23,2057.48
2018-11-24,2057.48
2018-11-25,2057.48
2018-11-26,2083.02
2018-11-27,2099.42
2018-11-28,2108.22
2018-11-29,2114.1
2018-11-30,2096.86
2018-12-01,2096.86
2018-12-02,2096.86
2018-12-03,2131.93
2018-12-04,2114.35
2018-12-05,2101.31
2018-12-06,2068.69
2018-12-07,2075.76
2018-12-08,2075.76
2018-12-09,2075.76
2018-12-10,2053.79
2018-12-11,2052.97
2018-12-12,2082.57
2018-12-13,2095.55
2018-12-14,2069.38
2018-12-15,2069.38
2018-12-16,2069.38
2018-12-17,2071.09
2018-12-18,2062.11
2018-12-19,2078.84
2018-12-20,2060.12
2018-12-21,2061.49
2018-12-22,2061.49
2018-12-23,2061.49
2018-12-24,2055.01
2018-12-25,2055.01
2018-12-26,2028.01
2018-12-27,2028.44
2018-12-28,2041.04
2018-12-29,2041.04
2018-12-30,2041.04
2018-12-31,2041.04
2019-01-01,2041.04
2019-01-02,2010
2019-01-03,1993.7
2019-01-04,2010.25
2019-01-05,2010.25
2019-01-06,2010.25
2019-01-07,2037.1
2019-01-08,2025.27
2019-01-09,2064.71
2019-01-10,2063.28
2019-01-11,2075.57
2019-01-12,2075.57
2019-01-13,2075.57
2019-01-14,2064.52
2019-01-15,2097.18
2019-01-16,2106.1
2019-01-17,2107.06
2019-01-18,2124.28
2019-01-19,2124.28
2019-01-20,2124.28
2019-01-21,2124.61
2019-01-22,2117.77
2019-01-23,2127.78
2019-01-24,2145.03
2019-01-25,2177.73
2019-01-26,2177.73
2019-01-27,2177.73
2019-01-28,2177.3
2019-01-29,2183.36
2019-01-30,2206.2
2019-01-31,2204.85
2019-02-01,2203.46
2019-02-02,2203.46
2019-02-03,2203.46
2019-02-04,2203.46
2019-02-05,2203.46
2019-02-06,2203.46
2019-02-07,2203.42
2019-02-08,2177.05
2019-02-09,2177.05
2019-02-10,2177.05
2019-02-11,2180.73
2019-02-12,2190.47
2019-02-13,2201.48
2019-02-14,2225.85
2019-02-15,2196.09
2019-02-16,2196.09
2019-02-17,2196.09
2019-02-18,2210.89
2019-02-19,2205.63
2019-02-20,2229.76
2019-02-21,2228.66
2019-02-22,2230.5
2019-02-23,2230.5
2019-02-24,2230.5
2019-02-25,2232.56
2019-02-26,2226.6
2019-02-27,2234.79
2019-02-28,2195.44
2019-03-01,2195.44
2019-03-02,2195.44
2019-03-03,2195.44
2019-03-04,2190.66
2019-03-05,2179.23
2019-03-06,2175.6
2019-03-07,2165.79
2019-03-08,2137.44
2019-03-09,2137.44
2019-03-10,2137.44
2019-03-11,2138.1
2019-03-12,2157.18
2019-03-13,2148.41
2019-03-14,2155.68
2019-03-15,2176.11
2019-03-16,2176.11
2019-03-17,2176.11
2019-03-18,2179.49
2019-03-19,2177.62
2019-03-20,2177.1
2019-03-21,2184.88
2019-03-22,2186.95
2019-03-23,2186.95
2019-03-24,2186.95
2019-03-25,2144.86
2019-03-26,2148.8
2019-03-27,2145.62
2019-03-28,2128.1
2019-03-29,2140.67
2019-03-30,2140.67
2019-03-31,2140.67
2019-04-01,2168.28
2019-04-02,2177.18
2019-04-03,2203.27
2019-04-04,2206.53
2019-04-05,2209.61
2019-04-06,2209.61
2019-04-07,2209.61
2019-04-08,2210.6
2019-04-09,2213.56
2019-04-10,2224.39
2019-04-11,2224.44
2019-04-12,2233.45
2019-04-13,2233.45
2019-04-14,2233.45
2019-04-15,2242.88
2019-04-16,2248.63
2019-04-17,2245.89
2019-04-18,2213.77
2019-04-19,2216.15
2019-04-20,2216.15
2019-04-21,2216.15
2019-04-22,2216.65
2019-04-23,2220.51
2019-04-24,2201.03
2019-04-25,2190.5
2019-04-26,2179.31
2019-04-27,2179.31
2019-04-28,2179.31
2019-04-29,2216.43
2019-04-30,2203.59
2019-05-01,2203.59
2019-05-02,2212.75
2019-05-03,2196.32
2019-05-04,2196.32
2019-05-05,2196.32
2019-05-06,2196.32
2019-05-07,2176.99
2019-05-08,2168.01
2019-05-09,2102.01
2019-05-10,2108.04
2019-05-11,2108.04
2019-05-12,2108.04
2019-05-13,2079.01
2019-05-14,2081.84
2019-05-15,2092.78
2019-05-16,2067.69
2019-05-17,2055.8
2019-05-18,2055.8
2019-05-19,2055.8
2019-05-20,2055.71
2019-05-21,2061.25
2019-05-22,2064.86
2019-05-23,2059.59
2019-05-24,2045.31
2019-05-25,2045.31
2019-05-26,2045.31
2019-05-27,2044.21
2019-05-28,2048.83
2019-05-29,2023.32
2019-05-30,2038.8
2019-05-31,2041.74
2019-06-01,2041.74
2019-06-02,2041.74
2019-06-03,2067.85
2019-06-04,2066.97
2019-06-05,2069.11
2019-06-06,2069.11
2019-06-07,2072.33
2019-06-08,2072.33
2019-06-09,2072.33
2019-06-10,2099.49
2019-06-11,2111.81
2019-06-12,2108.75
2019-06-13,2103.15
2019-06-14,2095.41
2019-06-15,2095.41
2019-06-16,2095.41
2019-06-17,2090.73
2019-06-18,2098.71
2019-06-19,2124.78
2019-06-20,2131.29
2019-06-21,2125.62
2019-06-22,2125.62
2019-06-23,2125.62
2019-06-24,2126.33
2019-06-25,2121.64
2019-06-26,2121.85
2019-06-27,2134.32
2019-06-28,2130.62
2019-06-29,2130.62
2019-06-30,2130.62
2019-07-01,2129.74
2019-07-02,2122.02
2019-07-03,2096.02
2019-07-04,2108.73
2019-07-05,2110.59
2019-07-06,2110.59
2019-07-07,2110.59
2019-07-08,2064.17
2019-07-09,2052.03
2019-07-10,2058.78
2019-07-11,2080.58
2019-07-12,2086.66
2019-07-13,2086.66
2019-07-14,2086.66
2019-07-15,2082.48
2019-07-16,2091.87
2019-07-17,2072.92
2019-07-18,2066.55
2019-07-19,2094.36
2019-07-20,2094.36
2019-07-21,2094.36
2019-07-22,2093.34
2019-07-23,2101.45
2019-07-24,2082.3
2019-07-25,2074.48
2019-07-26,2066.26
2019-07-27,2066.26
2019-07-28,2066.26
2019-07-29,2029.48
2019-07-30,2038.68
2019-07-31,2024.55
2019-08-01,2017.34
2019-08-02,1998.13
2019-08-03,1998.13
2019-08-04,1998.13
2019-08-05,1946.98
2019-08-06,1917.5
2019-08-07,1909.71
2019-08-08,1920.61
2019-08-09,1937.75
2019-08-10,1937.75
2019-08-11,1937.75
2019-08-12,1942.29
2019-08-13,1925.83
2019-08-14,1938.37
2019-08-15,1938.37
2019-08-16,1927.17
2019-08-17,1927.17
2019-08-18,1927.17
2019-08-19,1939.9
2019-08-20,1960.25
2019-08-21,1964.65
2019-08-22,1951.01
2019-08-23,1948.3
2019-08-24,1948.3
2019-08-25,1948.3
2019-08-26,1916.31
2019-08-27,1924.6
2019-08-28,1941.09
2019-08-29,1933.41
2019-08-30,1967.79
2019-08-31,1967.79
2019-09-01,1967.79
2019-09-02,1969.19
2019-09-03,1965.69
2019-09-04,1988.53
2019-09-05,2004.75
2019-09-06,2009.13
2019-09-07,2009.13
2019-09-08,2009.13
2019-09-09,2019.55
2019-09-10,2032.08
2019-09-11,2049.2
2019-09-12,2049.2
2019-09-13,2049.2
2019-09-14,2049.2
2019-09-15,2049.2
2019-09-16,2062.22
2019-09-17,2062.33
2019-09-18,2070.73
2019-09-19,2080.35
2019-09-20,2091.52
2019-09-21,2091.52
2019-09-22,2091.52
2019-09-23,2091.7
2019-09-24,2101.04
2019-09-25,2073.39
2019-09-26,2074.52
2019-09-27,2049.93
2019-09-28,2049.93
2019-09-29,2049.93
2019-09-30,2063.05
2019-10-01,2072.42
2019-10-02,2031.91
2019-10-03,2031.91
2019-10-04,2020.69
2019-10-05,2020.69
2019-10-06,2020.69
2019-10-07,2021.73
2019-10-08,2046.25
2019-10-09,2046.25
2019-10-10,2028.15
2019-10-11,2044.61
2019-10-12,2044.61
2019-10-13,2044.61
2019-10-14,2067.4
2019-10-15,2068.17
2019-10-16,2082.83
2019-10-17,2077.94
2019-10-18,2060.69
2019-10-19,2060.69
2019-10-20,2060.69
2019-10-21,2064.84
2019-10-22,2088.86
2019-10-23,2080.62
2019-10-24,2085.66
2019-10-25,2087.89
2019-10-26,2087.89
2019-10-27,2087.89
2019-10-28,2093.6
2019-10-29,2092.69
2019-10-30,2080.27
2019-10-31,2083.48
2019-11-01,2100.2
2019-11-02,2100.2
2019-11-03,2100.2
2019-11-04,2130.24
2019-11-05,2142.64
2019-11-06,2144.15
2019-11-07,2144.29
2019-11-08,2137.23
2019-11-09,2137.23
2019-11-10,2137.23
2019-11-11,2124.09
2019-11-12,2140.92
2019-11-13,2122.45
2019-11-14,2139.23
2019-11-15,2162.18
2019-11-16,2162.18
2019-11-17,2162.18
2019-11-18,2160.69
2019-11-19,2153.24
2019-11-20,2125.32
2019-11-21,2096.6
2019-11-22,2101.96
2019-11-23,2101.96
2019-11-24,2101.96
2019-11-25,2123.5
2019-11-26,2121.35
2019-11-27,2127.85
2019-11-28,2118.6
2019-11-29,2087.96
2019-11-30,2087.96
2019-12-01,2087.96
2019-12-02,2091.92
2019-12-03,2084.07
2019-12-04,2068.89
2019-12-05,2060.74
2019-12-06,2081.85
2019-12-07,2081.85
2019-12-08,2081.85
2019-12-09,2088.65
2019-12-10,2098
2019-12-11,2105.62
2019-12-12,2137.35
2019-12-13,2170.25
2019-12-14,2170.25
2019-12-15,2170.25
2019-12-16,2168.15
2019-12-17,2195.68
2019-12-18,2194.76
2019-12-19,2196.56
2019-12-20,2204.18
2019-12-21,2204.18
2019-12-22,2204.18
2019-12-23,2203.71
2019-12-24,2190.08
2019-12-25,2190.08
2019-12-26,2197.93
2019-12-27,2204.21
2019-12-28,2204.21
2019-12-29,2204.21
2019-12-30,2197.67
2019-12-31,2197.67
2020-01-01,2197.67
2020-01-02,2175.17
2020-01-03,2176.46
2020-01-04,2176.46
2020-01-05,2176.46
2020-01-06,2155.07
2020-01-07,2175.54
2020-01-08,2151.31
2020-01-09,2186.45
2020-01-10,2206.39
2020-01-11,2206.39
2020-01-12,2206.39
2020-01-13,2229.26
2020-01-14,2238.88
2020-01-15,2230.98
2020-01-16,2248.05
2020-01-17,2250.57
2020-01-18,2250.57
2020-01-19,2250.57
2020-01-20,2262.64
2020-01-21,2239.69
2020-01-22,2267.25
2020-01-23,2246.13
2020-01-24,2246.13
2020-01-25,2246.13
2020-01-26,2246.13
2020-01-27,2246.13
2020-01-28,2176.72
2020-01-29,2185.28
2020-01-30,2148
2020-01-31,2119.01
2020-02-01,2119.01
2020-02-02,2119.01
2020-02-03,2118.88
2020-02-04,2157.9
2020-02-05,2165.63
2020-02-06,2227.94
2020-02-07,2211.95
2020-02-08,2211.95
2020-02-09,2211.95
2020-02-10,2201.07
2020-02-11,2223.12
2020-02-12,2238.38
2020-02-13,2232.96
2020-02-14,2243.59
2020-02-15,2243.59
2020-02-16,2243.59
2020-02-17,2242.17
2020-02-18,2208.88
2020-02-19,2210.34
2020-02-20,2195.5
2020-02-21,2162.84
2020-02-22,2162.84
2020-02-23,2162.84
2020-02-24,2079.04
2020-02-25,2103.61
2020-02-26,2076.77
2020-02-27,2054.89
2020-02-28,1987.01
2020-02-29,1987.01
2020-03-01,1987.01
2020-03-02,2002.51
2020-03-03,2014.15
2020-03-04,2059.33
2020-03-05,2085.26
2020-03-06,2040.22
2020-03-07,2040.22
2020-03-08,2040.22
2020-03-09,1954.77
2020-03-10,1962.93
2020-03-11,1908.27
2020-03-12,1834.33
2020-03-13,1771.44
2020-03-14,1771.44
2020-03-15,1771.44
2020-03-16,1714.86
2020-03-17,1672.44
2020-03-18,1591.2
2020-03-19,1457.64
2020-03-20,1566.15
2020-03-21,1566.15
2020-03-22,1566.15
2020-03-23,1482.46
2020-03-24,1609.97
2020-03-25,1704.76
2020-03-26,1686.24
2020-03-27,1717.73
2020-03-28,1717.73
2020-03-29,1717.73
2020-03-30,1717.12
2020-03-31,1754.64
2020-04-01,1685.46
2020-04-02,1724.86
2020-04-03,1725.44
2020-04-04,1725.44
2020-04-05,1725.44
2020-04-06,1791.88
2020-04-07,1823.6
2020-04-08,1807.14
2020-04-09,1836.21
2020-04-10,1860.7
2020-04-11,1860.7
2020-04-12,1860.7
2020-04-13,1825.76
2020-04-14,1857.08
2020-04-15,1857.08
2020-04-16,1857.07
2020-04-17,1914.53
2020-04-18,1914.53
2020-04-19,1914.53
2020-04-20,1898.36
2020-04-21,1879.38
2020-04-22,1896.15
2020-04-23,1914.73
2020-04-24,1889.01
2020-04-25,1889.01
2020-04-26,1889.01
2020-04-27,1922.77
2020-04-28,1934.09
2020-04-29,1947.56
2020-04-30,1947.56
2020-05-01,1947.56
2020-05-02,1947.56
2020-05-03,1947.56
2020-05-04,1895.37
2020-05-05,1895.37
2020-05-06,1928.76
2020-05-07,1928.61
2020-05-08,1945.82
2020-05-09,1945.82
2020-05-10,1945.82
2020-05-11,1935.4
2020-05-12,1922.17
2020-05-13,1940.42
2020-05-14,1924.96
2020-05-15,1927.28
2020-05-16,1927.28
2020-05-17,1927.28
2020-05-18,1937.11
2020-05-19,1980.61
2020-05-20,1989.64
2020-05-21,1998.31
2020-05-22,1970.13
2020-05-23,1970.13
2020-05-24,1970.13
2020-05-25,1994.6
2020-05-26,2029.78
2020-05-27,2031.2
2020-05-28,2028.54
2020-05-29,2029.6
2020-05-30,2029.6
2020-05-31,2029.6
2020-06-01,2065.08
2020-06-02,2087.19
2020-06-03,2147
2020-06-04,2151.18
2020-06-05,2181.87
2020-06-06,2181.87
2020-06-07,2181.87
2020-06-08,2184.29
2020-06-09,2188.92
2020-06-10,2195.69
2020-06-11,2176.78
2020-06-12,2132.3
2020-06-13,2132.3
2020-06-14,2132.3
2020-06-15,2030.82
2020-06-16,2138.05
2020-06-17,2141.05
2020-06-18,2133.48
2020-06-19,2141.32
2020-06-20,2141.32
2020-06-21,2141.32
2020-06-22,2126.73
2020-06-23,2131.24
2020-06-24,2161.51
2020-06-25,2112.37
2020-06-26,2134.65
2020-06-27,2134.65
2020-06-28,2134.65
2020-06-29,2093.48
2020-06-30,2108.33
2020-07-01,2106.7
2020-07-02,2135.37
2020-07-03,2152.41
2020-07-04,2152.41
2020-07-05,2152.41
2020-07-06,2187.93
2020-07-07,2164.17
2020-07-08,2158.88
2020-07-09,2167.9
2020-07-10,2150.25
2020-07-11,2150.25
2020-07-12,2150.25
2020-07-13,2186.06
2020-07-14,2183.61
2020-07-15,2201.88
2020-07-16,2183.76
2020-07-17,2201.19
2020-07-18,2201.19
2020-07-19,2201.19
2020-07-20,2198.2
2020-07-21,2228.83
2020-07-22,2228.66
2020-07-23,2216.19
2020-07-24,2200.44
2020-07-25,2200.44
2020-07-26,2200.44
2020-07-27,2217.86
2020-07-28,2256.99
2020-07-29,2263.16
2020-07-30,2267.01
2020-07-31,2249.37
2020-08-01,2249.37
2020-08-02,2249.37
2020-08-03,2251.04
2020-08-04,2279.97
2020-08-05,2311.86
2020-08-06,2342.61
2020-08-07,2351.67
2020-08-08,2351.67
2020-08-09,2351.67
2020-08-10,2386.38
2020-08-11,2418.67
2020-08-12,2432.35
2020-08-13,2437.53
2020-08-14,2407.49
2020-08-15,2407.49
2020-08-16,2407.49
2020-08-17,2407.49
2020-08-18,2348.24
2020-08-19,2360.54
2020-08-20,2274.22
2020-08-21,2304.59
2020-08-22,2304.59
2020-08-23,2304.59
2020-08-24,2329.83
2020-08-25,2366.73
2020-08-26,2369.32
2020-08-27,2344.45
2020-08-28,2353.8
2020-08-29,2353.8
2020-08-30,2353.8
2020-08-31,2326.17
2020-09-01,2349.55
2020-09-02,2364.27
2020-09-03,2395.9
2020-09-04,2368.25
2020-09-05,2368.25
2020-09-06,2368.25
2020-09-07,2384.22
2020-09-08,2401.91
2020-09-09,2375.81
2020-09-10,2396.48
2020-09-11,2396.69
2020-09-12,2396.69
2020-09-13,2396.69
2020-09-14,2427.91
2020-09-15,2443.58
2020-09-16,2435.92
2020-09-17,2406.17
2020-09-18,2412.4
2020-09-19,2412.4
2020-09-20,2412.4
2020-09-21,2389.39
2020-09-22,2332.59
2020-09-23,2333.24
2020-09-24,2272.7
2020-09-25,2278.79
2020-09-26,2278.79
2020-09-27,2278.79
2020-09-28,2308.08
2020-09-29,2327.89
2020-09-30,2327.89
2020-10-01,2327.89
2020-10-02,2327.89
2020-10-03,2327.89
2020-10-04,2327.89
2020-10-05,2358
