적용일자,총수익지수,전일대비,순가격지수,전일대비
2010-01-01,121.68,-0.12,100.58,-0.17
2010-01-04,121.56,-0.12,100.47,-0.11
2010-01-05,121.88,0.32,100.73,0.26
2010-01-06,121.81,-0.07,100.65,-0.08
2010-01-07,122.21,0.4,100.97,0.32
2010-01-08,122.12,-0.09,100.86,-0.11
2010-01-11,122.24,0.12,100.95,0.09
2010-01-12,122.44,0.2,101.1,0.15
2010-01-13,122.59,0.15,101.21,0.11
2010-01-14,122.56,-0.03,101.18,-0.03
2010-01-15,122.46,-0.1,101.05,-0.13
2010-01-18,122.35,-0.11,100.95,-0.1
2010-01-19,122.51,0.16,101.07,0.12
2010-01-20,122.59,0.08,101.12,0.05
2010-01-21,122.67,0.08,101.18,0.06
2010-01-22,122.73,0.06,101.19,0.01
2010-01-25,122.66,-0.07,101.12,-0.07
2010-01-26,122.81,0.15,101.23,0.11
2010-01-27,122.75,-0.06,101.17,-0.06
2010-01-28,122.51,-0.24,100.95,-0.22
2010-01-29,122.71,0.2,101.08,0.13
2010-02-01,122.7,-0.01,101.06,-0.02
2010-02-02,122.73,0.03,101.07,0.01
2010-02-03,122.77,0.04,101.09,0.02
2010-02-04,122.79,0.02,101.09,0
2010-02-05,123.01,0.22,101.24,0.15
2010-02-08,123.01,0,101.23,-0.01
2010-02-09,122.96,-0.05,101.18,-0.05
2010-02-10,122.92,-0.04,101.13,-0.05
2010-02-11,123.28,0.36,101.41,0.28
2010-02-12,123.46,0.18,101.51,0.1
2010-02-16,123.51,0.05,101.55,0.04
2010-02-17,123.45,-0.06,101.48,-0.07
2010-02-18,123.53,0.08,101.53,0.05
2010-02-19,123.36,-0.17,101.36,-0.17
2010-02-22,123.34,-0.02,101.33,-0.03
2010-02-23,123.41,0.07,101.37,0.04
2010-02-24,123.77,0.36,101.66,0.29
2010-02-25,124.06,0.29,101.89,0.23
2010-02-26,124.05,-0.01,101.83,-0.06
2010-03-02,124.06,0.01,101.82,-0.01
2010-03-03,124.21,0.15,101.94,0.12
2010-03-04,124.43,0.22,102.11,0.17
2010-03-05,124.52,0.09,102.14,0.03
2010-03-08,124.27,-0.25,101.92,-0.22
2010-03-09,124.47,0.2,102.08,0.16
2010-03-10,124.58,0.11,102.15,0.07
2010-03-11,125.08,0.5,102.55,0.4
2010-03-12,125.42,0.34,102.79,0.24
2010-03-15,125.31,-0.11,102.69,-0.1
2010-03-16,125.53,0.22,102.86,0.17
2010-03-17,125.81,0.28,103.08,0.22
2010-03-18,125.99,0.18,103.21,0.13
2010-03-19,126.05,0.06,103.22,0.01
2010-03-22,126.21,0.16,103.34,0.12
2010-03-23,125.89,-0.32,103.07,-0.27
2010-03-24,125.38,-0.51,102.63,-0.44
2010-03-25,125.66,0.28,102.85,0.22
2010-03-26,125.62,-0.04,102.79,-0.06
2010-03-29,125.55,-0.07,102.71,-0.08
2010-03-30,125.27,-0.28,102.47,-0.24
2010-03-31,125.32,0.05,102.5,0.03
2010-04-01,125.5,0.18,102.64,0.14
2010-04-02,125.6,0.1,102.68,0.04
2010-04-05,125.56,-0.04,102.63,-0.05
2010-04-06,125.62,0.06,102.67,0.04
2010-04-07,125.9,0.28,102.89,0.22
2010-04-08,126.2,0.3,103.13,0.24
2010-04-09,126.07,-0.13,102.98,-0.15
2010-04-12,125.79,-0.28,102.73,-0.25
2010-04-13,125.7,-0.09,102.64,-0.09
2010-04-14,125.63,-0.07,102.57,-0.07
2010-04-15,125.56,-0.07,102.51,-0.06
2010-04-16,125.73,0.17,102.61,0.1
2010-04-19,125.95,0.22,102.78,0.17
2010-04-20,125.98,0.03,102.79,0.01
2010-04-21,125.94,-0.04,102.74,-0.05
2010-04-22,126.04,0.1,102.81,0.07
2010-04-23,126.12,0.08,102.84,0.03
2010-04-26,126.2,0.08,102.9,0.06
2010-04-27,126.49,0.29,103.12,0.22
2010-04-28,126.68,0.19,103.27,0.15
2010-04-29,126.81,0.13,103.36,0.09
2010-04-30,126.76,-0.05,103.28,-0.08
2010-05-03,126.5,-0.26,103.05,-0.23
2010-05-04,126.56,0.06,103.07,0.02
2010-05-06,126.42,-0.14,102.95,-0.12
2010-05-07,126.3,-0.12,102.81,-0.14
2010-05-10,126.39,0.09,102.87,0.06
2010-05-11,126.61,0.22,103.04,0.17
2010-05-12,126.26,-0.35,102.74,-0.3
2010-05-13,126.07,-0.19,102.57,-0.17
2010-05-14,126.25,0.18,102.68,0.11
2010-05-17,126.04,-0.21,102.49,-0.19
2010-05-18,126.19,0.15,102.61,0.12
2010-05-19,126.16,-0.03,102.57,-0.04
2010-05-20,126.19,0.03,102.54,-0.03
2010-05-24,126.7,0.51,102.95,0.41
2010-05-25,126.91,0.21,103.11,0.16
2010-05-26,126.62,-0.29,102.86,-0.25
2010-05-27,126.79,0.17,102.98,0.12
2010-05-28,126.84,0.05,102.99,0.01
2010-05-31,126.92,0.08,103.05,0.06
2010-06-01,127.09,0.17,103.16,0.11
2010-06-03,127.06,-0.03,103.12,-0.04
2010-06-04,126.93,-0.13,102.98,-0.14
2010-06-07,127.13,0.2,103.13,0.15
2010-06-08,127.15,0.02,103.13,0
2010-06-09,127.22,0.07,103.17,0.04
2010-06-10,127.1,-0.12,103.06,-0.11
2010-06-11,126.83,-0.27,102.81,-0.25
2010-06-14,126.93,0.1,102.87,0.06
2010-06-15,126.92,-0.01,102.85,-0.02
2010-06-16,126.89,-0.03,102.82,-0.03
2010-06-17,126.94,0.05,102.85,0.03
2010-06-18,126.92,-0.02,102.8,-0.05
2010-06-21,126.58,-0.34,102.5,-0.3
2010-06-22,126.47,-0.11,102.4,-0.1
2010-06-23,126.43,-0.04,102.36,-0.04
2010-06-24,126.45,0.02,102.36,0
2010-06-25,126.49,0.04,102.35,-0.01
2010-06-28,126.61,0.12,102.44,0.09
2010-06-29,126.65,0.04,102.46,0.02
2010-06-30,126.86,0.21,102.62,0.16
2010-07-01,127.09,0.23,102.79,0.17
2010-07-02,127.14,0.05,102.8,0.01
2010-07-05,127.09,-0.05,102.74,-0.06
2010-07-06,127.18,0.09,102.81,0.07
2010-07-07,126.92,-0.26,102.58,-0.23
2010-07-08,126.77,-0.15,102.45,-0.13
2010-07-09,126.71,-0.06,102.36,-0.09
2010-07-12,126.73,0.02,102.36,0
2010-07-13,126.76,0.03,102.38,0.02
2010-07-14,126.73,-0.03,102.34,-0.04
2010-07-15,126.93,0.2,102.49,0.15
2010-07-16,127,0.07,102.5,0.01
2010-07-19,127.05,0.05,102.53,0.03
2010-07-20,127.09,0.04,102.56,0.03
2010-07-21,127.18,0.09,102.62,0.06
2010-07-22,127.35,0.17,102.75,0.13
2010-07-23,127.47,0.12,102.8,0.05
2010-07-26,127.38,-0.09,102.72,-0.08
2010-07-27,127.39,0.01,102.71,-0.01
2010-07-28,127.5,0.11,102.79,0.08
2010-07-29,127.64,0.14,102.9,0.11
2010-07-30,127.7,0.06,102.9,0
2010-08-02,127.57,-0.13,102.79,-0.11
2010-08-03,127.54,-0.03,102.75,-0.04
2010-08-04,127.73,0.19,102.89,0.14
2010-08-05,127.55,-0.18,102.73,-0.16
2010-08-06,127.48,-0.07,102.64,-0.09
2010-08-09,127.48,0,102.62,-0.02
2010-08-10,127.48,0,102.61,-0.01
2010-08-11,127.84,0.36,102.89,0.28
2010-08-12,128.07,0.23,103.06,0.17
2010-08-13,128.15,0.08,103.09,0.03
2010-08-16,128.25,0.1,103.17,0.08
2010-08-17,128.27,0.02,103.17,0
2010-08-18,128.4,0.13,103.26,0.09
2010-08-19,129.01,0.61,103.75,0.49
2010-08-20,129.09,0.08,103.77,0.02
2010-08-23,129.21,0.12,103.86,0.09
2010-08-24,129.36,0.15,103.97,0.11
2010-08-25,129.25,-0.11,103.87,-0.1
2010-08-26,129.66,0.41,104.19,0.32
2010-08-27,129.72,0.06,104.2,0.01
2010-08-30,129.67,-0.05,104.14,-0.06
2010-08-31,129.89,0.22,104.31,0.17
2010-09-01,129.79,-0.1,104.22,-0.09
2010-09-02,129.66,-0.13,104.1,-0.12
2010-09-03,129.64,-0.02,104.05,-0.05
2010-09-06,129.4,-0.24,103.84,-0.21
2010-09-07,129.59,0.19,103.98,0.14
2010-09-08,129.9,0.31,104.22,0.24
2010-09-09,130.63,0.73,104.81,0.59
2010-09-10,130.62,-0.01,104.76,-0.05
2010-09-13,130.57,-0.05,104.7,-0.06
2010-09-14,130.82,0.25,104.89,0.19
2010-09-15,130.71,-0.11,104.8,-0.09
2010-09-16,130.85,0.14,104.89,0.09
2010-09-17,130.64,-0.21,104.69,-0.2
2010-09-20,130.45,-0.19,104.49,-0.2
2010-09-24,130.83,0.38,104.76,0.27
2010-09-27,131.05,0.22,104.93,0.17
2010-09-28,131.22,0.17,105.06,0.13
2010-09-29,131.45,0.23,105.23,0.17
2010-09-30,131.48,0.03,105.24,0.01
2010-10-01,131.92,0.44,105.56,0.32
2010-10-04,131.89,-0.03,105.52,-0.04
2010-10-05,131.97,0.08,105.57,0.05
2010-10-06,131.97,0,105.57,0
2010-10-07,131.88,-0.09,105.48,-0.09
2010-10-08,131.94,0.06,105.49,0.01
2010-10-11,131.85,-0.09,105.41,-0.08
2010-10-12,132,0.15,105.52,0.11
2010-10-13,131.91,-0.09,105.44,-0.08
2010-10-14,132.63,0.72,106,0.56
2010-10-15,132.82,0.19,106.12,0.12
2010-10-18,132.73,-0.09,106.03,-0.09
2010-10-19,132.4,-0.33,105.76,-0.27
2010-10-20,132.01,-0.39,105.43,-0.33
2010-10-21,131.79,-0.22,105.24,-0.19
2010-10-22,131.86,0.07,105.26,0.02
2010-10-25,131.65,-0.21,105.08,-0.18
2010-10-26,131.52,-0.13,104.97,-0.11
2010-10-27,131.27,-0.25,104.76,-0.21
2010-10-28,131.66,0.39,105.05,0.29
2010-10-29,131.54,-0.12,104.92,-0.13
2010-11-01,131.18,-0.36,104.62,-0.3
2010-11-02,130.79,-0.39,104.3,-0.32
2010-11-03,130.98,0.19,104.43,0.13
2010-11-04,130.79,-0.19,104.27,-0.16
2010-11-05,130.38,-0.41,103.91,-0.36
2010-11-08,130.43,0.05,103.94,0.03
2010-11-09,130.43,0,103.93,-0.01
2010-11-10,130.52,0.09,103.98,0.05
2010-11-11,130.6,0.08,104.04,0.06
2010-11-12,130.57,-0.03,103.97,-0.07
2010-11-15,130.51,-0.06,103.92,-0.05
2010-11-16,131.07,0.56,104.35,0.43
2010-11-17,131.14,0.07,104.4,0.05
2010-11-18,131.23,0.09,104.46,0.06
2010-11-19,131.32,0.09,104.49,0.03
2010-11-22,131.2,-0.12,104.39,-0.1
2010-11-23,131.18,-0.02,104.36,-0.03
2010-11-24,131.19,0.01,104.36,0
2010-11-25,131.4,0.21,104.52,0.16
2010-11-26,131.28,-0.12,104.38,-0.14
2010-11-29,131.6,0.32,104.63,0.25
2010-11-30,131.91,0.31,104.87,0.24
2010-12-01,131.94,0.03,104.88,0.01
2010-12-02,131.91,-0.03,104.84,-0.04
2010-12-03,132.07,0.16,104.93,0.09
2010-12-06,132.04,-0.03,104.9,-0.03
2010-12-07,132.29,0.25,105.09,0.19
2010-12-08,131.8,-0.49,104.69,-0.4
2010-12-09,131.6,-0.2,104.51,-0.18
2010-12-10,131.75,0.15,104.6,0.09
2010-12-13,131.43,-0.32,104.33,-0.27
2010-12-14,131.23,-0.2,104.16,-0.17
2010-12-15,130.65,-0.58,103.69,-0.47
2010-12-16,131.01,0.36,103.97,0.28
2010-12-17,131.02,0.01,103.94,-0.03
2010-12-20,131.03,0.01,103.93,-0.01
2010-12-21,131.52,0.49,104.32,0.39
2010-12-22,131.81,0.29,104.53,0.21
2010-12-23,131.67,-0.14,104.41,-0.12
2010-12-24,131.52,-0.15,104.26,-0.15
2010-12-27,131.55,0.03,104.28,0.02
2010-12-28,131.36,-0.19,104.11,-0.17
2010-12-29,131.26,-0.1,104.02,-0.09
2010-12-30,131.5,0.24,104.17,0.15
2011-01-03,131.1,-0.4,103.83,-0.34
2011-01-04,131.03,-0.07,103.77,-0.06
2011-01-05,130.9,-0.13,103.65,-0.12
2011-01-06,130.63,-0.27,103.43,-0.22
2011-01-07,130.46,-0.17,103.26,-0.17
2011-01-10,130.64,0.18,103.39,0.13
2011-01-11,130.57,-0.07,103.33,-0.06
2011-01-12,130.85,0.28,103.53,0.2
2011-01-13,130.68,-0.17,103.39,-0.14
2011-01-14,130.51,-0.17,103.22,-0.17
2011-01-17,130.54,0.03,103.23,0.01
2011-01-18,130.63,0.09,103.29,0.06
2011-01-19,130.32,-0.31,103.03,-0.26
2011-01-20,130.18,-0.14,102.91,-0.12
2011-01-21,130.28,0.1,102.95,0.04
2011-01-24,130.15,-0.13,102.84,-0.11
2011-01-25,130,-0.15,102.71,-0.13
2011-01-26,130.08,0.08,102.77,0.06
2011-01-27,130.16,0.08,102.81,0.04
2011-01-28,130.23,0.07,102.84,0.03
2011-01-31,130.05,-0.18,102.68,-0.16
2011-02-01,130.11,0.06,102.66,-0.02
2011-02-07,129.75,-0.36,102.36,-0.3
2011-02-08,129.7,-0.05,102.32,-0.04
2011-02-09,129.84,0.14,102.42,0.1
2011-02-10,130.04,0.2,102.57,0.15
2011-02-11,130.02,-0.02,102.52,-0.05
2011-02-14,130.08,0.06,102.55,0.03
2011-02-15,130.13,0.05,102.58,0.03
2011-02-16,130.21,0.08,102.63,0.05
2011-02-17,130.21,0,102.62,-0.01
2011-02-18,130.29,0.08,102.65,0.03
2011-02-21,130.34,0.05,102.68,0.03
2011-02-22,130.66,0.32,102.93,0.25
2011-02-23,130.73,0.07,102.97,0.04
2011-02-24,131,0.27,103.17,0.2
2011-02-25,130.99,-0.01,103.13,-0.04
2011-02-28,131.01,0.02,103.13,0
2011-03-02,130.98,-0.03,103.09,-0.04
2011-03-03,130.74,-0.24,102.89,-0.2
2011-03-04,130.73,-0.01,102.85,-0.04
2011-03-07,130.79,0.06,102.88,0.03
2011-03-08,130.97,0.18,103.02,0.14
2011-03-09,131.21,0.24,103.2,0.18
2011-03-10,131.77,0.56,103.63,0.43
2011-03-11,131.97,0.2,103.75,0.12
2011-03-14,132.32,0.35,104.02,0.27
2011-03-15,132.87,0.55,104.45,0.43
2011-03-16,132.28,-0.59,103.97,-0.48
2011-03-17,132.18,-0.1,103.88,-0.09
2011-03-18,132.06,-0.12,103.76,-0.12
2011-03-21,131.85,-0.21,103.58,-0.18
2011-03-22,131.98,0.13,103.67,0.09
2011-03-23,132.08,0.1,103.73,0.06
2011-03-24,132.24,0.16,103.85,0.12
2011-03-25,131.99,-0.25,103.62,-0.23
2011-03-28,132.05,0.06,103.66,0.04
2011-03-29,132.13,0.08,103.71,0.05
2011-03-30,131.91,-0.22,103.53,-0.18
2011-03-31,132.12,0.21,103.68,0.15
2011-04-01,132.32,0.2,103.81,0.13
2011-04-04,132.36,0.04,103.83,0.02
2011-04-05,132.37,0.01,103.83,0
2011-04-06,132.3,-0.07,103.76,-0.07
2011-04-07,132.26,-0.04,103.72,-0.04
2011-04-08,132.16,-0.1,103.61,-0.11
2011-04-11,131.95,-0.21,103.43,-0.18
2011-04-12,132.11,0.16,103.55,0.12
2011-04-13,132.25,0.14,103.64,0.09
2011-04-14,132.23,-0.02,103.62,-0.02
2011-04-15,132.25,0.02,103.6,-0.02
2011-04-18,132.53,0.28,103.81,0.21
2011-04-19,132.53,0,103.8,-0.01
2011-04-20,132.48,-0.05,103.75,-0.05
2011-04-21,132.22,-0.26,103.54,-0.21
2011-04-22,132.2,-0.02,103.49,-0.05
2011-04-25,132.05,-0.15,103.36,-0.13
2011-04-26,132.15,0.1,103.43,0.07
2011-04-27,132.12,-0.03,103.39,-0.04
2011-04-28,132.25,0.13,103.49,0.1
2011-04-29,132.43,0.18,103.59,0.1
2011-05-02,132.49,0.06,103.63,0.04
2011-05-03,132.46,-0.03,103.59,-0.04
2011-05-04,132.52,0.06,103.62,0.03
2011-05-06,132.61,0.09,103.66,0.04
2011-05-09,132.72,0.11,103.73,0.07
2011-05-11,132.82,0.1,103.8,0.07
2011-05-12,133.02,0.2,103.94,0.14
2011-05-13,133.17,0.15,104.03,0.09
2011-05-16,133.19,0.02,104.03,0
2011-05-17,133.3,0.11,104.11,0.08
2011-05-18,133.31,0.01,104.11,0
2011-05-19,133.37,0.06,104.14,0.03
2011-05-20,133.35,-0.02,104.09,-0.05
2011-05-23,133.6,0.25,104.28,0.19
2011-05-24,133.65,0.05,104.31,0.03
2011-05-25,133.82,0.17,104.43,0.12
2011-05-26,133.69,-0.13,104.32,-0.11
2011-05-27,133.78,0.09,104.36,0.04
2011-05-30,133.89,0.11,104.43,0.07
2011-05-31,133.85,-0.04,104.39,-0.04
2011-06-01,133.59,-0.26,104.18,-0.21
2011-06-02,133.98,0.39,104.48,0.3
2011-06-03,133.96,-0.02,104.42,-0.06
2011-06-07,134.2,0.24,104.59,0.17
2011-06-08,134.21,0.01,104.59,0
2011-06-09,134.14,-0.07,104.53,-0.06
2011-06-10,133.59,-0.55,104.06,-0.47
2011-06-13,133.72,0.13,104.15,0.09
2011-06-14,133.58,-0.14,104.03,-0.12
2011-06-15,133.58,0,104.02,-0.01
2011-06-16,133.91,0.33,104.27,0.25
2011-06-17,133.67,-0.24,104.05,-0.22
2011-06-20,133.88,0.21,104.2,0.15
2011-06-21,133.8,-0.08,104.13,-0.07
2011-06-22,133.85,0.05,104.16,0.03
2011-06-23,133.81,-0.04,104.12,-0.04
2011-06-24,133.74,-0.07,104.03,-0.09
2011-06-27,133.75,0.01,104.03,0
2011-06-28,133.72,-0.03,103.99,-0.04
2011-06-29,133.58,-0.14,103.87,-0.12
2011-06-30,133.56,-0.02,103.85,-0.02
2011-07-01,133.45,-0.11,103.73,-0.12
2011-07-04,133.5,0.05,103.76,0.03
2011-07-05,133.54,0.04,103.78,0.02
2011-07-06,133.58,0.04,103.8,0.02
2011-07-07,133.58,0,103.79,-0.01
2011-07-08,133.39,-0.19,103.61,-0.18
2011-07-11,133.53,0.14,103.7,0.09
2011-07-12,134.04,0.51,104.1,0.4
2011-07-13,134.13,0.09,104.16,0.06
2011-07-14,134.19,0.06,104.19,0.03
2011-07-15,134.22,0.03,104.19,0
2011-07-18,134.43,0.21,104.34,0.15
2011-07-19,134.42,-0.01,104.32,-0.02
2011-07-20,134.27,-0.15,104.19,-0.13
2011-07-21,134.14,-0.13,104.08,-0.11
2011-07-22,133.94,-0.2,103.89,-0.19
2011-07-25,134.01,0.07,103.93,0.04
2011-07-26,133.8,-0.21,103.76,-0.17
2011-07-27,133.91,0.11,103.84,0.08
2011-07-28,134.05,0.14,103.93,0.09
2011-07-29,133.95,-0.1,103.83,-0.1
2011-08-01,133.81,-0.14,103.7,-0.13
2011-08-02,133.99,0.18,103.84,0.14
2011-08-03,134.32,0.33,104.08,0.24
2011-08-04,134.58,0.26,104.27,0.19
2011-08-05,135.13,0.55,104.68,0.41
2011-08-08,135.03,-0.1,104.59,-0.09
2011-08-09,135.12,0.09,104.64,0.05
2011-08-10,135.68,0.56,105.07,0.43
2011-08-11,135.69,0.01,105.07,0
2011-08-12,135.82,0.13,105.13,0.06
2011-08-16,135.72,-0.1,105.04,-0.09
2011-08-17,135.66,-0.06,104.99,-0.05
2011-08-18,135.65,-0.01,104.96,-0.03
2011-08-19,136.03,0.38,105.23,0.27
2011-08-22,136.09,0.06,105.27,0.04
2011-08-23,135.93,-0.16,105.13,-0.14
2011-08-24,136.15,0.22,105.29,0.16
2011-08-25,136.2,0.05,105.32,0.03
2011-08-26,136.22,0.02,105.31,-0.01
2011-08-29,136.1,-0.12,105.2,-0.11
2011-08-30,136.2,0.1,105.27,0.07
2011-08-31,136.18,-0.02,105.24,-0.03
2011-09-01,136.45,0.27,105.44,0.2
2011-09-02,136.58,0.13,105.51,0.07
2011-09-05,137.12,0.54,105.93,0.42
2011-09-06,137.04,-0.08,105.85,-0.08
2011-09-07,136.87,-0.17,105.71,-0.14
2011-09-08,136.95,0.08,105.75,0.04
2011-09-09,137.21,0.26,105.91,0.16
2011-09-14,137.56,0.35,106.17,0.26
2011-09-15,137.2,-0.36,105.88,-0.29
2011-09-16,137.02,-0.18,105.71,-0.17
2011-09-19,136.5,-0.52,105.3,-0.41
2011-09-20,136.59,0.09,105.35,0.05
2011-09-21,136.39,-0.2,105.19,-0.16
2011-09-22,136.5,0.11,105.26,0.07
2011-09-23,136.85,0.35,105.51,0.25
2011-09-26,136.64,-0.21,105.33,-0.18
2011-09-27,136.88,0.24,105.51,0.18
2011-09-28,136.42,-0.46,105.14,-0.37
2011-09-29,136.39,-0.03,105.11,-0.03
2011-09-30,136.38,-0.01,105.06,-0.05
2011-10-04,136.85,0.47,105.41,0.35
2011-10-05,136.99,0.14,105.51,0.1
2011-10-06,137.02,0.03,105.52,0.01
2011-10-07,136.95,-0.07,105.44,-0.08
2011-10-10,136.84,-0.11,105.34,-0.1
2011-10-11,136.88,0.04,105.37,0.03
2011-10-12,136.97,0.09,105.43,0.06
2011-10-13,137.24,0.27,105.63,0.2
2011-10-14,137.33,0.09,105.67,0.04
2011-10-17,136.9,-0.43,105.32,-0.35
2011-10-18,137.05,0.15,105.43,0.11
2011-10-19,137.12,0.07,105.47,0.04
2011-10-20,137.08,-0.04,105.43,-0.04
2011-10-21,136.71,-0.37,105.11,-0.32
2011-10-24,136.66,-0.05,105.06,-0.05
2011-10-25,136.67,0.01,105.06,0
2011-10-26,136.87,0.2,105.2,0.14
2011-10-27,136.82,-0.05,105.15,-0.05
2011-10-28,136.63,-0.19,104.98,-0.17
2011-10-31,136.97,0.34,105.23,0.25
2011-11-01,137.18,0.21,105.38,0.15
2011-11-02,137.22,0.04,105.4,0.02
2011-11-03,137.34,0.12,105.49,0.09
2011-11-04,137.31,-0.03,105.43,-0.06
2011-11-07,137.48,0.17,105.55,0.12
2011-11-08,137.58,0.1,105.62,0.07
2011-11-09,137.61,0.03,105.63,0.01
2011-11-10,137.87,0.26,105.82,0.19
2011-11-11,137.66,-0.21,105.63,-0.19
2011-11-14,137.54,-0.12,105.53,-0.1
2011-11-15,137.66,0.12,105.61,0.08
2011-11-16,137.84,0.18,105.74,0.13
2011-11-17,137.7,-0.14,105.62,-0.12
2011-11-18,137.81,0.11,105.68,0.06
2011-11-21,137.83,0.02,105.68,0
2011-11-22,137.75,-0.08,105.61,-0.07
2011-11-23,137.91,0.16,105.72,0.11
2011-11-24,137.96,0.05,105.75,0.03
2011-11-25,137.73,-0.23,105.54,-0.21
2011-11-28,137.66,-0.07,105.48,-0.06
2011-11-29,137.73,0.07,105.52,0.04
2011-11-30,138,0.27,105.72,0.2
2011-12-01,137.91,-0.09,105.64,-0.08
2011-12-02,137.98,0.07,105.67,0.03
2011-12-05,138.04,0.06,105.7,0.03
2011-12-06,138.02,-0.02,105.67,-0.03
2011-12-07,138.06,0.04,105.69,0.02
2011-12-08,137.98,-0.08,105.62,-0.07
2011-12-09,138,0.02,105.6,-0.02
2011-12-12,138.04,0.04,105.62,0.02
2011-12-13,138.14,0.1,105.69,0.07
2011-12-14,138.2,0.06,105.73,0.04
2011-12-15,138.27,0.07,105.77,0.04
2011-12-16,138.25,-0.02,105.72,-0.05
2011-12-19,137.82,-0.43,105.38,-0.34
2011-12-20,138.1,0.28,105.59,0.21
2011-12-21,138.18,0.08,105.64,0.05
2011-12-22,138.16,-0.02,105.61,-0.03
2011-12-23,138.07,-0.09,105.51,-0.1
2011-12-26,138.13,0.06,105.54,0.03
2011-12-27,138.12,-0.01,105.53,-0.01
2011-12-28,138.14,0.02,105.53,0
2011-12-29,138.56,0.42,105.81,0.28
2012-01-02,138.49,-0.07,105.75,-0.06
2012-01-03,138.45,-0.04,105.71,-0.04
2012-01-04,138.44,-0.01,105.69,-0.02
2012-01-05,138.51,0.07,105.73,0.04
2012-01-06,138.53,0.02,105.72,-0.01
2012-01-09,138.43,-0.1,105.63,-0.09
2012-01-10,138.45,0.02,105.63,0
2012-01-11,138.47,0.02,105.64,0.01
2012-01-12,138.5,0.03,105.65,0.01
2012-01-13,138.56,0.06,105.67,0.02
2012-01-16,138.63,0.07,105.71,0.04
2012-01-17,138.54,-0.09,105.63,-0.08
2012-01-18,138.64,0.1,105.69,0.06
2012-01-19,138.56,-0.08,105.62,-0.07
2012-01-20,138.43,-0.13,105.47,-0.15
2012-01-25,138.53,0.1,105.53,0.06
2012-01-26,138.52,-0.01,105.52,-0.01
2012-01-27,138.64,0.12,105.58,0.06
2012-01-30,138.86,0.22,105.74,0.16
2012-01-31,138.83,-0.03,105.7,-0.04
2012-02-01,138.88,0.05,105.73,0.03
2012-02-02,138.82,-0.06,105.68,-0.05
2012-02-03,138.84,0.02,105.65,-0.03
2012-02-06,138.77,-0.07,105.6,-0.05
2012-02-07,138.65,-0.12,105.49,-0.11
2012-02-08,138.54,-0.11,105.4,-0.09
2012-02-09,138.52,-0.02,105.37,-0.03
2012-02-10,138.57,0.05,105.38,0.01
2012-02-13,138.59,0.02,105.38,0
2012-02-14,138.66,0.07,105.42,0.04
2012-02-15,138.59,-0.07,105.36,-0.06
2012-02-16,138.73,0.14,105.46,0.1
2012-02-17,138.64,-0.09,105.36,-0.1
2012-02-20,138.54,-0.1,105.27,-0.09
2012-02-21,138.6,0.06,105.31,0.04
2012-02-22,138.61,0.01,105.3,-0.01
2012-02-23,138.75,0.14,105.4,0.1
2012-02-24,138.75,0,105.37,-0.03
2012-02-27,138.85,0.1,105.44,0.07
2012-02-28,138.93,0.08,105.48,0.04
2012-02-29,138.92,-0.01,105.45,-0.03
2012-03-02,138.71,-0.21,105.26,-0.19
2012-03-05,138.66,-0.05,105.21,-0.05
2012-03-06,138.63,-0.03,105.18,-0.03
2012-03-07,138.66,0.03,105.2,0.02
2012-03-08,138.78,0.12,105.27,0.07
2012-03-09,138.71,-0.07,105.19,-0.08
2012-03-12,138.88,0.17,105.31,0.12
2012-03-13,138.91,0.03,105.32,0.01
2012-03-14,138.74,-0.17,105.18,-0.14
2012-03-15,138.43,-0.31,104.93,-0.25
2012-03-16,138.34,-0.09,104.83,-0.1
2012-03-19,138.17,-0.17,104.69,-0.14
2012-03-20,138.21,0.04,104.71,0.02
2012-03-21,138.06,-0.15,104.59,-0.12
2012-03-22,138.02,-0.04,104.55,-0.04
2012-03-23,138,-0.02,104.5,-0.05
2012-03-26,138.16,0.16,104.61,0.11
2012-03-27,138.2,0.04,104.63,0.02
2012-03-28,138.38,0.18,104.76,0.13
2012-03-29,138.51,0.13,104.85,0.09
2012-03-30,138.68,0.17,104.95,0.1
2012-04-02,138.55,-0.13,104.84,-0.11
2012-04-03,138.7,0.15,104.94,0.1
2012-04-04,138.62,-0.08,104.87,-0.07
2012-04-05,138.67,0.05,104.9,0.03
2012-04-06,138.75,0.08,104.93,0.03
2012-04-09,139.06,0.31,105.16,0.23
2012-04-10,139.07,0.01,105.14,-0.02
2012-04-12,139.07,0,105.13,-0.01
2012-04-13,139.1,0.03,105.13,0
2012-04-16,139.34,0.24,105.29,0.16
2012-04-17,139.38,0.04,105.31,0.02
2012-04-18,139.3,-0.08,105.24,-0.07
2012-04-19,139.33,0.03,105.26,0.02
2012-04-20,139.41,0.08,105.29,0.03
2012-04-23,139.47,0.06,105.32,0.03
2012-04-24,139.48,0.01,105.32,0
2012-04-25,139.31,-0.17,105.18,-0.14
2012-04-26,139.41,0.1,105.24,0.06
2012-04-27,139.54,0.13,105.32,0.08
2012-04-30,139.74,0.2,105.45,0.13
2012-05-02,139.68,-0.06,105.39,-0.06
2012-05-03,139.81,0.13,105.48,0.09
2012-05-04,139.94,0.13,105.54,0.06
2012-05-07,140.13,0.19,105.68,0.14
2012-05-08,140.04,-0.09,105.61,-0.07
2012-05-09,140.16,0.12,105.68,0.07
2012-05-10,140.02,-0.14,105.57,-0.11
2012-05-11,140.19,0.17,105.66,0.09
2012-05-14,140.25,0.06,105.7,0.04
2012-05-15,140.32,0.07,105.75,0.05
2012-05-16,140.25,-0.07,105.68,-0.07
2012-05-17,140.26,0.01,105.68,0
2012-05-18,140.43,0.17,105.77,0.09
2012-05-21,140.33,-0.1,105.69,-0.08
2012-05-22,140.41,0.08,105.74,0.05
2012-05-23,140.49,0.08,105.79,0.05
2012-05-24,140.51,0.02,105.8,0.01
2012-05-25,140.53,0.02,105.77,-0.03
2012-05-29,140.55,0.02,105.77,0
2012-05-30,140.56,0.01,105.77,0
2012-05-31,140.78,0.22,105.93,0.16
2012-06-01,141,0.22,106.07,0.14
2012-06-04,141.34,0.34,106.32,0.25
2012-06-05,141.2,-0.14,106.18,-0.14
2012-06-07,140.97,-0.23,106,-0.18
2012-06-08,141.41,0.44,106.32,0.32
2012-06-11,141.01,-0.4,106,-0.32
2012-06-12,141.2,0.19,106.12,0.12
2012-06-13,141.04,-0.16,106,-0.12
2012-06-14,141.28,0.24,106.17,0.17
2012-06-15,141.25,-0.03,106.11,-0.06
2012-06-18,141.11,-0.14,106,-0.11
2012-06-19,141.22,0.11,106.07,0.07
2012-06-20,141.02,-0.2,105.91,-0.16
2012-06-21,141.15,0.13,106,0.09
2012-06-22,141.3,0.15,106.09,0.09
2012-06-25,141.35,0.05,106.11,0.02
2012-06-26,141.38,0.03,106.12,0.01
2012-06-27,141.47,0.09,106.18,0.06
2012-06-28,141.55,0.08,106.23,0.05
2012-06-29,141.37,-0.18,106.06,-0.17
2012-07-02,141.41,0.04,106.09,0.03
2012-07-03,141.51,0.1,106.15,0.06
2012-07-04,141.59,0.08,106.2,0.05
2012-07-05,141.7,0.11,106.27,0.07
2012-07-06,141.83,0.13,106.34,0.07
2012-07-09,141.97,0.14,106.44,0.1
2012-07-10,141.94,-0.03,106.41,-0.03
2012-07-11,142.04,0.1,106.47,0.06
2012-07-12,143.07,1.03,107.24,0.77
2012-07-13,143.45,0.38,107.5,0.26
2012-07-16,143.5,0.05,107.53,0.03
2012-07-17,143.77,0.27,107.72,0.19
2012-07-18,143.86,0.09,107.78,0.06
2012-07-19,143.87,0.01,107.78,0
2012-07-20,143.86,-0.01,107.73,-0.05
2012-07-23,144.28,0.42,108.05,0.32
2012-07-24,144.33,0.05,108.07,0.02
2012-07-25,144.73,0.4,108.36,0.29
2012-07-26,144.7,-0.03,108.33,-0.03
2012-07-27,144.12,-0.58,107.86,-0.47
2012-07-30,144.15,0.03,107.87,0.01
2012-07-31,144.18,0.03,107.89,0.02
2012-08-01,144.26,0.08,107.94,0.05
2012-08-02,144.48,0.22,108.09,0.15
2012-08-03,144.72,0.24,108.25,0.16
2012-08-06,144.74,0.02,108.25,0
2012-08-07,144.74,0,108.24,-0.01
2012-08-08,144.83,0.09,108.3,0.06
2012-08-09,144.49,-0.34,108.04,-0.26
2012-08-10,144.66,0.17,108.13,0.09
2012-08-13,144.56,-0.1,108.05,-0.08
2012-08-14,144.32,-0.24,107.85,-0.2
2012-08-16,143.77,-0.55,107.42,-0.43
2012-08-17,144,0.23,107.57,0.15
2012-08-20,144.02,0.02,107.57,0
2012-08-21,144.23,0.21,107.72,0.15
2012-08-22,144.17,-0.06,107.67,-0.05
2012-08-23,144.4,0.23,107.83,0.16
2012-08-24,144.61,0.21,107.95,0.12
2012-08-27,144.79,0.18,108.08,0.13
2012-08-28,144.81,0.02,108.08,0
2012-08-29,144.99,0.18,108.21,0.13
2012-08-30,145.01,0.02,108.22,0.01
2012-08-31,145.08,0.07,108.24,0.02
2012-09-03,145.26,0.18,108.36,0.12
2012-09-04,145.17,-0.09,108.29,-0.07
2012-09-05,145.3,0.13,108.37,0.08
2012-09-06,145.31,0.01,108.37,0
2012-09-07,144.95,-0.36,108.07,-0.3
2012-09-10,145.08,0.13,108.16,0.09
2012-09-11,145.25,0.17,108.28,0.12
2012-09-12,145.06,-0.19,108.13,-0.15
2012-09-13,144.76,-0.3,107.89,-0.24
2012-09-14,144.87,0.11,107.94,0.05
2012-09-17,144.7,-0.17,107.81,-0.13
2012-09-18,144.81,0.11,107.88,0.07
2012-09-19,144.73,-0.08,107.81,-0.07
2012-09-20,144.97,0.24,107.98,0.17
2012-09-21,145,0.03,107.98,0
2012-09-24,145.17,0.17,108.1,0.12
2012-09-25,145.26,0.09,108.15,0.05
2012-09-26,145.28,0.02,108.16,0.01
2012-09-27,145.21,-0.07,108.09,-0.07
2012-09-28,145.35,0.14,108.16,0.07
2012-10-02,145.61,0.26,108.34,0.18
2012-10-04,145.74,0.13,108.42,0.08
2012-10-05,145.67,-0.07,108.34,-0.08
2012-10-08,145.66,-0.01,108.33,-0.01
2012-10-09,145.67,0.01,108.33,0
2012-10-10,146,0.33,108.56,0.23
2012-10-11,145.89,-0.11,108.47,-0.09
2012-10-12,145.76,-0.13,108.34,-0.13
2012-10-15,145.79,0.03,108.35,0.01
2012-10-16,145.73,-0.06,108.3,-0.05
2012-10-17,145.56,-0.17,108.16,-0.14
2012-10-18,145.37,-0.19,108.02,-0.14
2012-10-19,145.48,0.11,108.06,0.04
2012-10-22,145.36,-0.12,107.96,-0.1
2012-10-23,145.43,0.07,108.01,0.05
2012-10-24,145.61,0.18,108.14,0.13
2012-10-25,145.63,0.02,108.14,0
2012-10-26,145.74,0.11,108.19,0.05
2012-10-29,145.76,0.02,108.2,0.01
2012-10-30,145.82,0.06,108.23,0.03
2012-10-31,145.89,0.07,108.28,0.05
2012-11-01,145.92,0.03,108.29,0.01
2012-11-02,145.85,-0.07,108.21,-0.08
2012-11-05,145.8,-0.05,108.16,-0.05
2012-11-06,145.85,0.05,108.19,0.03
2012-11-07,145.89,0.04,108.21,0.02
2012-11-08,146.02,0.13,108.29,0.08
2012-11-09,145.91,-0.11,108.19,-0.1
2012-11-12,145.89,-0.02,108.16,-0.03
2012-11-13,146,0.11,108.23,0.07
2012-11-14,145.99,-0.01,108.21,-0.02
2012-11-15,146.05,0.06,108.25,0.04
2012-11-16,146.06,0.01,108.23,-0.02
2012-11-19,146.02,-0.04,108.19,-0.04
2012-11-20,145.98,-0.04,108.15,-0.04
2012-11-21,145.96,-0.02,108.13,-0.02
2012-11-22,145.85,-0.11,108.04,-0.09
2012-11-23,145.75,-0.1,107.93,-0.11
2012-11-26,145.89,0.14,108.03,0.1
2012-11-27,145.8,-0.09,107.95,-0.08
2012-11-28,145.9,0.1,108.02,0.07
2012-11-29,145.91,0.01,108.01,-0.01
2012-11-30,145.88,-0.03,107.96,-0.05
2012-12-03,145.91,0.03,107.97,0.01
2012-12-04,145.94,0.03,107.99,0.02
2012-12-05,145.73,-0.21,107.83,-0.16
2012-12-06,145.78,0.05,107.86,0.03
2012-12-07,145.94,0.16,107.96,0.1
2012-12-10,145.84,-0.1,107.87,-0.09
2012-12-11,145.84,0,107.86,-0.01
2012-12-12,145.8,-0.04,107.82,-0.04
2012-12-13,145.68,-0.12,107.72,-0.1
2012-12-14,145.62,-0.06,107.65,-0.07
2012-12-17,145.62,0,107.64,-0.01
2012-12-18,145.45,-0.17,107.5,-0.14
2012-12-20,145.48,0.03,107.51,0.01
2012-12-21,145.7,0.22,107.64,0.13
2012-12-24,145.62,-0.08,107.57,-0.07
2012-12-26,145.49,-0.13,107.46,-0.11
2012-12-27,145.62,0.13,107.55,0.09
2012-12-28,145.89,0.27,107.7,0.15
2013-01-02,145.89,0,107.69,-0.01
2013-01-03,146.22,0.33,107.92,0.23
2013-01-04,146.32,0.1,107.97,0.05
2013-01-07,146.32,0,107.96,-0.01
2013-01-08,146.53,0.21,108.11,0.15
2013-01-09,146.56,0.03,108.12,0.01
2013-01-10,146.86,0.3,108.33,0.21
2013-01-11,146.62,-0.24,108.13,-0.2
2013-01-14,146.58,-0.04,108.09,-0.04
2013-01-15,146.78,0.2,108.23,0.14
2013-01-16,146.81,0.03,108.24,0.01
2013-01-17,146.93,0.12,108.32,0.08
2013-01-18,146.79,-0.14,108.19,-0.13
2013-01-21,146.84,0.05,108.21,0.02
2013-01-22,146.89,0.05,108.25,0.04
2013-01-23,146.95,0.06,108.28,0.03
2013-01-24,147.02,0.07,108.32,0.04
2013-01-25,147.03,0.01,108.3,-0.02
2013-01-28,146.94,-0.09,108.23,-0.07
2013-01-29,146.8,-0.14,108.12,-0.11
2013-01-30,146.65,-0.15,107.99,-0.13
2013-01-31,146.68,0.03,108.01,0.02
2013-02-01,146.63,-0.05,107.94,-0.07
2013-02-04,146.68,0.05,107.97,0.03
2013-02-05,146.84,0.16,108.08,0.11
2013-02-06,146.92,0.08,108.13,0.05
2013-02-07,147.02,0.1,108.19,0.06
2013-02-08,147,-0.02,108.14,-0.05
2013-02-12,147.16,0.16,108.25,0.11
2013-02-13,147.02,-0.14,108.13,-0.12
2013-02-14,146.98,-0.04,108.1,-0.03
2013-02-15,147.08,0.1,108.14,0.04
2013-02-18,147.17,0.09,108.2,0.06
2013-02-19,147.32,0.15,108.3,0.1
2013-02-20,147.23,-0.09,108.23,-0.07
2013-02-21,147.38,0.15,108.32,0.09
2013-02-22,147.35,-0.03,108.28,-0.04
2013-02-25,147.45,0.1,108.34,0.06
2013-02-26,147.71,0.26,108.53,0.19
2013-02-27,147.86,0.15,108.62,0.09
2013-02-28,147.89,0.03,108.61,-0.01
2013-03-04,147.87,-0.02,108.59,-0.02
2013-03-05,147.93,0.06,108.62,0.03
2013-03-06,147.9,-0.03,108.59,-0.03
2013-03-07,147.7,-0.2,108.43,-0.16
2013-03-08,147.73,0.03,108.43,0
2013-03-11,147.67,-0.06,108.37,-0.06
2013-03-12,148.01,0.34,108.61,0.24
2013-03-13,148.07,0.06,108.65,0.04
2013-03-14,147.88,-0.19,108.5,-0.15
2013-03-15,148.14,0.26,108.67,0.17
2013-03-18,148.28,0.14,108.76,0.09
2013-03-19,148.32,0.04,108.78,0.02
2013-03-20,148.32,0,108.77,-0.01
2013-03-21,148.33,0.01,108.77,0
2013-03-22,148.44,0.11,108.83,0.06
2013-03-25,148.47,0.03,108.84,0.01
2013-03-26,148.48,0.01,108.83,-0.01
2013-03-27,148.53,0.05,108.86,0.03
2013-03-28,149.19,0.66,109.34,0.48
2013-03-29,149.07,-0.12,109.23,-0.11
2013-04-01,148.99,-0.08,109.16,-0.07
2013-04-02,149.1,0.11,109.23,0.07
2013-04-03,149.16,0.06,109.27,0.04
2013-04-04,149.2,0.04,109.29,0.02
2013-04-05,149.34,0.14,109.37,0.08
2013-04-08,149.29,-0.05,109.32,-0.05
2013-04-09,149.11,-0.18,109.18,-0.14
2013-04-10,149.18,0.07,109.22,0.04
2013-04-11,148.28,-0.9,108.55,-0.67
2013-04-12,148.07,-0.21,108.37,-0.18
2013-04-15,148.2,0.13,108.46,0.09
2013-04-16,148.64,0.44,108.77,0.31
2013-04-17,148.55,-0.09,108.7,-0.07
2013-04-18,148.76,0.21,108.84,0.14
2013-04-19,148.74,-0.02,108.8,-0.04
2013-04-22,148.72,-0.02,108.78,-0.02
2013-04-23,148.81,0.09,108.84,0.06
2013-04-24,148.79,-0.02,108.81,-0.03
2013-04-25,149.07,0.28,109,0.19
2013-04-26,149.29,0.22,109.15,0.15
2013-04-29,149.39,0.1,109.21,0.06
2013-04-30,149.44,0.05,109.23,0.02
2013-05-02,149.85,0.41,109.52,0.29
2013-05-03,149.76,-0.09,109.43,-0.09
2013-05-06,149.29,-0.47,109.08,-0.35
2013-05-07,149.35,0.06,109.11,0.03
2013-05-08,149.23,-0.12,109.01,-0.1
2013-05-09,149.26,0.03,109.03,0.02
2013-05-10,149.14,-0.12,108.91,-0.12
2013-05-13,149.03,-0.11,108.82,-0.09
2013-05-14,149.14,0.11,108.89,0.07
2013-05-15,149.07,-0.07,108.83,-0.06
2013-05-16,149.13,0.06,108.84,0.01
2013-05-20,148.94,-0.19,108.69,-0.15
2013-05-21,148.94,0,108.68,-0.01
2013-05-22,148.89,-0.05,108.64,-0.04
2013-05-23,148.81,-0.08,108.57,-0.07
2013-05-24,148.87,0.06,108.58,0.01
2013-05-27,148.99,0.12,108.67,0.09
2013-05-28,148.85,-0.14,108.56,-0.11
2013-05-29,148.24,-0.61,108.1,-0.46
2013-05-30,148.25,0.01,108.1,0
2013-05-31,147.96,-0.29,107.86,-0.24
2013-06-03,147.95,-0.01,107.84,-0.02
2013-06-04,147.91,-0.04,107.8,-0.04
2013-06-05,147.61,-0.3,107.56,-0.24
2013-06-07,147.92,0.31,107.76,0.2
2013-06-10,147.72,-0.2,107.61,-0.15
2013-06-11,147.86,0.14,107.71,0.1
2013-06-12,147.31,-0.55,107.3,-0.41
2013-06-13,147.36,0.05,107.33,0.03
2013-06-14,147.86,0.5,107.66,0.33
2013-06-17,147.74,-0.12,107.57,-0.09
2013-06-18,147.77,0.03,107.58,0.01
2013-06-19,147.71,-0.06,107.53,-0.05
2013-06-20,146.96,-0.75,106.98,-0.55
2013-06-21,146.51,-0.45,106.62,-0.36
2013-06-24,145.72,-0.79,106.04,-0.58
2013-06-25,146.23,0.51,106.4,0.36
2013-06-26,146.47,0.24,106.56,0.16
2013-06-27,146.87,0.4,106.85,0.29
2013-06-28,147.14,0.27,107.02,0.17
2013-07-01,146.56,-0.58,106.59,-0.43
2013-07-02,146.93,0.37,106.85,0.26
2013-07-03,146.87,-0.06,106.8,-0.05
2013-07-04,146.87,0,106.79,-0.01
2013-07-05,146.66,-0.21,106.61,-0.18
2013-07-08,146.34,-0.32,106.37,-0.24
2013-07-09,146.44,0.1,106.44,0.07
2013-07-10,146.84,0.4,106.72,0.28
2013-07-11,147.48,0.64,107.18,0.46
2013-07-12,147.34,-0.14,107.05,-0.13
2013-07-15,147.34,0,107.04,-0.01
2013-07-16,147.34,0,107.04,0
2013-07-17,147.26,-0.08,106.97,-0.07
2013-07-18,147.48,0.22,107.12,0.15
2013-07-19,147.61,0.13,107.19,0.07
2013-07-22,147.61,0,107.18,-0.01
2013-07-23,147.52,-0.09,107.11,-0.07
2013-07-24,147.43,-0.09,107.04,-0.07
2013-07-25,147.01,-0.42,106.72,-0.32
2013-07-26,147.06,0.05,106.73,0.01
2013-07-29,147.28,0.22,106.88,0.15
2013-07-30,147.32,0.04,106.9,0.02
2013-07-31,147.15,-0.17,106.77,-0.13
2013-08-01,147.25,0.1,106.83,0.06
2013-08-02,146.91,-0.34,106.57,-0.26
2013-08-05,147.27,0.36,106.82,0.25
2013-08-06,147.31,0.04,106.84,0.02
2013-08-07,147.03,-0.28,106.63,-0.21
2013-08-08,147.17,0.14,106.72,0.09
2013-08-09,147.2,0.03,106.71,-0.01
2013-08-12,147.41,0.21,106.86,0.15
2013-08-13,147.28,-0.13,106.75,-0.11
2013-08-14,146.9,-0.38,106.47,-0.28
2013-08-16,146.8,-0.1,106.37,-0.1
2013-08-19,146.68,-0.12,106.27,-0.1
2013-08-20,147.06,0.38,106.54,0.27
2013-08-21,146.88,-0.18,106.4,-0.14
2013-08-22,146.76,-0.12,106.3,-0.1
2013-08-23,146.87,0.11,106.36,0.06
2013-08-26,147.22,0.35,106.61,0.25
2013-08-27,147.24,0.02,106.61,0
2013-08-28,147.45,0.21,106.76,0.15
2013-08-29,147.48,0.03,106.77,0.01
2013-08-30,147.72,0.24,106.92,0.15
2013-09-02,147.7,-0.02,106.9,-0.02
2013-09-03,147.49,-0.21,106.73,-0.17
2013-09-04,147.4,-0.09,106.66,-0.07
2013-09-05,147.1,-0.3,106.43,-0.23
2013-09-06,147.02,-0.08,106.35,-0.08
2013-09-09,147.48,0.46,106.68,0.33
2013-09-10,147.52,0.04,106.7,0.02
2013-09-11,147.6,0.08,106.75,0.05
2013-09-12,147.75,0.15,106.85,0.1
2013-09-13,147.6,-0.15,106.71,-0.14
2013-09-16,148.1,0.5,107.07,0.36
2013-09-17,148.38,0.28,107.22,0.15
2013-09-23,148.77,0.39,107.49,0.27
2013-09-24,148.74,-0.03,107.46,-0.03
2013-09-25,148.78,0.04,107.49,0.03
2013-09-26,148.62,-0.16,107.36,-0.13
2013-09-27,148.6,-0.02,107.32,-0.04
2013-09-30,148.81,0.21,107.46,0.14
2013-10-01,148.68,-0.13,107.36,-0.1
2013-10-02,148.79,0.11,107.42,0.06
2013-10-04,148.83,0.04,107.42,0
2013-10-07,148.82,-0.01,107.41,-0.01
2013-10-08,148.68,-0.14,107.29,-0.12
2013-10-10,148.49,-0.19,107.15,-0.14
2013-10-11,148.51,0.02,107.14,-0.01
2013-10-14,148.45,-0.06,107.08,-0.06
2013-10-15,148.42,-0.03,107.05,-0.03
2013-10-16,148.54,0.12,107.13,0.08
2013-10-17,148.66,0.12,107.21,0.08
2013-10-18,148.9,0.24,107.35,0.14
2013-10-21,148.86,-0.04,107.32,-0.03
2013-10-22,148.9,0.04,107.34,0.02
2013-10-23,149.3,0.4,107.62,0.28
2013-10-24,149.15,-0.15,107.5,-0.12
2013-10-25,149.29,0.14,107.58,0.08
2013-10-28,149.14,-0.15,107.46,-0.12
2013-10-29,149.23,0.09,107.52,0.06
2013-10-30,149.4,0.17,107.63,0.11
2013-10-31,149.19,-0.21,107.47,-0.16
2013-11-01,149.02,-0.17,107.33,-0.14
2013-11-04,148.87,-0.15,107.2,-0.13
2013-11-05,148.83,-0.04,107.17,-0.03
2013-11-06,148.73,-0.1,107.09,-0.08
2013-11-07,148.76,0.03,107.1,0.01
2013-11-08,148.82,0.06,107.11,0.01
2013-11-11,148.33,-0.49,106.75,-0.36
2013-11-12,148.36,0.03,106.77,0.02
2013-11-13,148.53,0.17,106.88,0.11
2013-11-14,148.55,0.02,106.89,0.01
2013-11-15,148.51,-0.04,106.83,-0.06
2013-11-18,148.57,0.06,106.87,0.04
2013-11-19,148.39,-0.18,106.73,-0.14
2013-11-20,148.34,-0.05,106.68,-0.05
2013-11-21,148.1,-0.24,106.5,-0.18
2013-11-22,148.3,0.2,106.62,0.12
2013-11-25,148.39,0.09,106.67,0.05
2013-11-26,148.43,0.04,106.7,0.03
2013-11-27,148.38,-0.05,106.65,-0.05
2013-11-28,148.33,-0.05,106.6,-0.05
2013-11-29,148.18,-0.15,106.47,-0.13
2013-12-02,147.96,-0.22,106.31,-0.16
2013-12-03,148.02,0.06,106.34,0.03
2013-12-04,148.06,0.04,106.36,0.02
2013-12-05,147.89,-0.17,106.23,-0.13
2013-12-06,148.03,0.14,106.3,0.07
2013-12-09,148.27,0.24,106.47,0.17
2013-12-10,148.33,0.06,106.5,0.03
2013-12-11,148.29,-0.04,106.46,-0.04
2013-12-12,148.24,-0.05,106.42,-0.04
2013-12-13,148.41,0.17,106.51,0.09
2013-12-16,148.76,0.35,106.76,0.25
2013-12-17,149.1,0.34,106.99,0.23
2013-12-18,149.01,-0.09,106.92,-0.07
2013-12-19,149.03,0.02,106.92,0
2013-12-20,149.04,0.01,106.91,-0.01
2013-12-23,149.19,0.15,107.01,0.1
2013-12-24,149.15,-0.04,106.96,-0.05
2013-12-26,149.23,0.08,107.01,0.05
2013-12-27,149.48,0.25,107.16,0.15
2013-12-30,149.26,-0.22,106.97,-0.19
2014-01-02,148.91,-0.35,106.72,-0.25
2014-01-03,148.89,-0.02,106.67,-0.05
2014-01-06,149.1,0.21,106.82,0.15
2014-01-07,149.18,0.08,106.86,0.04
2014-01-08,149.35,0.17,106.98,0.12
2014-01-09,149.1,-0.25,106.79,-0.19
2014-01-10,149.17,0.07,106.81,0.02
2014-01-13,149.4,0.23,106.98,0.17
2014-01-14,149.32,-0.08,106.91,-0.07
2014-01-15,149.26,-0.06,106.86,-0.05
2014-01-16,149.3,0.04,106.88,0.02
2014-01-17,149.33,0.03,106.87,-0.01
2014-01-20,149.32,-0.01,106.86,-0.01
2014-01-21,149.29,-0.03,106.82,-0.04
2014-01-22,149.23,-0.06,106.77,-0.05
2014-01-23,149.39,0.16,106.88,0.11
2014-01-24,149.62,0.23,107.01,0.13
2014-01-27,149.6,-0.02,107,-0.01
2014-01-28,149.64,0.04,107.02,0.02
2014-01-29,149.51,-0.13,106.88,-0.14
2014-02-03,149.71,0.2,107.01,0.13
2014-02-04,149.98,0.27,107.2,0.19
2014-02-05,149.94,-0.04,107.16,-0.04
2014-02-06,149.95,0.01,107.16,0
2014-02-07,149.96,0.01,107.14,-0.02
2014-02-10,150.09,0.13,107.23,0.09
2014-02-11,150.17,0.08,107.28,0.05
2014-02-12,150.1,-0.07,107.21,-0.07
2014-02-13,150.29,0.19,107.34,0.13
2014-02-14,150.34,0.05,107.35,0.01
2014-02-17,150.34,0,107.35,0
2014-02-18,150.22,-0.12,107.25,-0.1
2014-02-19,150.37,0.15,107.35,0.1
2014-02-20,150.37,0,107.34,-0.01
2014-02-21,150.21,-0.16,107.19,-0.15
2014-02-24,150.3,0.09,107.25,0.06
2014-02-25,150.42,0.12,107.33,0.08
2014-02-26,150.35,-0.07,107.27,-0.06
2014-02-27,150.51,0.16,107.38,0.11
2014-02-28,150.5,-0.01,107.35,-0.03
2014-03-03,150.13,-0.37,107.07,-0.28
2014-03-04,150.09,-0.04,107.03,-0.04
2014-03-05,150.18,0.09,107.09,0.06
2014-03-06,150.21,0.03,107.1,0.01
2014-03-07,150.13,-0.08,107.01,-0.09
2014-03-10,150.29,0.16,106.28,-0.73
2014-03-11,150.38,0.09,106.93,0.65
2014-03-12,150.5,0.12,107,0.07
2014-03-13,150.52,0.02,107.01,0.01
2014-03-14,150.84,0.32,107.21,0.2
2014-03-17,150.72,-0.12,107.12,-0.09
2014-03-18,150.7,-0.02,107.09,-0.03
2014-03-19,150.77,0.07,107.13,0.04
2014-03-20,150.64,-0.13,107.03,-0.1
2014-03-21,150.51,-0.13,106.91,-0.12
2014-03-24,150.54,0.03,106.92,0.01
2014-03-25,150.63,0.09,106.98,0.06
2014-03-26,150.62,-0.01,106.97,-0.01
2014-03-27,150.69,0.07,107,0.03
2014-03-28,150.77,0.08,107.03,0.03
2014-03-31,150.81,0.04,107.06,0.03
2014-04-01,150.76,-0.05,107.01,-0.05
2014-04-02,150.67,-0.09,106.93,-0.08
2014-04-03,150.67,0,106.93,0
2014-04-04,150.68,0.01,106.91,-0.02
2014-04-07,150.89,0.21,107.05,0.14
2014-04-08,150.83,-0.06,107,-0.05
2014-04-09,150.96,0.13,107.08,0.08
2014-04-10,150.95,-0.01,107.06,-0.02
2014-04-11,150.98,0.03,107.06,0
2014-04-14,150.94,-0.04,107.02,-0.04
2014-04-15,150.91,-0.03,106.99,-0.03
2014-04-16,150.9,-0.01,106.97,-0.02
2014-04-17,151.01,0.11,107.05,0.08
2014-04-18,150.94,-0.07,106.97,-0.08
2014-04-21,150.92,-0.02,106.95,-0.02
2014-04-22,150.95,0.03,106.96,0.01
2014-04-23,151.01,0.06,106.99,0.03
2014-04-24,150.99,-0.02,106.97,-0.02
2014-04-25,151.07,0.08,107,0.03
2014-04-28,151.12,0.05,107.02,0.02
2014-04-29,151.14,0.02,107.03,0.01
2014-04-30,151.15,0.01,107.02,-0.01
2014-05-02,151.28,0.13,107.07,0.05
2014-05-07,151.53,0.25,107.23,0.16
2014-05-08,151.54,0.01,107.23,0
2014-05-09,151.68,0.14,107.3,0.07
2014-05-12,151.68,0,107.3,0
2014-05-13,151.59,-0.09,107.23,-0.07
2014-05-14,151.69,0.1,107.28,0.05
2014-05-15,151.97,0.28,107.48,0.2
2014-05-16,151.95,-0.02,107.44,-0.04
2014-05-19,151.97,0.02,107.44,0
2014-05-20,151.95,-0.02,107.42,-0.02
2014-05-21,152,0.05,107.45,0.03
2014-05-22,151.89,-0.11,107.36,-0.09
2014-05-23,152.05,0.16,107.45,0.09
2014-05-26,152.14,0.09,107.5,0.05
2014-05-27,152.16,0.02,107.5,0
2014-05-28,152.21,0.05,107.53,0.03
2014-05-29,152.39,0.18,107.65,0.12
2014-05-30,152.32,-0.07,107.57,-0.08
2014-06-02,152.24,-0.08,107.51,-0.06
2014-06-03,152.23,-0.01,107.48,-0.03
2014-06-05,152.17,-0.06,107.4,-0.08
2014-06-09,152.28,0.11,107.47,0.07
2014-06-10,152.43,0.15,107.18,-0.29
2014-06-11,152.39,-0.04,107.53,0.35
2014-06-12,152.66,0.27,107.72,0.19
2014-06-13,152.76,0.1,107.76,0.04
2014-06-16,152.92,0.16,107.86,0.1
2014-06-17,152.95,0.03,107.87,0.01
2014-06-18,152.95,0,107.87,0
2014-06-19,153.2,0.25,108.03,0.16
2014-06-20,153.44,0.24,108.18,0.15
2014-06-23,153.4,-0.04,108.14,-0.04
2014-06-24,153.45,0.05,108.16,0.02
2014-06-25,153.42,-0.03,108.14,-0.02
2014-06-26,153.41,-0.01,108.12,-0.02
2014-06-27,153.56,0.15,108.2,0.08
2014-06-30,153.66,0.1,108.26,0.06
2014-07-01,153.7,0.04,108.28,0.02
2014-07-02,154.12,0.42,108.57,0.29
2014-07-03,154.18,0.06,108.6,0.03
2014-07-04,154.1,-0.08,108.52,-0.08
2014-07-07,154.08,-0.02,108.49,-0.03
2014-07-08,153.87,-0.21,108.34,-0.15
2014-07-09,153.95,0.08,108.38,0.04
2014-07-10,154.29,0.34,108.62,0.24
2014-07-11,154.36,0.07,108.64,0.02
2014-07-14,154.38,0.02,108.64,0
2014-07-15,154.4,0.02,108.65,0.01
2014-07-16,154.58,0.18,108.77,0.12
2014-07-17,155.02,0.44,109.07,0.3
2014-07-18,154.92,-0.1,108.98,-0.09
2014-07-21,154.87,-0.05,108.93,-0.05
2014-07-22,154.94,0.07,108.97,0.04
2014-07-23,155.09,0.15,109.07,0.1
2014-07-24,154.95,-0.14,108.96,-0.11
2014-07-25,154.95,0,108.93,-0.03
2014-07-28,154.96,0.01,108.93,0
2014-07-29,154.85,-0.11,108.84,-0.09
2014-07-30,154.89,0.04,108.86,0.02
2014-07-31,154.82,-0.07,108.8,-0.06
2014-08-01,154.61,-0.21,108.63,-0.17
2014-08-04,154.63,0.02,108.63,0
2014-08-05,154.85,0.22,108.78,0.15
2014-08-06,154.74,-0.11,108.7,-0.08
2014-08-07,154.82,0.08,108.74,0.04
2014-08-08,155.03,0.21,108.87,0.13
2014-08-11,155.06,0.03,108.88,0.01
2014-08-12,154.96,-0.1,108.8,-0.08
2014-08-13,154.97,0.01,108.79,-0.01
2014-08-14,154.95,-0.02,108.74,-0.05
2014-08-18,154.78,-0.17,108.61,-0.13
2014-08-19,154.59,-0.19,108.47,-0.14
2014-08-20,154.68,0.09,108.52,0.05
2014-08-21,154.64,-0.04,108.49,-0.03
2014-08-22,154.62,-0.02,108.45,-0.04
2014-08-25,154.8,0.18,108.57,0.12
2014-08-26,154.99,0.19,108.69,0.12
2014-08-27,155.17,0.18,108.81,0.12
2014-08-28,155.16,-0.01,108.8,-0.01
2014-08-29,155.24,0.08,108.83,0.03
2014-09-01,155.24,0,108.81,-0.02
2014-09-02,155.26,0.02,108.82,0.01
2014-09-03,155.08,-0.18,108.68,-0.14
2014-09-04,155.08,0,108.68,0
2014-09-05,155.25,0.17,108.75,0.07
2014-09-11,155.35,0.1,107.97,-0.78
2014-09-12,155.83,0.48,108.85,0.88
2014-09-15,155.8,-0.03,108.83,-0.02
2014-09-16,156.02,0.22,108.97,0.14
2014-09-17,155.97,-0.05,108.92,-0.05
2014-09-18,156.05,0.08,108.97,0.05
2014-09-19,156.05,0,108.95,-0.02
2014-09-22,156.22,0.17,109.06,0.11
2014-09-23,156.28,0.06,109.09,0.03
2014-09-24,156.38,0.1,109.15,0.06
2014-09-25,156.47,0.09,109.21,0.06
2014-09-26,156.55,0.08,109.24,0.03
2014-09-29,156.7,0.15,109.33,0.09
2014-09-30,156.96,0.26,109.51,0.18
2014-10-01,157.37,0.41,109.79,0.28
2014-10-02,157.23,-0.14,109.65,-0.14
2014-10-06,157.24,0.01,109.65,0
2014-10-07,157.21,-0.03,109.62,-0.03
2014-10-08,157.12,-0.09,109.54,-0.08
2014-10-10,157.33,0.21,109.66,0.12
2014-10-13,157.3,-0.03,109.63,-0.03
2014-10-14,157.25,-0.05,109.58,-0.05
2014-10-15,157.29,0.04,109.61,0.03
2014-10-16,157.52,0.23,109.76,0.15
2014-10-17,157.64,0.12,109.81,0.05
2014-10-20,157.58,-0.06,109.77,-0.04
2014-10-21,157.69,0.11,109.83,0.06
2014-10-22,157.72,0.03,109.84,0.01
2014-10-23,157.9,0.18,109.96,0.12
2014-10-24,158.03,0.13,110.03,0.07
2014-10-27,157.96,-0.07,109.97,-0.06
2014-10-28,158.01,0.05,110,0.03
2014-10-29,158.08,0.07,110.03,0.03
2014-10-30,158.21,0.13,110.12,0.09
2014-10-31,158.58,0.37,110.35,0.23
2014-11-03,158.54,-0.04,110.32,-0.03
2014-11-04,158.74,0.2,110.45,0.13
2014-11-05,158.65,-0.09,110.38,-0.07
2014-11-06,158.67,0.02,110.38,0
2014-11-07,158.65,-0.02,110.34,-0.04
2014-11-10,158.53,-0.12,110.25,-0.09
2014-11-11,158.23,-0.3,110.03,-0.22
2014-11-12,158.06,-0.17,109.9,-0.13
2014-11-13,157.92,-0.14,109.79,-0.11
2014-11-14,158,0.08,109.83,0.04
2014-11-17,158.13,0.13,109.9,0.07
2014-11-18,158.23,0.1,109.97,0.07
2014-11-19,158.3,0.07,110.01,0.04
2014-11-20,158.44,0.14,110.1,0.09
2014-11-21,158.43,-0.01,110.07,-0.03
2014-11-24,158.61,0.18,110.18,0.11
2014-11-25,158.87,0.26,110.35,0.17
2014-11-26,159,0.13,110.43,0.08
2014-11-27,158.97,-0.03,110.41,-0.02
2014-11-28,159.18,0.21,110.52,0.11
2014-12-01,159.14,-0.04,110.49,-0.03
2014-12-02,159.13,-0.01,110.47,-0.02
2014-12-03,158.74,-0.39,110.19,-0.28
2014-12-04,158.41,-0.33,109.96,-0.23
2014-12-05,158.36,-0.05,109.89,-0.07
2014-12-08,158.07,-0.29,109.68,-0.21
2014-12-09,158.26,0.19,109.81,0.13
2014-12-10,158.25,-0.01,109.44,-0.37
2014-12-11,158.55,0.3,110,0.56
2014-12-12,158.74,0.19,110.1,0.1
2014-12-15,158.72,-0.02,110.08,-0.02
2014-12-16,158.8,0.08,110.13,0.05
2014-12-17,158.72,-0.08,110.06,-0.07
2014-12-18,158.52,-0.2,109.92,-0.14
2014-12-19,158.46,-0.06,109.85,-0.07
2014-12-22,158.78,0.32,110.07,0.22
2014-12-23,158.73,-0.05,110.03,-0.04
2014-12-24,158.87,0.14,110.11,0.08
2014-12-26,158.97,0.1,110.15,0.04
2014-12-29,159.17,0.2,110.28,0.13
2014-12-30,159.32,0.15,110.36,0.08
2015-01-02,159.04,-0.28,110.14,-0.22
2015-01-05,159.23,0.19,110.27,0.13
2015-01-06,159.68,0.45,110.57,0.3
2015-01-07,159.69,0.01,110.57,0
2015-01-08,159.7,0.01,110.57,0
2015-01-09,159.81,0.11,110.62,0.05
2015-01-12,160.32,0.51,110.97,0.35
2015-01-13,160.36,0.04,110.99,0.02
2015-01-14,160.71,0.35,111.22,0.23
2015-01-15,160.26,-0.45,110.9,-0.32
2015-01-16,160.77,0.51,111.23,0.33
2015-01-19,160.53,-0.24,111.06,-0.17
2015-01-20,160.67,0.14,111.15,0.09
2015-01-21,160.54,-0.13,111.05,-0.1
2015-01-22,160.38,-0.16,110.93,-0.12
2015-01-23,160.8,0.42,111.19,0.26
2015-01-26,160.89,0.09,111.25,0.06
2015-01-27,160.89,0,111.24,-0.01
2015-01-28,161.12,0.23,111.39,0.15
2015-01-29,161.29,0.17,111.51,0.12
2015-01-30,161.31,0.02,111.49,-0.02
2015-02-02,161.32,0.01,111.5,0.01
2015-02-03,161.6,0.28,111.68,0.18
2015-02-04,161.31,-0.29,111.47,-0.21
2015-02-05,161.23,-0.08,111.4,-0.07
2015-02-06,161.28,0.05,111.42,0.02
2015-02-09,161.19,-0.09,111.35,-0.07
2015-02-10,160.72,-0.47,111.01,-0.34
2015-02-11,160.79,0.07,111.05,0.04
2015-02-12,160.5,-0.29,110.84,-0.21
2015-02-13,160.64,0.14,110.92,0.08
2015-02-16,160.3,-0.34,110.67,-0.25
2015-02-17,160.75,0.45,110.93,0.26
2015-02-23,160.65,-0.1,110.85,-0.08
2015-02-24,160.65,0,110.85,0
2015-02-25,160.92,0.27,111.03,0.18
2015-02-26,160.96,0.04,111.05,0.02
2015-02-27,161.08,0.12,111.11,0.06
2015-03-02,161.25,0.17,111.22,0.11
2015-03-03,161.21,-0.04,111.18,-0.04
2015-03-04,161.23,0.02,111.18,0
2015-03-05,161.3,0.07,111.23,0.05
2015-03-06,161.52,0.22,111.35,0.12
2015-03-09,161.43,-0.09,111.29,-0.06
2015-03-10,161.37,-0.06,110.69,-0.6
2015-03-11,161.73,0.36,111.48,0.79
2015-03-12,161.69,-0.04,111.44,-0.04
2015-03-13,161.73,0.04,111.45,0.01
2015-03-16,161.91,0.18,111.57,0.12
2015-03-17,161.86,-0.05,111.53,-0.04
2015-03-18,161.98,0.12,111.6,0.07
2015-03-19,162.35,0.37,111.85,0.25
2015-03-20,162.51,0.16,111.93,0.08
2015-03-23,162.61,0.1,112,0.07
2015-03-24,162.61,0,111.99,-0.01
2015-03-25,162.66,0.05,112.02,0.03
2015-03-26,162.72,0.06,112.05,0.03
2015-03-27,162.76,0.04,112.05,0
2015-03-30,162.86,0.1,112.12,0.07
2015-03-31,163.09,0.23,112.27,0.15
2015-04-01,163.12,0.03,112.28,0.01
2015-04-02,163.15,0.03,112.3,0.02
2015-04-03,163.27,0.12,112.35,0.05
2015-04-06,163.38,0.11,112.42,0.07
2015-04-07,163.29,-0.09,112.35,-0.07
2015-04-08,163.25,-0.04,112.32,-0.03
2015-04-09,163.42,0.17,112.43,0.11
2015-04-10,163.44,0.02,112.42,-0.01
2015-04-13,163.3,-0.14,112.31,-0.11
2015-04-14,163.2,-0.1,112.24,-0.07
2015-04-15,163.26,0.06,112.27,0.03
2015-04-16,163.14,-0.12,112.18,-0.09
2015-04-17,163.45,0.31,112.37,0.19
2015-04-20,163.37,-0.08,112.31,-0.06
2015-04-21,163.21,-0.16,112.19,-0.12
2015-04-22,163.23,0.02,112.2,0.01
2015-04-23,162.8,-0.43,111.89,-0.31
2015-04-24,162.67,-0.13,111.78,-0.11
2015-04-27,162.6,-0.07,111.73,-0.05
2015-04-28,162.17,-0.43,111.42,-0.31
2015-04-29,162.03,-0.14,111.31,-0.11
2015-04-30,162.08,0.05,111.32,0.01
2015-05-04,161.69,-0.39,111.04,-0.28
2015-05-06,161.39,-0.3,110.82,-0.22
2015-05-07,161.15,-0.24,110.65,-0.17
2015-05-08,161.73,0.58,111.03,0.38
2015-05-11,161.85,0.12,111.1,0.07
2015-05-12,161.19,-0.66,110.64,-0.46
2015-05-13,161.49,0.3,110.84,0.2
2015-05-14,161.81,0.32,111.05,0.21
2015-05-15,161.58,-0.23,110.87,-0.18
2015-05-18,161.72,0.14,110.96,0.09
2015-05-19,161.48,-0.24,110.79,-0.17
2015-05-20,161.82,0.34,111.01,0.22
2015-05-21,161.76,-0.06,110.96,-0.05
2015-05-22,161.82,0.06,110.98,0.02
2015-05-26,161.98,0.16,111.08,0.1
2015-05-27,162.24,0.26,111.25,0.17
2015-05-28,162.41,0.17,111.36,0.11
2015-05-29,162.94,0.53,111.7,0.34
2015-06-01,162.89,-0.05,111.66,-0.04
2015-06-02,163.05,0.16,111.76,0.1
2015-06-03,162.56,-0.49,111.42,-0.34
2015-06-04,162.31,-0.25,111.24,-0.18
2015-06-05,162.44,0.13,111.3,0.06
2015-06-08,162.44,0,111.3,0
2015-06-09,162.61,0.17,111.41,0.11
2015-06-10,162.32,-0.29,110.96,-0.45
2015-06-11,162.05,-0.27,111.01,0.05
2015-06-12,162.29,0.24,111.16,0.15
2015-06-15,162.31,0.02,111.16,0
2015-06-16,162.26,-0.05,111.12,-0.04
2015-06-17,162.02,-0.24,110.95,-0.17
2015-06-18,162.23,0.21,111.09,0.14
2015-06-19,162.57,0.34,111.31,0.22
2015-06-22,162.28,-0.29,111.1,-0.21
2015-06-23,162.28,0,111.09,-0.01
2015-06-24,162.19,-0.09,111.02,-0.07
2015-06-25,162.28,0.09,111.08,0.06
2015-06-26,162.19,-0.09,110.99,-0.09
2015-06-29,162.4,0.21,111.13,0.14
2015-06-30,162.45,0.05,111.16,0.03
2015-07-01,162.34,-0.11,111.08,-0.08
2015-07-02,162.01,-0.33,110.85,-0.23
2015-07-03,162.01,0,110.82,-0.03
2015-07-06,162.33,0.32,111.04,0.22
2015-07-07,162.31,-0.02,111.02,-0.02
2015-07-08,162.46,0.15,111.11,0.09
2015-07-09,162.43,-0.03,111.09,-0.02
2015-07-10,162.31,-0.12,110.99,-0.1
2015-07-13,162.26,-0.05,110.94,-0.05
2015-07-14,162.39,0.13,111.03,0.09
2015-07-15,162.44,0.05,111.06,0.03
2015-07-16,162.54,0.1,111.12,0.06
2015-07-17,162.58,0.04,111.13,0.01
2015-07-20,162.69,0.11,111.19,0.06
2015-07-21,162.73,0.04,111.21,0.02
2015-07-22,162.89,0.16,111.32,0.11
2015-07-23,163.3,0.41,111.59,0.27
2015-07-24,163.5,0.2,111.71,0.12
2015-07-27,163.46,-0.04,111.68,-0.03
2015-07-28,163.16,-0.3,111.46,-0.22
2015-07-29,163.28,0.12,111.54,0.08
2015-07-30,163.15,-0.13,111.44,-0.1
2015-07-31,162.95,-0.2,111.29,-0.15
2015-08-03,163.03,0.08,111.34,0.05
2015-08-04,163.08,0.05,111.36,0.02
2015-08-05,162.87,-0.21,111.21,-0.15
2015-08-06,162.96,0.09,111.27,0.06
2015-08-07,162.94,-0.02,111.24,-0.03
2015-08-10,163.28,0.34,111.46,0.22
2015-08-11,163.53,0.25,111.63,0.17
2015-08-12,163.8,0.27,111.81,0.18
2015-08-13,163.62,-0.18,111.65,-0.16
2015-08-17,163.74,0.12,111.74,0.09
2015-08-18,163.89,0.15,111.83,0.09
2015-08-19,163.7,-0.19,111.69,-0.14
2015-08-20,163.85,0.15,111.78,0.09
2015-08-21,164,0.15,111.87,0.09
2015-08-24,164.26,0.26,112.04,0.17
2015-08-25,164.19,-0.07,111.99,-0.05
2015-08-26,163.97,-0.22,111.83,-0.16
2015-08-27,163.99,0.02,111.84,0.01
2015-08-28,163.82,-0.17,111.7,-0.14
2015-08-31,163.89,0.07,111.74,0.04
2015-09-01,163.78,-0.11,111.66,-0.08
2015-09-02,164.14,0.36,111.9,0.24
2015-09-03,164.18,0.04,111.92,0.02
2015-09-04,164.4,0.22,112.05,0.13
2015-09-07,164.45,0.05,112.08,0.03
2015-09-08,164.35,-0.1,112,-0.08
2015-09-09,164.3,-0.05,111.96,-0.04
2015-09-10,164.63,0.33,111.89,-0.07
2015-09-11,162.93,-1.7,111.01,-0.88
2015-09-14,164.49,1.56,112.07,1.06
2015-09-15,164.58,0.09,112.12,0.05
2015-09-16,164.5,-0.08,112.06,-0.06
2015-09-17,164.45,-0.05,112.02,-0.04
2015-09-18,164.94,0.49,112.33,0.31
2015-09-21,165.12,0.18,112.46,0.13
2015-09-22,165.09,-0.03,112.43,-0.03
2015-09-23,165.17,0.08,112.47,0.04
2015-09-24,165.05,-0.12,112.39,-0.08
2015-09-25,165.24,0.19,112.48,0.09
2015-09-30,165.64,0.4,112.75,0.27
2015-10-01,165.43,-0.21,112.61,-0.14
2015-10-02,165.56,0.13,112.68,0.07
2015-10-05,165.73,0.17,112.78,0.1
2015-10-06,165.65,-0.08,112.72,-0.06
2015-10-07,165.46,-0.19,112.59,-0.13
2015-10-08,165.35,-0.11,112.49,-0.1
2015-10-12,165.22,-0.13,112.4,-0.09
2015-10-13,165.22,0,112.39,-0.01
2015-10-14,165.23,0.01,112.39,0
2015-10-15,165.54,0.31,112.59,0.2
2015-10-16,165.57,0.03,112.6,0.01
2015-10-19,165.54,-0.03,112.57,-0.03
2015-10-20,165.45,-0.09,112.5,-0.07
2015-10-21,165.36,-0.09,112.43,-0.07
2015-10-22,165.36,0,112.43,0
2015-10-23,165.36,0,112.41,-0.02
2015-10-26,165.45,0.09,112.47,0.06
2015-10-27,165.62,0.17,112.58,0.11
2015-10-28,165.76,0.14,112.66,0.08
2015-10-29,165.66,-0.1,112.59,-0.07
2015-10-30,165.46,-0.2,112.43,-0.16
2015-11-02,165.46,0,112.43,0
2015-11-03,165.26,-0.2,112.29,-0.14
2015-11-04,165.16,-0.1,112.21,-0.08
2015-11-05,165.15,-0.01,112.2,-0.01
2015-11-06,164.89,-0.26,112.01,-0.19
2015-11-09,164.42,-0.47,111.68,-0.33
2015-11-10,164.46,0.04,111.7,0.02
2015-11-11,164.31,-0.15,111.59,-0.11
2015-11-12,164.39,0.08,111.64,0.05
2015-11-13,164.34,-0.05,111.59,-0.05
2015-11-16,164.7,0.36,111.82,0.23
2015-11-17,164.57,-0.13,111.73,-0.09
2015-11-18,164.61,0.04,111.75,0.02
2015-11-19,164.79,0.18,111.87,0.12
2015-11-20,164.77,-0.02,111.84,-0.03
2015-11-23,164.67,-0.1,111.76,-0.08
2015-11-24,164.72,0.05,111.79,0.03
2015-11-25,164.76,0.04,111.81,0.02
2015-11-26,164.83,0.07,111.85,0.04
2015-11-27,164.69,-0.14,111.73,-0.12
2015-11-30,164.76,0.07,111.78,0.05
2015-12-01,164.73,-0.03,111.75,-0.03
2015-12-02,164.82,0.09,111.8,0.05
2015-12-03,164.81,-0.01,111.79,-0.01
2015-12-04,164.57,-0.24,111.61,-0.18
2015-12-07,164.66,0.09,111.67,0.06
2015-12-08,164.96,0.3,111.87,0.2
2015-12-09,165.06,0.1,111.93,0.06
2015-12-10,165.17,0.11,111.64,-0.29
2015-12-11,165.14,-0.03,111.96,0.32
2015-12-14,165.32,0.18,112.08,0.12
2015-12-15,165.25,-0.07,112.02,-0.06
2015-12-16,165.25,0,112.02,0
2015-12-17,165.52,0.27,112.2,0.18
2015-12-18,165.89,0.37,112.43,0.23
2015-12-21,166.07,0.18,112.55,0.12
2015-12-22,165.99,-0.08,112.48,-0.07
2015-12-23,165.99,0,112.48,0
2015-12-24,166.05,0.06,112.5,0.02
2015-12-28,166.09,0.04,112.52,0.02
2015-12-29,166.33,0.24,112.67,0.15
2015-12-30,166.22,-0.11,112.57,-0.1
2016-01-04,166.49,0.27,112.75,0.18
2016-01-05,166.34,-0.15,112.64,-0.11
2016-01-06,166.49,0.15,112.74,0.1
2016-01-07,166.58,0.09,112.8,0.06
2016-01-08,166.35,-0.23,112.62,-0.18
2016-01-11,166.6,0.25,112.78,0.16
2016-01-12,166.49,-0.11,112.71,-0.07
2016-01-13,166.63,0.14,112.79,0.08
2016-01-14,166.58,-0.05,112.75,-0.04
2016-01-15,166.54,-0.04,112.71,-0.04
2016-01-18,166.54,0,112.7,-0.01
2016-01-19,166.43,-0.11,112.62,-0.08
2016-01-20,166.77,0.34,112.84,0.22
2016-01-21,166.84,0.07,112.89,0.05
2016-01-22,166.63,-0.21,112.73,-0.16
2016-01-25,166.76,0.13,112.81,0.08
2016-01-26,166.97,0.21,112.95,0.14
2016-01-27,166.91,-0.06,112.9,-0.05
2016-01-28,166.84,-0.07,112.85,-0.05
2016-01-29,167.16,0.32,113.05,0.2
2016-02-01,167.54,0.38,113.3,0.25
2016-02-02,167.58,0.04,113.32,0.02
2016-02-03,167.85,0.27,113.5,0.18
2016-02-04,167.84,-0.01,113.49,-0.01
2016-02-05,167.74,-0.1,113.39,-0.1
2016-02-11,168.49,0.75,113.89,0.5
2016-02-12,168.28,-0.21,113.72,-0.17
2016-02-15,168.12,-0.16,113.61,-0.11
2016-02-16,168.43,0.31,113.82,0.21
2016-02-17,168.43,0,113.81,-0.01
2016-02-18,168.39,-0.04,113.78,-0.03
2016-02-19,168.26,-0.13,113.68,-0.1
2016-02-22,168.19,-0.07,113.62,-0.06
2016-02-23,168.14,-0.05,113.58,-0.04
2016-02-24,168.27,0.13,113.66,0.08
2016-02-25,168.3,0.03,113.68,0.02
2016-02-26,168.47,0.17,113.78,0.1
2016-02-29,168.47,0,113.77,-0.01
2016-03-02,168.3,-0.17,113.64,-0.13
2016-03-03,168.06,-0.24,113.48,-0.16
2016-03-04,167.88,-0.18,113.33,-0.15
2016-03-07,168.08,0.2,113.46,0.13
2016-03-08,168.22,0.14,113.56,0.1
2016-03-09,168.3,0.08,113.6,0.04
2016-03-10,168.56,0.26,113.63,0.03
2016-03-11,168.25,-0.31,113.54,-0.09
2016-03-14,168.27,0.02,113.56,0.02
2016-03-15,168.25,-0.02,113.53,-0.03
2016-03-16,168.23,-0.02,113.52,-0.01
2016-03-17,168.54,0.31,113.72,0.2
2016-03-18,168.79,0.25,113.87,0.15
2016-03-21,168.8,0.01,113.88,0.01
2016-03-22,168.68,-0.12,113.79,-0.09
2016-03-23,168.55,-0.13,113.69,-0.1
2016-03-24,168.74,0.19,113.81,0.12
2016-03-25,168.79,0.05,113.83,0.02
2016-03-28,168.79,0,113.83,0
2016-03-29,169.1,0.31,114.03,0.2
2016-03-30,169.24,0.14,114.12,0.09
2016-03-31,169.19,-0.05,114.08,-0.04
2016-04-01,169.2,0.01,114.07,-0.01
2016-04-04,169.34,0.14,114.16,0.09
2016-04-05,169.2,-0.14,114.06,-0.1
2016-04-06,169.21,0.01,114.06,0
2016-04-07,169.14,-0.07,114.01,-0.05
2016-04-08,169.14,0,113.99,-0.02
2016-04-11,169.18,0.04,114.01,0.02
2016-04-12,169.17,-0.01,113.99,-0.02
2016-04-14,168.87,-0.3,113.78,-0.21
2016-04-15,168.93,0.06,113.8,0.02
2016-04-18,168.97,0.04,113.83,0.03
2016-04-19,168.92,-0.05,113.79,-0.04
2016-04-20,169.21,0.29,113.97,0.18
2016-04-21,169.1,-0.11,113.89,-0.08
2016-04-22,169.18,0.08,113.93,0.04
2016-04-25,169.17,-0.01,113.92,-0.01
2016-04-26,169.27,0.1,113.98,0.06
2016-04-27,169.28,0.01,113.98,0
2016-04-28,169.36,0.08,114.03,0.05
2016-04-29,169.41,0.05,114.05,0.02
2016-05-02,169.31,-0.1,113.97,-0.08
2016-05-03,169.42,0.11,114.04,0.07
2016-05-04,169.58,0.16,114.12,0.08
2016-05-09,169.67,0.09,114.18,0.06
2016-05-10,169.71,0.04,114.2,0.02
2016-05-11,169.7,-0.01,114.18,-0.02
2016-05-12,169.69,-0.01,114.18,0
2016-05-13,169.64,-0.05,114.12,-0.06
2016-05-16,169.65,0.01,114.13,0.01
2016-05-17,169.53,-0.12,114.04,-0.09
2016-05-18,169.37,-0.16,113.92,-0.12
2016-05-19,169.22,-0.15,113.82,-0.1
2016-05-20,169.45,0.23,113.96,0.14
2016-05-23,169.51,0.06,113.99,0.03
2016-05-24,169.7,0.19,114.11,0.12
2016-05-25,169.61,-0.09,114.05,-0.06
2016-05-26,169.57,-0.04,114.02,-0.03
2016-05-27,169.6,0.03,114.01,-0.01
2016-05-30,169.36,-0.24,113.84,-0.17
2016-05-31,169.44,0.08,113.89,0.05
2016-06-01,169.78,0.34,114.12,0.23
2016-06-02,169.74,-0.04,114.09,-0.03
2016-06-03,169.88,0.14,114.16,0.07
2016-06-07,170.12,0.24,114.31,0.15
2016-06-08,170.28,0.16,114.42,0.11
2016-06-09,170.53,0.25,114.58,0.16
2016-06-10,170.03,-0.5,113.87,-0.71
2016-06-13,171.46,1.43,115.18,1.31
2016-06-14,171.27,-0.19,115.05,-0.13
2016-06-15,171.4,0.13,115.13,0.08
2016-06-16,171.59,0.19,115.26,0.13
2016-06-17,171.47,-0.12,115.16,-0.1
2016-06-20,171.32,-0.15,115.05,-0.11
2016-06-21,171.45,0.13,115.13,0.08
2016-06-22,171.3,-0.15,115.02,-0.11
2016-06-23,171.35,0.05,115.05,0.03
2016-06-24,172.33,0.98,115.7,0.65
2016-06-27,172.41,0.08,115.74,0.04
2016-06-28,172.39,-0.02,115.72,-0.02
2016-06-29,172.48,0.09,115.78,0.06
2016-06-30,172.4,-0.08,115.72,-0.06
2016-07-01,172.75,0.35,115.94,0.22
2016-07-04,172.72,-0.03,115.91,-0.03
2016-07-05,172.76,0.04,115.93,0.02
2016-07-06,172.94,0.18,116.05,0.12
2016-07-07,172.97,0.03,116.06,0.01
2016-07-08,172.96,-0.01,116.04,-0.02
2016-07-11,172.99,0.03,116.05,0.01
2016-07-12,172.93,-0.06,116,-0.05
2016-07-13,172.96,0.03,116.02,0.02
2016-07-14,173.14,0.18,116.14,0.12
2016-07-15,172.93,-0.21,115.98,-0.16
2016-07-18,172.81,-0.12,115.89,-0.09
2016-07-19,172.81,0,115.89,0
2016-07-20,172.89,0.08,115.93,0.04
2016-07-21,172.74,-0.15,115.83,-0.1
2016-07-22,172.81,0.07,115.86,0.03
2016-07-25,172.84,0.03,115.88,0.02
2016-07-26,172.93,0.09,115.93,0.05
2016-07-27,172.96,0.03,115.94,0.01
2016-07-28,173.21,0.25,116.1,0.16
2016-07-29,173.07,-0.14,115.99,-0.11
2016-08-01,173.23,0.16,116.1,0.11
2016-08-02,173.17,-0.06,116.05,-0.05
2016-08-03,172.84,-0.33,115.82,-0.23
2016-08-04,172.93,0.09,115.88,0.06
2016-08-05,173.1,0.17,115.98,0.1
2016-08-08,172.85,-0.25,115.8,-0.18
2016-08-09,172.89,0.04,115.82,0.02
2016-08-10,173.17,0.28,116.01,0.19
2016-08-11,173.1,-0.07,115.95,-0.06
2016-08-12,173.05,-0.05,115.9,-0.05
2016-08-16,173.13,0.08,115.95,0.05
2016-08-17,172.96,-0.17,115.83,-0.12
2016-08-18,173.07,0.11,115.89,0.06
2016-08-19,173.06,-0.01,115.86,-0.03
2016-08-22,173.01,-0.05,115.83,-0.03
2016-08-23,173.09,0.08,115.88,0.05
2016-08-24,173.1,0.01,115.88,0
2016-08-25,173.06,-0.04,115.85,-0.03
2016-08-26,173.03,-0.03,115.81,-0.04
2016-08-29,172.83,-0.2,115.67,-0.14
2016-08-30,172.73,-0.1,115.6,-0.07
2016-08-31,172.51,-0.22,115.44,-0.16
2016-09-01,172.26,-0.25,115.27,-0.17
2016-09-02,172.31,0.05,115.28,0.01
2016-09-05,172.43,0.12,115.36,0.08
2016-09-06,172.5,0.07,115.4,0.04
2016-09-07,172.81,0.31,115.6,0.2
2016-09-08,172.66,-0.15,115.5,-0.1
2016-09-09,172.4,-0.26,114.92,-0.58
2016-09-12,172.26,-0.14,115.02,0.1
2016-09-13,172.19,-0.07,114.94,-0.08
2016-09-19,172.19,0,114.93,-0.01
2016-09-20,172.27,0.08,114.99,0.06
2016-09-21,172.26,-0.01,114.98,-0.01
2016-09-22,172.71,0.45,115.27,0.29
2016-09-23,172.73,0.02,115.27,0
2016-09-26,172.72,-0.01,115.25,-0.02
2016-09-27,172.7,-0.02,115.23,-0.02
2016-09-28,172.79,0.09,115.29,0.06
2016-09-29,172.91,0.12,115.37,0.08
2016-09-30,173.34,0.43,115.63,0.26
2016-10-04,173.04,-0.3,115.43,-0.2
2016-10-05,172.67,-0.37,115.17,-0.26
2016-10-06,172.59,-0.08,115.11,-0.06
2016-10-07,172.6,0.01,115.1,-0.01
2016-10-10,172.44,-0.16,114.99,-0.11
2016-10-11,172.08,-0.36,114.75,-0.24
2016-10-12,172.25,0.17,114.85,0.1
2016-10-13,172.55,0.3,115.05,0.2
2016-10-14,172.58,0.03,115.05,0
2016-10-17,172.21,-0.37,114.8,-0.25
2016-10-18,172.2,-0.01,114.79,-0.01
2016-10-19,172.22,0.02,114.8,0.01
2016-10-20,172.22,0,114.79,-0.01
2016-10-21,172.09,-0.13,114.69,-0.1
2016-10-24,172.17,0.08,114.74,0.05
2016-10-25,171.96,-0.21,114.59,-0.15
2016-10-26,172,0.04,114.61,0.02
2016-10-27,171.85,-0.15,114.5,-0.11
2016-10-28,171.55,-0.3,114.29,-0.21
2016-10-31,171.77,0.22,114.43,0.14
2016-11-01,171.51,-0.26,114.25,-0.18
2016-11-02,171.73,0.22,114.39,0.14
2016-11-03,171.82,0.09,114.45,0.06
2016-11-04,171.77,-0.05,114.39,-0.06
2016-11-07,171.66,-0.11,114.32,-0.07
2016-11-08,171.79,0.13,114.4,0.08
2016-11-09,171.86,0.07,114.44,0.04
2016-11-10,171.22,-0.64,114.01,-0.43
2016-11-11,170.59,-0.63,113.57,-0.44
2016-11-14,169.78,-0.81,113.02,-0.55
2016-11-15,169.8,0.02,113.03,0.01
2016-11-16,169.4,-0.4,112.76,-0.27
2016-11-17,169.43,0.03,112.77,0.01
2016-11-18,169.23,-0.2,112.62,-0.15
2016-11-21,169.31,0.08,112.67,0.05
2016-11-22,169.26,-0.05,112.63,-0.04
2016-11-23,169.09,-0.17,112.51,-0.12
2016-11-24,168.83,-0.26,112.33,-0.18
2016-11-25,168.8,-0.03,112.3,-0.03
2016-11-28,169.01,0.21,112.43,0.13
2016-11-29,169.27,0.26,112.6,0.17
2016-11-30,169.23,-0.04,112.57,-0.03
2016-12-01,169,-0.23,112.41,-0.16
2016-12-02,168.72,-0.28,112.21,-0.2
2016-12-05,169.09,0.37,112.45,0.24
2016-12-06,169.01,-0.08,112.39,-0.06
2016-12-07,169.03,0.02,112.4,0.01
2016-12-08,169.29,0.26,112.56,0.16
2016-12-09,169.08,-0.21,111.78,-0.78
2016-12-12,167.42,-1.66,110.96,-0.82
2016-12-13,166.31,-1.11,110.21,-0.75
2016-12-14,168.39,2.08,111.59,1.38
2016-12-15,167.85,-0.54,111.23,-0.36
2016-12-16,168.01,0.16,111.32,0.09
2016-12-19,168.13,0.12,111.4,0.08
2016-12-20,167.98,-0.15,111.29,-0.11
2016-12-21,168.33,0.35,111.52,0.23
2016-12-22,168.55,0.22,111.66,0.14
2016-12-23,168.37,-0.18,111.53,-0.13
2016-12-26,168.4,0.03,111.54,0.01
2016-12-27,168.45,0.05,111.57,0.03
2016-12-28,168.59,0.14,111.66,0.09
2016-12-29,168.72,0.13,111.72,0.06
2017-01-02,168.75,0.03,111.74,0.02
2017-01-03,168.84,0.09,111.79,0.05
2017-01-04,168.68,-0.16,111.68,-0.11
2017-01-05,168.87,0.19,111.81,0.13
2017-01-06,168.75,-0.12,111.71,-0.1
2017-01-09,168.47,-0.28,111.52,-0.19
2017-01-10,168.63,0.16,111.62,0.1
2017-01-11,168.53,-0.1,111.55,-0.07
2017-01-12,168.87,0.34,111.77,0.22
2017-01-13,168.79,-0.08,111.7,-0.07
2017-01-16,168.67,-0.12,111.62,-0.08
2017-01-17,168.78,0.11,111.69,0.07
2017-01-18,168.65,-0.13,111.59,-0.1
2017-01-19,168.36,-0.29,111.4,-0.19
2017-01-20,168.59,0.23,111.54,0.14
2017-01-23,168.71,0.12,111.61,0.07
2017-01-24,168.82,0.11,111.68,0.07
2017-01-25,168.7,-0.12,111.59,-0.09
2017-01-26,168.31,-0.39,111.32,-0.27
2017-01-31,168.52,0.21,111.45,0.13
2017-02-01,168.44,-0.08,111.39,-0.06
2017-02-02,168.54,0.1,111.45,0.06
2017-02-03,168.38,-0.16,111.33,-0.12
2017-02-06,168.62,0.24,111.48,0.15
2017-02-07,168.77,0.15,111.58,0.1
2017-02-08,168.82,0.05,111.61,0.03
2017-02-09,168.8,-0.02,111.59,-0.02
2017-02-10,168.66,-0.14,111.48,-0.11
2017-02-13,168.71,0.05,111.51,0.03
2017-02-14,168.82,0.11,111.58,0.07
2017-02-15,168.72,-0.1,111.51,-0.07
2017-02-16,168.73,0.01,111.51,0
2017-02-17,168.79,0.06,111.53,0.02
2017-02-20,168.55,-0.24,111.37,-0.16
2017-02-21,168.56,0.01,111.37,0
2017-02-22,168.29,-0.27,111.19,-0.18
2017-02-23,168.56,0.27,111.36,0.17
2017-02-24,168.7,0.14,111.44,0.08
2017-02-27,168.75,0.05,111.47,0.03
2017-02-28,168.75,0,111.46,-0.01
2017-03-02,168.42,-0.33,111.23,-0.23
2017-03-03,168.41,-0.01,111.22,-0.01
2017-03-06,168.21,-0.2,111.08,-0.14
2017-03-07,167.88,-0.33,110.85,-0.23
2017-03-08,167.97,0.09,110.91,0.06
2017-03-09,167.86,-0.11,110.83,-0.08
2017-03-10,167.9,0.04,110.72,-0.11
2017-03-13,167.77,-0.13,110.75,0.03
2017-03-14,168.09,0.32,110.96,0.21
2017-03-15,168.21,0.12,111.03,0.07
2017-03-16,168.86,0.65,111.46,0.43
2017-03-17,168.97,0.11,111.51,0.05
2017-03-20,168.97,0,111.51,0
2017-03-21,168.99,0.02,111.52,0.01
2017-03-22,169.14,0.15,111.62,0.1
2017-03-23,169.16,0.02,111.62,0
2017-03-24,168.94,-0.22,111.46,-0.16
2017-03-27,169.21,0.27,111.64,0.18
2017-03-28,169.12,-0.09,111.58,-0.06
2017-03-29,169.18,0.06,111.61,0.03
2017-03-30,169.07,-0.11,111.53,-0.08
2017-03-31,169.17,0.1,111.59,0.06
2017-04-03,169.18,0.01,111.58,-0.01
2017-04-04,169.41,0.23,111.73,0.15
2017-04-05,169.33,-0.08,111.67,-0.06
2017-04-06,169.09,-0.24,111.51,-0.16
2017-04-07,169.05,-0.04,111.47,-0.04
2017-04-10,168.66,-0.39,111.21,-0.26
2017-04-11,168.96,0.3,111.4,0.19
2017-04-12,169.01,0.05,111.43,0.03
2017-04-13,169.21,0.2,111.56,0.13
2017-04-14,169.13,-0.08,111.49,-0.07
2017-04-17,169.31,0.18,111.6,0.11
2017-04-18,169.31,0,111.6,0
2017-04-19,169.41,0.1,111.66,0.06
2017-04-20,169.4,-0.01,111.65,-0.01
2017-04-21,169.32,-0.08,111.58,-0.07
2017-04-24,169.11,-0.21,111.44,-0.14
2017-04-25,169.19,0.08,111.49,0.05
2017-04-26,169.16,-0.03,111.46,-0.03
2017-04-27,169.27,0.11,111.53,0.07
2017-04-28,169.19,-0.08,111.46,-0.07
2017-05-02,169.05,-0.14,111.36,-0.1
2017-05-04,169.22,0.17,111.45,0.09
2017-05-08,169,-0.22,111.29,-0.16
2017-05-10,168.73,-0.27,111.11,-0.18
2017-05-11,168.71,-0.02,111.1,-0.01
2017-05-12,168.87,0.16,111.18,0.08
2017-05-15,168.81,-0.06,111.14,-0.04
2017-05-16,168.86,0.05,111.17,0.03
2017-05-17,169.15,0.29,111.36,0.19
2017-05-18,169.12,-0.03,111.33,-0.03
2017-05-19,169.21,0.09,111.38,0.05
2017-05-22,169.13,-0.08,111.32,-0.06
2017-05-23,169.2,0.07,111.36,0.04
2017-05-24,169.12,-0.08,111.3,-0.06
2017-05-25,169.17,0.05,111.33,0.03
2017-05-26,169.29,0.12,111.4,0.07
2017-05-29,169.29,0,111.39,-0.01
2017-05-30,169.45,0.16,111.5,0.11
2017-05-31,169.48,0.03,111.51,0.01
2017-06-01,169.57,0.09,111.56,0.05
2017-06-02,169.62,0.05,111.58,0.02
2017-06-05,169.8,0.18,111.69,0.11
2017-06-07,169.9,0.1,111.75,0.06
2017-06-08,169.77,-0.13,111.66,-0.09
2017-06-09,169.79,0.02,111.1,-0.56
2017-06-12,169.58,-0.21,111.21,0.11
2017-06-13,169.48,-0.1,111.14,-0.07
2017-06-14,169.85,0.37,111.38,0.24
2017-06-15,170.06,0.21,111.51,0.13
2017-06-16,169.93,-0.13,111.41,-0.1
2017-06-19,169.99,0.06,111.44,0.03
2017-06-20,170.04,0.05,111.47,0.03
2017-06-21,170.03,-0.01,111.46,-0.01
2017-06-22,170.01,-0.02,111.44,-0.02
2017-06-23,170.1,0.09,111.49,0.05
2017-06-26,170.13,0.03,111.5,0.01
2017-06-27,170.16,0.03,111.52,0.02
2017-06-28,169.82,-0.34,111.29,-0.23
2017-06-29,169.79,-0.03,111.26,-0.03
2017-06-30,169.71,-0.08,111.2,-0.06
2017-07-03,169.64,-0.07,111.15,-0.05
2017-07-04,169.41,-0.23,110.99,-0.16
2017-07-05,169.41,0,110.98,-0.01
2017-07-06,169.36,-0.05,110.95,-0.03
2017-07-07,169.11,-0.25,110.77,-0.18
2017-07-10,169.33,0.22,110.91,0.14
2017-07-11,169.42,0.09,110.96,0.05
2017-07-12,169.48,0.06,110.99,0.03
2017-07-13,169.68,0.2,111.12,0.13
2017-07-14,169.58,-0.1,111.04,-0.08
2017-07-17,169.51,-0.07,110.99,-0.05
2017-07-18,169.66,0.15,111.08,0.09
2017-07-19,169.61,-0.05,111.04,-0.04
2017-07-20,169.72,0.11,111.11,0.07
2017-07-21,169.9,0.18,111.22,0.11
2017-07-24,169.92,0.02,111.22,0
2017-07-25,170,0.08,111.27,0.05
2017-07-26,169.77,-0.23,111.11,-0.16
2017-07-27,169.98,0.21,111.25,0.14
2017-07-28,169.84,-0.14,111.14,-0.11
2017-07-31,169.92,0.08,111.19,0.05
2017-08-01,169.77,-0.15,111.09,-0.1
2017-08-02,169.82,0.05,111.12,0.03
2017-08-03,169.79,-0.03,111.09,-0.03
2017-08-04,169.82,0.03,111.1,0.01
2017-08-07,169.65,-0.17,110.98,-0.12
2017-08-08,169.37,-0.28,110.79,-0.19
2017-08-09,169.21,-0.16,110.68,-0.11
2017-08-10,169.28,0.07,110.72,0.04
2017-08-11,169.47,0.19,110.83,0.11
2017-08-14,169.5,0.03,110.84,0.01
2017-08-16,169.31,-0.19,110.71,-0.13
2017-08-17,169.46,0.15,110.81,0.1
2017-08-18,169.54,0.08,110.84,0.03
2017-08-21,169.64,0.1,110.9,0.06
2017-08-22,169.57,-0.07,110.85,-0.05
2017-08-23,169.57,0,110.85,0
2017-08-24,169.65,0.08,110.9,0.05
2017-08-25,169.93,0.28,111.06,0.16
2017-08-28,169.94,0.01,111.07,0.01
2017-08-29,169.89,-0.05,111.03,-0.04
2017-08-30,170.01,0.12,111.1,0.07
2017-08-31,169.93,-0.08,111.05,-0.05
2017-09-01,169.95,0.02,111.04,-0.01
2017-09-04,169.7,-0.25,110.87,-0.17
2017-09-05,169.7,0,110.87,0
2017-09-06,169.87,0.17,110.98,0.11
2017-09-07,169.87,0,110.97,-0.01
2017-09-08,170.08,0.21,111.1,0.13
2017-09-11,170.18,0.1,110.99,-0.11
2017-09-12,170.2,0.02,111.16,0.17
2017-09-13,170.25,0.05,111.19,0.03
2017-09-14,170.25,0,111.18,-0.01
2017-09-15,170.23,-0.02,111.15,-0.03
2017-09-18,170.19,-0.04,111.12,-0.03
2017-09-19,170.01,-0.18,111,-0.12
2017-09-20,170.05,0.04,111.02,0.02
2017-09-21,170.07,0.02,111.03,0.01
2017-09-22,170.14,0.07,111.05,0.02
2017-09-25,170.12,-0.02,111.04,-0.01
2017-09-26,169.81,-0.31,110.83,-0.21
2017-09-27,169.39,-0.42,110.55,-0.28
2017-09-28,169.25,-0.14,110.45,-0.1
2017-09-29,169.31,0.06,110.43,-0.02
2017-10-10,169.09,-0.22,110.28,-0.15
2017-10-11,169.12,0.03,110.3,0.02
2017-10-12,169.32,0.2,110.42,0.12
2017-10-13,169.35,0.03,110.43,0.01
2017-10-16,169.33,-0.02,110.41,-0.02
2017-10-17,169.22,-0.11,110.34,-0.07
2017-10-18,169.3,0.08,110.38,0.04
2017-10-19,168.97,-0.33,110.16,-0.22
2017-10-20,168.43,-0.54,109.79,-0.37
2017-10-23,168.64,0.21,109.92,0.13
2017-10-24,168.6,-0.04,109.89,-0.03
2017-10-25,168.26,-0.34,109.66,-0.23
2017-10-26,167.82,-0.44,109.37,-0.29
2017-10-27,167.85,0.03,109.38,0.01
2017-10-30,168.07,0.22,109.51,0.13
2017-10-31,167.79,-0.28,109.32,-0.19
2017-11-01,167.99,0.2,109.45,0.13
2017-11-02,168.13,0.14,109.54,0.09
2017-11-03,168.18,0.05,109.55,0.01
2017-11-06,168,-0.18,109.43,-0.12
2017-11-07,168.12,0.12,109.5,0.07
2017-11-08,168.08,-0.04,109.47,-0.03
2017-11-09,168.18,0.1,109.53,0.06
2017-11-10,168.1,-0.08,109.46,-0.07
2017-11-13,167.93,-0.17,109.35,-0.11
2017-11-14,167.69,-0.24,109.18,-0.17
2017-11-15,167.99,0.3,109.38,0.2
2017-11-16,168.11,0.12,109.45,0.07
2017-11-17,168.04,-0.07,109.38,-0.07
2017-11-20,168.22,0.18,109.5,0.12
2017-11-21,168.24,0.02,109.51,0.01
2017-11-22,168.21,-0.03,109.48,-0.03
2017-11-23,168.46,0.25,109.64,0.16
2017-11-24,168.31,-0.15,109.53,-0.11
2017-11-27,168.39,0.08,109.57,0.04
2017-11-28,168.72,0.33,109.78,0.21
2017-11-29,168.72,0,109.78,0
2017-11-30,168.91,0.19,109.9,0.12
2017-12-01,168.84,-0.07,109.83,-0.07
2017-12-04,168.91,0.07,109.87,0.04
2017-12-05,168.77,-0.14,109.78,-0.09
2017-12-06,169.01,0.24,109.93,0.15
2017-12-07,168.88,-0.13,109.84,-0.09
2017-12-08,168.87,-0.01,109.82,-0.02
2017-12-11,168.44,-0.43,109.19,-0.63
2017-12-12,168.57,0.13,109.61,0.42
2017-12-13,168.65,0.08,109.66,0.05
2017-12-14,168.64,-0.01,109.65,-0.01
2017-12-15,168.72,0.08,109.68,0.03
2017-12-18,168.7,-0.02,109.66,-0.02
2017-12-19,168.59,-0.11,109.58,-0.08
2017-12-20,168.58,-0.01,109.57,-0.01
2017-12-21,168.48,-0.1,109.5,-0.07
2017-12-22,168.33,-0.15,109.38,-0.12
2017-12-26,168.38,0.05,109.4,0.02
2017-12-27,168.28,-0.1,109.33,-0.07
2017-12-28,168.45,0.17,109.41,0.08
2018-01-02,168.46,0.01,109.41,0
2018-01-03,168.39,-0.07,109.37,-0.04
2018-01-04,168.28,-0.11,109.29,-0.08
2018-01-05,168.43,0.15,109.37,0.08
2018-01-08,168.3,-0.13,109.28,-0.09
2018-01-09,168.19,-0.11,109.2,-0.08
2018-01-10,167.76,-0.43,108.91,-0.29
2018-01-11,168.08,0.32,109.11,0.2
2018-01-12,167.86,-0.22,108.95,-0.16
2018-01-15,167.58,-0.28,108.77,-0.18
2018-01-16,167.66,0.08,108.81,0.04
2018-01-17,167.65,-0.01,108.8,-0.01
2018-01-18,167.91,0.26,108.96,0.16
2018-01-19,167.89,-0.02,108.93,-0.03
2018-01-22,167.85,-0.04,108.9,-0.03
2018-01-23,167.77,-0.08,108.85,-0.05
2018-01-24,167.88,0.11,108.91,0.06
2018-01-25,167.74,-0.14,108.81,-0.1
2018-01-26,167.67,-0.07,108.75,-0.06
2018-01-29,167.18,-0.49,108.43,-0.32
2018-01-30,167.03,-0.15,108.32,-0.11
2018-01-31,167.13,0.1,108.38,0.06
2018-02-01,167.27,0.14,108.46,0.08
2018-02-02,167.34,0.07,108.49,0.03
2018-02-05,167.11,-0.23,108.34,-0.15
2018-02-06,167.49,0.38,108.58,0.24
2018-02-07,167.62,0.13,108.66,0.08
2018-02-08,167.47,-0.15,108.56,-0.1
2018-02-09,167.39,-0.08,108.48,-0.08
2018-02-12,167.17,-0.22,108.33,-0.15
2018-02-13,167.35,0.18,108.44,0.11
2018-02-14,167.44,0.09,108.48,0.04
2018-02-19,167.27,-0.17,108.36,-0.12
2018-02-20,167.2,-0.07,108.31,-0.05
2018-02-21,167.26,0.06,108.34,0.03
2018-02-22,167.26,0,108.33,-0.01
2018-02-23,167.42,0.16,108.42,0.09
2018-02-26,167.61,0.19,108.54,0.12
2018-02-27,167.73,0.12,108.61,0.07
2018-02-28,167.73,0,108.6,-0.01
2018-03-02,167.66,-0.07,108.54,-0.06
2018-03-05,167.63,-0.03,108.51,-0.03
2018-03-06,167.58,-0.05,108.47,-0.04
2018-03-07,167.73,0.15,108.57,0.1
2018-03-08,167.81,0.08,108.61,0.04
2018-03-09,167.74,-0.07,108.19,-0.42
2018-03-12,167.52,-0.22,108.22,0.03
2018-03-13,167.63,0.11,108.28,0.06
2018-03-14,167.87,0.24,108.44,0.16
2018-03-15,167.99,0.12,108.5,0.06
2018-03-16,167.91,-0.08,108.43,-0.07
2018-03-19,167.93,0.02,108.44,0.01
2018-03-20,167.9,-0.03,108.42,-0.02
2018-03-21,167.94,0.04,108.43,0.01
2018-03-22,168.14,0.2,108.56,0.13
2018-03-23,168.48,0.34,108.77,0.21
2018-03-26,168.29,-0.19,108.63,-0.14
2018-03-27,168.37,0.08,108.68,0.05
2018-03-28,168.59,0.22,108.81,0.13
2018-03-29,168.53,-0.06,108.77,-0.04
2018-03-30,168.7,0.17,108.86,0.09
2018-04-02,168.57,-0.13,108.77,-0.09
2018-04-03,168.75,0.18,108.89,0.12
2018-04-04,168.86,0.11,108.95,0.06
2018-04-05,168.82,-0.04,108.92,-0.03
2018-04-06,169.03,0.21,109.04,0.12
2018-04-09,168.99,-0.04,109,-0.04
2018-04-10,168.86,-0.13,108.91,-0.09
2018-04-11,169.09,0.23,109.05,0.14
2018-04-12,169.18,0.09,109.11,0.06
2018-04-13,169.14,-0.04,109.06,-0.05
2018-04-16,169.02,-0.12,108.98,-0.08
2018-04-17,168.94,-0.08,108.92,-0.06
2018-04-18,168.77,-0.17,108.8,-0.12
2018-04-19,168.83,0.06,108.84,0.04
2018-04-20,168.73,-0.1,108.76,-0.08
2018-04-23,168.44,-0.29,108.56,-0.2
2018-04-24,168.42,-0.02,108.54,-0.02
2018-04-25,168.26,-0.16,108.43,-0.11
2018-04-26,168.33,0.07,108.47,0.04
2018-04-27,168.7,0.37,108.69,0.22
2018-04-30,168.62,-0.08,108.63,-0.06
2018-05-02,168.43,-0.19,108.5,-0.13
2018-05-03,168.38,-0.05,108.46,-0.04
2018-05-04,168.25,-0.13,108.35,-0.11
2018-05-08,168.08,-0.17,108.24,-0.11
2018-05-09,168.03,-0.05,108.2,-0.04
2018-05-10,168.27,0.24,108.35,0.15
2018-05-11,168.24,-0.03,108.31,-0.04
2018-05-14,168.11,-0.13,108.22,-0.09
2018-05-15,168.05,-0.06,108.18,-0.04
2018-05-16,168.2,0.15,108.26,0.08
2018-05-17,168.33,0.13,108.34,0.08
2018-05-18,168.51,0.18,108.44,0.1
2018-05-21,168.53,0.02,108.44,0
2018-05-23,168.62,0.09,108.5,0.06
2018-05-24,168.94,0.32,108.7,0.2
2018-05-25,168.97,0.03,108.69,-0.01
2018-05-28,168.85,-0.12,108.62,-0.07
2018-05-29,169.09,0.24,108.76,0.14
2018-05-30,169.09,0,108.75,-0.01
2018-05-31,169.08,-0.01,108.74,-0.01
2018-06-01,169.1,0.02,108.74,0
2018-06-04,168.95,-0.15,108.64,-0.1
2018-06-05,169,0.05,108.65,0.01
2018-06-07,168.84,-0.16,108.55,-0.1
2018-06-08,169.06,0.22,108.67,0.12
2018-06-11,168.91,-0.15,108.18,-0.49
2018-06-12,168.13,-0.78,108.05,-0.13
2018-06-14,168.96,0.83,108.58,0.53
2018-06-15,169.29,0.33,108.77,0.19
2018-06-18,169.44,0.15,108.86,0.09
2018-06-19,169.64,0.2,108.98,0.12
2018-06-20,169.67,0.03,109,0.02
2018-06-21,169.8,0.13,109.08,0.08
2018-06-22,169.78,-0.02,109.04,-0.04
2018-06-25,169.86,0.08,109.08,0.04
2018-06-26,169.8,-0.06,109.04,-0.04
2018-06-27,170.08,0.28,109.22,0.18
2018-06-28,170.23,0.15,109.31,0.09
2018-06-29,170.21,-0.02,109.27,-0.04
2018-07-02,170.33,0.12,109.35,0.08
2018-07-03,170.1,-0.23,109.19,-0.16
2018-07-04,170.3,0.2,109.31,0.12
2018-07-05,170.4,0.1,109.37,0.06
2018-07-06,170.29,-0.11,109.28,-0.09
2018-07-09,170.35,0.06,109.31,0.03
2018-07-10,170.42,0.07,109.35,0.04
2018-07-11,170.68,0.26,109.51,0.16
2018-07-12,170.51,-0.17,109.4,-0.11
2018-07-13,170.42,-0.09,109.32,-0.08
2018-07-16,170.56,0.14,109.4,0.08
2018-07-17,170.47,-0.09,109.34,-0.06
2018-07-18,170.65,0.18,109.45,0.11
2018-07-19,170.61,-0.04,109.42,-0.03
2018-07-20,170.73,0.12,109.47,0.05
2018-07-23,170.68,-0.05,109.44,-0.03
2018-07-24,170.5,-0.18,109.31,-0.13
2018-07-25,170.68,0.18,109.42,0.11
2018-07-26,170.69,0.01,109.42,0
2018-07-27,170.47,-0.22,109.26,-0.16
2018-07-30,170.48,0.01,109.26,0
2018-07-31,170.62,0.14,109.34,0.08
2018-08-01,170.38,-0.24,109.18,-0.16
2018-08-02,170.49,0.11,109.25,0.07
2018-08-03,170.5,0.01,109.23,-0.02
2018-08-06,170.7,0.2,109.35,0.12
2018-08-07,170.77,0.07,109.39,0.04
2018-08-08,170.79,0.02,109.4,0.01
2018-08-09,171.03,0.24,109.55,0.15
2018-08-10,171.19,0.16,109.63,0.08
2018-08-13,171.18,-0.01,109.62,-0.01
2018-08-14,171.09,-0.09,109.55,-0.07
2018-08-16,171.28,0.19,109.67,0.12
2018-08-17,171.61,0.33,109.86,0.19
2018-08-20,171.84,0.23,110,0.14
2018-08-21,172.2,0.36,110.22,0.22
2018-08-22,172.01,-0.19,110.09,-0.13
2018-08-23,171.99,-0.02,110.08,-0.01
2018-08-24,172.02,0.03,110.08,0
2018-08-27,172.1,0.08,110.12,0.04
2018-08-28,172.17,0.07,110.16,0.04
2018-08-29,172.21,0.04,110.18,0.02
2018-08-30,172.11,-0.1,110.11,-0.07
2018-08-31,172.56,0.45,110.38,0.27
2018-09-03,172.66,0.1,110.44,0.06
2018-09-04,172.67,0.01,110.44,0
2018-09-05,172.82,0.15,110.53,0.09
2018-09-06,172.81,-0.01,110.51,-0.02
2018-09-07,172.83,0.02,110.5,-0.01
2018-09-10,173.25,0.42,110.57,0.07
2018-09-11,173.18,-0.07,110.72,0.15
2018-09-12,173.38,0.2,110.84,0.12
2018-09-13,173.28,-0.1,110.77,-0.07
2018-09-14,172.96,-0.32,110.54,-0.23
2018-09-17,172.9,-0.06,110.5,-0.04
2018-09-18,172.72,-0.18,110.38,-0.12
2018-09-19,172.6,-0.12,110.29,-0.09
2018-09-20,172.21,-0.39,110.04,-0.25
2018-09-21,172.29,0.08,110.05,0.01
2018-09-27,172.61,0.32,110.25,0.2
2018-09-28,172.72,0.11,110.3,0.05
2018-10-01,172.56,-0.16,110.18,-0.12
2018-10-02,172.68,0.12,110.25,0.07
2018-10-04,172.14,-0.54,109.9,-0.35
2018-10-05,172.04,-0.1,109.81,-0.09
2018-10-08,172.07,0.03,109.82,0.01
2018-10-10,172.33,0.26,109.98,0.16
2018-10-11,172.79,0.46,110.26,0.28
2018-10-12,172.47,-0.32,110.04,-0.22
2018-10-15,172.62,0.15,110.13,0.09
2018-10-16,172.59,-0.03,110.11,-0.02
2018-10-17,172.86,0.27,110.28,0.17
2018-10-18,173.3,0.44,110.55,0.27
2018-10-19,173.14,-0.16,110.42,-0.13
2018-10-22,173.02,-0.12,110.34,-0.08
2018-10-23,173.24,0.22,110.48,0.14
2018-10-24,173.2,-0.04,110.44,-0.04
2018-10-25,173.52,0.32,110.64,0.2
2018-10-26,173.67,0.15,110.72,0.08
2018-10-29,174.25,0.58,111.08,0.36
2018-10-30,173.96,-0.29,110.89,-0.19
2018-10-31,173.85,-0.11,110.81,-0.08
2018-11-01,173.73,-0.12,110.73,-0.08
2018-11-02,173.44,-0.29,110.53,-0.2
2018-11-05,173.49,0.05,110.55,0.02
2018-11-06,173.49,0,110.54,-0.01
2018-11-07,173.63,0.14,110.63,0.09
2018-11-08,173.68,0.05,110.65,0.02
2018-11-09,173.84,0.16,110.74,0.09
2018-11-12,174.05,0.21,110.86,0.12
2018-11-13,173.99,-0.06,110.82,-0.04
2018-11-14,174.16,0.17,110.92,0.1
2018-11-15,173.92,-0.24,110.76,-0.16
2018-11-16,174.03,0.11,110.81,0.05
2018-11-19,174.14,0.11,110.87,0.06
2018-11-20,174.13,-0.01,110.86,-0.01
2018-11-21,174.14,0.01,110.86,0
2018-11-22,174.17,0.03,110.87,0.01
2018-11-23,174.4,0.23,111,0.13
2018-11-26,174.47,0.07,111.04,0.04
2018-11-27,174.55,0.08,111.08,0.04
2018-11-28,174.52,-0.03,111.05,-0.03
2018-11-29,174.78,0.26,111.22,0.17
2018-11-30,174.8,0.02,111.21,-0.01
2018-12-03,174.68,-0.12,111.13,-0.08
2018-12-04,174.82,0.14,111.21,0.08
2018-12-05,175.08,0.26,111.37,0.16
2018-12-06,175.6,0.52,111.7,0.33
2018-12-07,175.61,0.01,111.69,-0.01
2018-12-10,176.62,1.01,111.89,0.2
2018-12-11,176.61,-0.01,112.31,0.42
2018-12-12,176.4,-0.21,112.17,-0.14
2018-12-13,176.41,0.01,112.17,0
2018-12-14,176.48,0.07,112.2,0.03
2018-12-17,176.53,0.05,112.22,0.02
2018-12-18,176.65,0.12,112.29,0.07
2018-12-19,176.94,0.29,112.47,0.18
2018-12-20,176.9,-0.04,112.43,-0.04
2018-12-21,176.59,-0.31,112.22,-0.21
2018-12-24,176.51,-0.08,112.15,-0.07
2018-12-26,176.77,0.26,112.31,0.16
2018-12-27,176.78,0.01,112.31,0
2018-12-28,176.78,0,112.27,-0.04
2019-01-02,176.9,0.12,112.35,0.08
2019-01-03,176.95,0.05,112.37,0.02
2019-01-04,176.82,-0.13,112.27,-0.1
2019-01-07,176.84,0.02,112.27,0
2019-01-08,176.72,-0.12,112.19,-0.08
2019-01-09,176.74,0.02,112.2,0.01
2019-01-10,176.89,0.15,112.29,0.09
2019-01-11,176.75,-0.14,112.17,-0.12
2019-01-14,176.94,0.19,112.29,0.12
2019-01-15,177.01,0.07,112.33,0.04
2019-01-16,176.92,-0.09,112.26,-0.07
2019-01-17,176.97,0.05,112.29,0.03
2019-01-18,176.8,-0.17,112.15,-0.14
2019-01-21,176.7,-0.1,112.08,-0.07
2019-01-22,176.86,0.16,112.18,0.1
2019-01-23,176.99,0.13,112.25,0.07
2019-01-24,176.93,-0.06,112.21,-0.04
2019-01-25,176.86,-0.07,112.15,-0.06
2019-01-28,176.82,-0.04,112.11,-0.04
2019-01-29,176.82,0,112.1,-0.01
2019-01-30,176.63,-0.19,111.98,-0.12
2019-01-31,176.94,0.31,112.17,0.19
2019-02-01,177.04,0.1,112.19,0.02
2019-02-07,177.08,0.04,112.21,0.02
2019-02-08,177.26,0.18,112.3,0.09
2019-02-11,177.39,0.13,112.38,0.08
2019-02-12,177.28,-0.11,112.3,-0.08
2019-02-13,177.2,-0.08,112.24,-0.06
2019-02-14,177.18,-0.02,112.23,-0.01
2019-02-15,177.42,0.24,112.36,0.13
2019-02-18,177.2,-0.22,112.21,-0.15
2019-02-19,177.2,0,112.21,0
2019-02-20,177.23,0.03,112.22,0.01
2019-02-21,177.14,-0.09,112.15,-0.07
2019-02-22,177.12,-0.02,112.12,-0.03
2019-02-25,177.09,-0.03,112.1,-0.02
2019-02-26,177.15,0.06,112.12,0.02
2019-02-27,177.29,0.14,112.21,0.09
2019-02-28,177.29,0,112.18,-0.03
2019-03-04,177.09,-0.2,112.04,-0.14
2019-03-05,177.06,-0.03,112.02,-0.02
2019-03-06,177.14,0.08,112.07,0.05
2019-03-07,177.3,0.16,112.16,0.09
2019-03-08,177.49,0.19,112.26,0.1
2019-03-11,177.44,-0.05,112.02,-0.24
2019-03-12,177.44,0,112.22,0.2
2019-03-13,177.59,0.15,112.31,0.09
2019-03-14,177.57,-0.02,112.28,-0.03
2019-03-15,177.48,-0.09,112.21,-0.07
2019-03-18,177.46,-0.02,112.19,-0.02
2019-03-19,177.55,0.09,112.24,0.05
2019-03-20,177.55,0,112.24,0
2019-03-21,177.83,0.28,112.41,0.17
2019-03-22,177.83,0,112.38,-0.03
2019-03-25,178.13,0.3,112.57,0.19
2019-03-26,178.1,-0.03,112.54,-0.03
2019-03-27,178.51,0.41,112.79,0.25
2019-03-28,178.8,0.29,112.97,0.18
2019-03-29,178.74,-0.06,112.92,-0.05
2019-04-01,178.49,-0.25,112.75,-0.17
2019-04-02,178.59,0.1,112.81,0.06
2019-04-03,178.43,-0.16,112.7,-0.11
2019-04-04,178.47,0.04,112.72,0.02
2019-04-05,178.33,-0.14,112.61,-0.11
2019-04-08,178.52,0.19,112.72,0.11
2019-04-09,178.52,0,112.71,-0.01
2019-04-10,178.51,-0.01,112.7,-0.01
2019-04-11,178.56,0.05,112.73,0.03
2019-04-12,178.42,-0.14,112.62,-0.11
2019-04-15,178.22,-0.2,112.49,-0.13
2019-04-16,178.2,-0.02,112.47,-0.02
2019-04-17,178.09,-0.11,112.39,-0.08
2019-04-18,178.46,0.37,112.62,0.23
2019-04-19,178.38,-0.08,112.55,-0.07
2019-04-22,178.23,-0.15,112.44,-0.11
2019-04-23,178.25,0.02,112.45,0.01
2019-04-24,178.36,0.11,112.51,0.06
2019-04-25,178.62,0.26,112.67,0.16
2019-04-26,178.68,0.06,112.7,0.03
2019-04-29,178.78,0.1,112.75,0.05
2019-04-30,178.91,0.13,112.82,0.07
2019-05-02,178.64,-0.27,112.64,-0.18
2019-05-03,178.56,-0.08,112.56,-0.08
2019-05-07,178.71,0.15,112.65,0.09
2019-05-08,178.77,0.06,112.68,0.03
2019-05-09,178.88,0.11,112.75,0.07
2019-05-10,178.77,-0.11,112.66,-0.09
2019-05-13,178.79,0.02,112.67,0.01
2019-05-14,178.82,0.03,112.67,0
2019-05-15,178.89,0.07,112.71,0.04
2019-05-16,179.18,0.29,112.89,0.18
2019-05-17,179.24,0.06,112.91,0.02
2019-05-20,179.12,-0.12,112.83,-0.08
2019-05-21,179.26,0.14,112.91,0.08
2019-05-22,179.24,-0.02,112.89,-0.02
2019-05-23,179.43,0.19,113,0.11
2019-05-24,179.54,0.11,113.06,0.06
2019-05-27,179.49,-0.05,113.02,-0.04
2019-05-28,179.5,0.01,113.02,0
2019-05-29,179.86,0.36,113.24,0.22
2019-05-30,179.87,0.01,113.24,0
2019-05-31,180.26,0.39,113.46,0.22
2019-06-03,180.25,-0.01,113.45,-0.01
2019-06-04,180.34,0.09,113.5,0.05
2019-06-05,180.56,0.22,113.63,0.13
2019-06-07,180.54,-0.02,113.6,-0.03
2019-06-10,181.14,0.6,113.56,-0.04
2019-06-11,181.02,-0.12,113.89,0.33
2019-06-12,181.63,0.61,114.26,0.37
2019-06-13,181.54,-0.09,114.2,-0.06
2019-06-14,181.7,0.16,114.29,0.09
2019-06-17,181.54,-0.16,114.18,-0.11
2019-06-18,181.52,-0.02,114.16,-0.02
2019-06-19,181.62,0.1,114.21,0.05
2019-06-20,182.15,0.53,114.54,0.33
2019-06-21,181.93,-0.22,114.39,-0.15
2019-06-24,182,0.07,114.43,0.04
2019-06-25,181.74,-0.26,114.26,-0.17
2019-06-26,181.6,-0.14,114.16,-0.1
2019-06-27,181.6,0,114.15,-0.01
2019-06-28,181.77,0.17,114.24,0.09
2019-07-01,181.68,-0.09,114.18,-0.06
2019-07-02,181.84,0.16,114.28,0.1
2019-07-03,182.23,0.39,114.52,0.24
2019-07-04,182.29,0.06,114.55,0.03
2019-07-05,182.26,-0.03,114.51,-0.04
2019-07-08,182.24,-0.02,114.49,-0.02
2019-07-09,182.28,0.04,114.51,0.02
2019-07-10,182.14,-0.14,114.42,-0.09
2019-07-11,182.29,0.15,114.51,0.09
2019-07-12,182.15,-0.14,114.4,-0.11
2019-07-15,182.12,-0.03,114.38,-0.02
2019-07-16,182.15,0.03,114.39,0.01
2019-07-17,182.36,0.21,114.51,0.12
2019-07-18,182.97,0.61,114.89,0.38
2019-07-19,183.1,0.13,114.96,0.07
2019-07-22,183.02,-0.08,114.9,-0.06
2019-07-23,183.01,-0.01,114.89,-0.01
2019-07-24,183.09,0.08,114.93,0.04
2019-07-25,183.27,0.18,115.04,0.11
2019-07-26,183.33,0.06,115.06,0.02
2019-07-29,183.45,0.12,115.13,0.07
2019-07-30,183.45,0,115.12,-0.01
2019-07-31,183.54,0.09,115.18,0.06
2019-08-01,183.41,-0.13,115.08,-0.1
2019-08-02,183.85,0.44,115.35,0.27
2019-08-05,184.62,0.77,115.83,0.48
2019-08-06,184.7,0.08,115.87,0.04
2019-08-07,184.74,0.04,115.89,0.02
2019-08-08,184.63,-0.11,115.81,-0.08
2019-08-09,184.4,-0.23,115.65,-0.16
2019-08-12,184.51,0.11,115.71,0.06
2019-08-13,184.87,0.36,115.93,0.22
2019-08-14,184.87,0,115.92,-0.01
2019-08-16,185.35,0.48,116.21,0.29
2019-08-19,185.3,-0.05,116.17,-0.04
2019-08-20,185.25,-0.05,116.13,-0.04
2019-08-21,184.65,-0.6,115.75,-0.38
2019-08-22,184.98,0.33,115.95,0.2
2019-08-23,184.67,-0.31,115.74,-0.21
2019-08-26,185.24,0.57,116.09,0.35
2019-08-27,184.88,-0.36,115.86,-0.23
2019-08-28,184.74,-0.14,115.76,-0.1
2019-08-29,184.74,0,115.76,0
2019-08-30,184.66,-0.08,115.69,-0.07
2019-09-02,184.1,-0.56,115.33,-0.36
2019-09-03,184.23,0.13,115.4,0.07
2019-09-04,184.08,-0.15,115.3,-0.1
2019-09-05,183.94,-0.14,115.21,-0.09
2019-09-06,183.91,-0.03,115.18,-0.03
2019-09-09,184.16,0.25,115.33,0.15
2019-09-10,182.65,-1.51,114.19,-1.14
2019-09-11,182.44,-0.21,114.21,0.02
2019-09-16,183.15,0.71,114.65,0.44
2019-09-17,181.79,-1.36,113.79,-0.86
2019-09-18,181.97,0.18,113.9,0.11
2019-09-19,181.92,-0.05,113.86,-0.04
2019-09-20,183.6,1.68,114.9,1.04
2019-09-23,183.61,0.01,114.9,0
2019-09-24,183.66,0.05,114.93,0.03
2019-09-25,183.87,0.21,115.05,0.12
2019-09-26,183.89,0.02,115.06,0.01
2019-09-27,183.87,-0.02,115.03,-0.03
2019-09-30,183.87,0,115.02,-0.01
2019-10-01,183.61,-0.26,114.85,-0.17
2019-10-02,183.69,0.08,114.9,0.05
2019-10-04,184.63,0.94,115.47,0.57
2019-10-07,184.57,-0.06,115.42,-0.05
2019-10-08,184.14,-0.43,115.15,-0.27
2019-10-10,184.02,-0.12,115.06,-0.09
2019-10-11,183.84,-0.18,114.93,-0.13
2019-10-14,183.89,0.05,114.96,0.03
2019-10-15,183.86,-0.03,114.94,-0.02
2019-10-16,183.57,-0.29,114.75,-0.19
2019-10-17,183.17,-0.4,114.49,-0.26
2019-10-18,183.1,-0.07,114.43,-0.06
2019-10-21,182.67,-0.43,114.15,-0.28
2019-10-22,182.8,0.13,114.23,0.08
2019-10-23,182.81,0.01,114.23,0
2019-10-24,182.8,-0.01,114.22,-0.01
2019-10-25,182.55,-0.25,114.05,-0.17
2019-10-28,181.82,-0.73,113.58,-0.47
2019-10-29,181.83,0.01,113.58,0
2019-10-30,182.01,0.18,113.69,0.11
2019-10-31,182.21,0.2,113.81,0.12
2019-11-01,182.17,-0.04,113.77,-0.04
2019-11-04,181.54,-0.63,113.36,-0.41
2019-11-05,181.66,0.12,113.44,0.08
2019-11-06,181.59,-0.07,113.39,-0.05
2019-11-07,181.66,0.07,113.42,0.03
2019-11-08,181.76,0.1,113.47,0.05
2019-11-11,181.98,0.22,113.6,0.13
2019-11-12,181.5,-0.48,113.3,-0.3
2019-11-13,181.96,0.46,113.58,0.28
2019-11-14,181.96,0,113.57,-0.01
2019-11-15,182.02,0.06,113.59,0.02
2019-11-18,182.06,0.04,113.61,0.02
2019-11-19,182.33,0.27,113.78,0.17
2019-11-20,182.76,0.43,114.04,0.26
2019-11-21,182.73,-0.03,114.02,-0.02
2019-11-22,182.71,-0.02,113.99,-0.03
2019-11-25,182.46,-0.25,113.82,-0.17
2019-11-26,182.58,0.12,113.9,0.08
2019-11-27,182.79,0.21,114.02,0.12
2019-11-28,182.9,0.11,114.09,0.07
2019-11-29,183.28,0.38,114.31,0.22
2019-12-02,182.94,-0.34,114.09,-0.22
2019-12-03,182.61,-0.33,113.88,-0.21
2019-12-04,183.12,0.51,114.19,0.31
2019-12-05,183.06,-0.06,114.15,-0.04
2019-12-06,182.98,-0.08,114.08,-0.07
2019-12-09,183.11,0.13,114.15,0.07
2019-12-10,182.69,-0.42,113.57,-0.58
2019-12-11,182.41,-0.28,113.71,0.14
2019-12-12,182.89,0.48,114,0.29
2019-12-13,182.45,-0.44,113.71,-0.29
2019-12-16,182.74,0.29,113.89,0.18
2019-12-17,183.05,0.31,114.08,0.19
2019-12-18,183.11,0.06,114.11,0.03
2019-12-19,182.81,-0.3,113.92,-0.19
2019-12-20,182.68,-0.13,113.82,-0.1
2019-12-23,182.88,0.2,113.94,0.12
2019-12-24,183.01,0.13,114.02,0.08
2019-12-26,182.9,-0.11,113.94,-0.08
2019-12-27,182.72,-0.18,113.82,-0.12
2019-12-30,182.79,0.07,113.84,0.02
2020-01-02,183.16,0.37,114.07,0.23
2020-01-03,183.79,0.63,114.45,0.38
2020-01-06,183.97,0.18,114.55,0.1
2020-01-07,183.36,-0.61,114.17,-0.38
2020-01-08,183.13,-0.23,114.02,-0.15
2020-01-09,182.64,-0.49,113.71,-0.31
2020-01-10,182.48,-0.16,113.6,-0.11
2020-01-13,182.33,-0.15,113.5,-0.1
2020-01-14,182.67,0.34,113.71,0.21
2020-01-15,182.73,0.06,113.74,0.03
2020-01-16,182.59,-0.14,113.65,-0.09
2020-01-17,182.38,-0.21,113.5,-0.15
2020-01-20,182.21,-0.17,113.39,-0.11
2020-01-21,182.83,0.62,113.77,0.38
2020-01-22,182.51,-0.32,113.57,-0.2
2020-01-23,182.66,0.15,113.64,0.07
2020-01-28,183.46,0.8,114.13,0.49
2020-01-29,183.59,0.13,114.21,0.08
2020-01-30,183.91,0.32,114.4,0.19
2020-01-31,183.92,0.01,114.39,-0.01
2020-02-03,184.02,0.1,114.45,0.06
2020-02-04,183.48,-0.54,114.11,-0.34
2020-02-05,183.75,0.27,114.28,0.17
2020-02-06,183.51,-0.24,114.12,-0.16
2020-02-07,183.74,0.23,114.25,0.13
2020-02-10,183.73,-0.01,114.24,-0.01
2020-02-11,183.72,-0.01,114.23,-0.01
2020-02-12,183.66,-0.06,114.18,-0.05
2020-02-13,183.77,0.11,114.25,0.07
2020-02-14,183.36,-0.41,113.98,-0.27
2020-02-17,183.58,0.22,114.11,0.13
2020-02-18,184.09,0.51,114.43,0.32
2020-02-19,184.09,0,114.42,-0.01
2020-02-20,184.62,0.53,114.75,0.33
2020-02-21,185.07,0.45,115.01,0.26
2020-02-24,185.37,0.3,115.19,0.18
2020-02-25,185.21,-0.16,115.09,-0.1
2020-02-26,185.48,0.27,115.25,0.16
2020-02-27,185.02,-0.46,114.96,-0.29
2020-02-28,185.9,0.88,115.5,0.54
2020-03-02,185.6,-0.3,115.3,-0.2
2020-03-03,185.73,0.13,115.38,0.08
2020-03-04,186.39,0.66,115.79,0.41
2020-03-05,186.14,-0.25,115.62,-0.17
2020-03-06,185.79,-0.35,115.4,-0.22
2020-03-09,186.32,0.53,115.72,0.32
2020-03-10,186.51,0.19,115.72,0
2020-03-11,186.17,-0.34,115.62,-0.1
2020-03-12,186.24,0.07,115.66,0.04
2020-03-13,185.11,-1.13,114.94,-0.72
2020-03-16,185.52,0.41,115.19,0.25
2020-03-17,186.14,0.62,115.57,0.38
2020-03-18,185.76,-0.38,115.33,-0.24
2020-03-19,184.42,-1.34,114.49,-0.84
2020-03-20,184.85,0.43,114.75,0.26
2020-03-23,184.21,-0.64,114.34,-0.41
2020-03-24,184.42,0.21,114.47,0.13
2020-03-25,184.53,0.11,114.53,0.06
2020-03-26,185.72,1.19,115.27,0.74
2020-03-27,185.6,-0.12,115.18,-0.09
2020-03-30,185.27,-0.33,114.97,-0.21
2020-03-31,185.57,0.3,115.15,0.18
2020-04-01,185.36,-0.21,115.02,-0.13
2020-04-02,185.55,0.19,115.13,0.11
2020-04-03,185.46,-0.09,115.06,-0.07
2020-04-06,185.64,0.18,115.17,0.11
2020-04-07,185.42,-0.22,115.02,-0.15
2020-04-08,185.85,0.43,115.29,0.27
2020-04-09,186.39,0.54,115.62,0.33
2020-04-10,186.41,0.02,115.62,0
2020-04-13,186.25,-0.16,115.51,-0.11
2020-04-14,186.26,0.01,115.51,0
2020-04-16,186.63,0.37,115.74,0.23
2020-04-17,186.38,-0.25,115.57,-0.17
2020-04-20,186.34,-0.04,115.54,-0.03
2020-04-21,186.22,-0.12,115.46,-0.08
2020-04-22,185.85,-0.37,115.23,-0.23
2020-04-23,185.72,-0.13,115.14,-0.09
2020-04-24,185.81,0.09,115.18,0.04
2020-04-27,185.8,-0.01,115.17,-0.01
2020-04-28,185.72,-0.08,115.12,-0.05
2020-04-29,186.07,0.35,115.31,0.19
2020-05-04,186.3,0.23,115.44,0.13
2020-05-06,186.32,0.02,115.45,0.01
2020-05-07,186.48,0.16,115.55,0.1
2020-05-08,186.83,0.35,115.75,0.2
2020-05-11,186.72,-0.11,115.68,-0.07
2020-05-12,186.98,0.26,115.83,0.15
2020-05-13,187.2,0.22,115.97,0.14
2020-05-14,187.2,0,115.96,-0.01
2020-05-15,187.19,-0.01,115.94,-0.02
2020-05-18,187.17,-0.02,115.93,-0.01
2020-05-19,187.28,0.11,115.99,0.06
2020-05-20,187.55,0.27,116.15,0.16
2020-05-21,187.59,0.04,116.17,0.02
2020-05-22,187.68,0.09,116.22,0.05
2020-05-25,187.95,0.27,116.38,0.16
2020-05-26,187.82,-0.13,116.29,-0.09
2020-05-27,187.64,-0.18,116.18,-0.11
2020-05-28,187.87,0.23,116.32,0.14
2020-05-29,187.66,-0.21,116.17,-0.15
2020-06-01,187.59,-0.07,116.12,-0.05
2020-06-02,187.46,-0.13,116.04,-0.08
2020-06-03,187.3,-0.16,115.93,-0.11
2020-06-04,187.13,-0.17,115.82,-0.11
2020-06-05,187.14,0.01,115.81,-0.01
2020-06-08,187.07,-0.07,115.77,-0.04
2020-06-09,187.5,0.43,116.03,0.26
2020-06-10,187.89,0.39,116.03,0
2020-06-11,188.28,0.39,116.5,0.47
2020-06-12,188.21,-0.07,116.45,-0.05
2020-06-15,187.97,-0.24,116.3,-0.15
2020-06-16,188.13,0.16,116.4,0.1
2020-06-17,188.03,-0.1,116.33,-0.07
2020-06-18,188.36,0.33,116.52,0.19
2020-06-19,188.28,-0.08,116.46,-0.06
2020-06-22,187.96,-0.32,116.26,-0.2
2020-06-23,188.08,0.12,116.34,0.08
2020-06-24,188.26,0.18,116.44,0.1
2020-06-25,188.34,0.08,116.49,0.05
2020-06-26,188.46,0.12,116.55,0.06
2020-06-29,188.21,-0.25,116.39,-0.16
2020-06-30,188.17,-0.04,116.36,-0.03
2020-07-01,187.92,-0.25,116.2,-0.16
2020-07-02,188.09,0.17,116.31,0.11
2020-07-03,188.03,-0.06,116.26,-0.05
2020-07-06,187.94,-0.09,116.19,-0.07
2020-07-07,188.1,0.16,116.29,0.1
2020-07-08,188.12,0.02,116.3,0.01
2020-07-09,188.11,-0.01,116.28,-0.02
2020-07-10,188.02,-0.09,116.22,-0.06
2020-07-13,187.92,-0.1,116.15,-0.07
2020-07-14,187.89,-0.03,116.13,-0.02
2020-07-15,187.95,0.06,116.17,0.04
2020-07-16,188.16,0.21,116.29,0.12
2020-07-17,188.54,0.38,116.51,0.22
2020-07-20,188.62,0.08,116.56,0.05
2020-07-21,188.47,-0.15,116.46,-0.1
2020-07-22,188.56,0.09,116.51,0.05
2020-07-23,188.78,0.22,116.64,0.13
2020-07-24,188.79,0.01,116.64,0
2020-07-27,188.8,0.01,116.64,0
2020-07-28,188.63,-0.17,116.53,-0.11
2020-07-29,188.76,0.13,116.61,0.08
2020-07-30,188.92,0.16,116.7,0.09
2020-07-31,188.94,0.02,116.7,0
2020-08-03,188.88,-0.06,116.66,-0.04
2020-08-04,188.88,0,116.66,0
2020-08-05,188.95,0.07,116.69,0.03
2020-08-06,188.81,-0.14,116.61,-0.08
2020-08-07,188.81,0,116.6,-0.01
2020-08-10,188.5,-0.31,116.4,-0.2
2020-08-11,188.66,0.16,116.49,0.09
2020-08-12,188.62,-0.04,116.46,-0.03
2020-08-13,188.7,0.08,116.51,0.05
2020-08-14,188.47,-0.23,116.35,-0.16
2020-08-18,188.77,0.3,116.53,0.18
2020-08-19,188.81,0.04,116.55,0.02
2020-08-20,188.67,-0.14,116.46,-0.09
2020-08-21,188.32,-0.35,116.24,-0.22
2020-08-24,188.6,0.28,116.4,0.16
2020-08-25,188.53,-0.07,116.36,-0.04
2020-08-26,188.41,-0.12,116.28,-0.08
2020-08-27,188.29,-0.12,116.2,-0.08
2020-08-28,187.81,-0.48,115.89,-0.31
2020-08-31,187.56,-0.25,115.73,-0.16
2020-09-01,187.01,-0.55,115.38,-0.35
2020-09-02,187.45,0.44,115.66,0.28
2020-09-03,187.57,0.12,115.72,0.06
2020-09-04,187.47,-0.1,115.65,-0.07
2020-09-07,187.17,-0.3,115.46,-0.19
2020-09-08,187.35,0.18,115.57,0.11
2020-09-09,187.64,0.29,115.74,0.17
2020-09-10,187.56,-0.08,115.56,-0.18
2020-09-11,187.1,-0.46,115.39,-0.17
2020-09-14,187.19,0.09,115.45,0.06
2020-09-15,187.67,0.48,115.74,0.29
2020-09-16,187.44,-0.23,115.59,-0.15
2020-09-17,187.29,-0.15,115.5,-0.09
2020-09-18,187.31,0.02,115.5,0
2020-09-21,187.43,0.12,115.56,0.06
2020-09-22,187.59,0.16,115.66,0.1
2020-09-23,187.79,0.2,115.78,0.12
2020-09-24,187.93,0.14,115.86,0.08
2020-09-25,188.38,0.45,116.13,0.27
2020-09-28,188.43,0.05,116.16,0.03
2020-09-29,188.07,-0.36,115.91,-0.25
2020-10-05,187.72,-0.35,115.69,-0.22
