DATE,DCOILWTICO
2010-01-01,79.35
2010-01-04,79.39
2010-01-05,81.52
2010-01-06,81.74
2010-01-07,83.12
2010-01-08,82.6
2010-01-11,82.74
2010-01-12,82.54
2010-01-13,80.79
2010-01-14,79.66
2010-01-15,79.35
2010-01-19,77.96
2010-01-20,78.98
2010-01-21,77.42
2010-01-22,75.84
2010-01-25,74.25
2010-01-26,74.9
2010-01-27,74.67
2010-01-28,73.64
2010-01-29,73.62
2010-02-01,72.85
2010-02-02,74.41
2010-02-03,77.21
2010-02-04,76.96
2010-02-05,73.13
2010-02-08,71.15
2010-02-09,71.87
2010-02-10,73.71
2010-02-11,74.48
2010-02-12,75.23
2010-02-16,74.11
2010-02-17,76.98
2010-02-18,77.27
2010-02-19,78.97
2010-02-22,79.77
2010-02-23,80.04
2010-02-24,78.61
2010-02-25,79.75
2010-02-26,77.99
2010-03-01,79.72
2010-03-02,78.71
2010-03-03,79.62
2010-03-04,80.91
2010-03-05,80.21
2010-03-08,81.5
2010-03-09,81.85
2010-03-10,81.5
2010-03-11,82.07
2010-03-12,82.1
2010-03-15,81.26
2010-03-16,79.79
2010-03-17,81.75
2010-03-18,82.93
2010-03-19,82.16
2010-03-22,80.58
2010-03-23,81.26
2010-03-24,81.68
2010-03-25,80.29
2010-03-26,80.25
2010-03-29,79.75
2010-03-30,81.92
2010-03-31,82.14
2010-04-01,83.45
2010-04-05,84.53
2010-04-06,86.36
2010-04-07,86.54
2010-04-08,85.64
2010-04-09,85.17
2010-04-12,84.6
2010-04-13,84.07
2010-04-14,83.8
2010-04-15,85.62
2010-04-16,85.25
2010-04-19,82.97
2010-04-20,81.52
2010-04-21,82.98
2010-04-22,82.78
2010-04-23,82.89
2010-04-26,84.34
2010-04-27,84.2
2010-04-28,82.43
2010-04-29,83.22
2010-04-30,85.17
2010-05-03,86.07
2010-05-04,86.19
2010-05-05,82.73
2010-05-06,80
2010-05-07,77.18
2010-05-10,75.1
2010-05-11,76.89
2010-05-12,76.37
2010-05-13,75.65
2010-05-14,74.38
2010-05-17,71.61
2010-05-18,70.08
2010-05-19,69.38
2010-05-20,69.91
2010-05-21,68.28
2010-05-24,68.03
2010-05-25,68.23
2010-05-26,64.78
2010-05-27,71.52
2010-05-28,74.56
2010-06-01,74
2010-06-02,72.7
2010-06-03,72.88
2010-06-04,74.62
2010-06-07,71.43
2010-06-08,71.55
2010-06-09,71.88
2010-06-10,74.38
2010-06-11,75.48
2010-06-14,73.89
2010-06-15,74.99
2010-06-16,76.84
2010-06-17,77.67
2010-06-18,76.82
2010-06-21,77.18
2010-06-22,77.84
2010-06-23,77.15
2010-06-24,75.9
2010-06-25,75.96
2010-06-28,78.45
2010-06-29,78.26
2010-06-30,75.93
2010-07-01,75.59
2010-07-02,72.95
2010-07-06,72.06
2010-07-07,71.96
2010-07-08,74.05
2010-07-09,75.46
2010-07-12,76.08
2010-07-13,74.93
2010-07-14,77.16
2010-07-15,77.02
2010-07-16,76.67
2010-07-19,75.96
2010-07-20,76.53
2010-07-21,77.32
2010-07-22,76.27
2010-07-23,79.01
2010-07-26,78.68
2010-07-27,78.93
2010-07-28,77.46
2010-07-29,77.06
2010-07-30,78.3
2010-08-02,78.85
2010-08-03,81.25
2010-08-04,82.52
2010-08-05,82.49
2010-08-06,82
2010-08-09,80.67
2010-08-10,81.46
2010-08-11,80.24
2010-08-12,78.09
2010-08-13,75.68
2010-08-16,75.39
2010-08-17,75.17
2010-08-18,75.76
2010-08-19,75.39
2010-08-20,74.45
2010-08-23,73.45
2010-08-24,72.71
2010-08-25,71.24
2010-08-26,72.07
2010-08-27,73.36
2010-08-30,75.17
2010-08-31,74.69
2010-09-01,71.93
2010-09-02,73.97
2010-09-03,74.99
2010-09-07,74.52
2010-09-08,73.98
2010-09-09,74.65
2010-09-10,74.25
2010-09-13,76.4
2010-09-14,77.17
2010-09-15,76.78
2010-09-16,75.92
2010-09-17,74.58
2010-09-20,73.63
2010-09-21,74.81
2010-09-22,72.96
2010-09-23,72.98
2010-09-24,73.4
2010-09-27,74.63
2010-09-28,76.51
2010-09-29,76.15
2010-09-30,77.85
2010-10-01,79.95
2010-10-04,81.57
2010-10-05,81.43
2010-10-06,82.83
2010-10-07,83.21
2010-10-08,81.34
2010-10-11,82.66
2010-10-12,82.18
2010-10-13,81.67
2010-10-14,83.03
2010-10-15,82.71
2010-10-18,81.23
2010-10-19,83.06
2010-10-20,79.57
2010-10-21,81.93
2010-10-22,80.03
2010-10-25,81.15
2010-10-26,82
2010-10-27,82.6
2010-10-28,81.9
2010-10-29,82.2
2010-11-01,81.45
2010-11-02,82.94
2010-11-03,83.91
2010-11-04,84.45
2010-11-05,86.49
2010-11-08,86.85
2010-11-09,87.07
2010-11-10,87.04
2010-11-11,87.77
2010-11-12,87.77
2010-11-15,84.89
2010-11-16,84.88
2010-11-17,82.33
2010-11-18,80.43
2010-11-19,81.88
2010-11-22,81.65
2010-11-23,81.24
2010-11-24,80.79
2010-11-26,83.21
2010-11-29,83.87
2010-11-30,85.73
2010-12-01,84.12
2010-12-02,86.75
2010-12-03,87.98
2010-12-06,89.18
2010-12-07,89.33
2010-12-08,88.69
2010-12-09,88.3
2010-12-10,88.35
2010-12-13,87.81
2010-12-14,88.62
2010-12-15,88.33
2010-12-16,88.66
2010-12-17,87.71
2010-12-20,88.02
2010-12-21,88.68
2010-12-22,89.3
2010-12-23,89.83
2010-12-27,90.84
2010-12-28,90.99
2010-12-29,91.48
2010-12-30,91.13
2010-12-31,89.85
2011-01-03,91.38
2011-01-04,91.59
2011-01-05,89.39
2011-01-06,90.3
2011-01-07,88.37
2011-01-10,88.07
2011-01-11,89.24
2011-01-12,91.11
2011-01-13,91.85
2011-01-14,91.39
2011-01-18,91.53
2011-01-19,91.38
2011-01-20,90.85
2011-01-21,88.56
2011-01-24,88.22
2011-01-25,86.74
2011-01-26,85.08
2011-01-27,86.15
2011-01-28,84.45
2011-01-31,88.15
2011-02-01,90.99
2011-02-02,89.54
2011-02-03,89.78
2011-02-04,89.42
2011-02-07,87.87
2011-02-08,86.3
2011-02-09,85.85
2011-02-10,85.59
2011-02-11,85.44
2011-02-14,84.39
2011-02-15,83.66
2011-02-16,83.13
2011-02-17,83.8
2011-02-18,85.05
2011-02-22,85.03
2011-02-23,92.65
2011-02-24,96.04
2011-02-25,95.83
2011-02-28,96.52
2011-03-01,97.1
2011-03-02,99.63
2011-03-03,102.27
2011-03-04,101.92
2011-03-07,104.34
2011-03-08,105.37
2011-03-09,105.06
2011-03-10,104.39
2011-03-11,102.73
2011-03-14,101.14
2011-03-15,101.2
2011-03-16,97.23
2011-03-17,97.99
2011-03-18,101.47
2011-03-21,101.06
2011-03-22,102.36
2011-03-23,104.53
2011-03-24,105.21
2011-03-25,105.04
2011-03-28,104.89
2011-03-29,103.54
2011-03-30,104.34
2011-03-31,103.8
2011-04-01,106.19
2011-04-04,107.55
2011-04-05,108.14
2011-04-06,107.82
2011-04-07,108.38
2011-04-08,109.82
2011-04-11,112.27
2011-04-12,109.5
2011-04-13,105.75
2011-04-14,106.6
2011-04-15,107.73
2011-04-18,109.17
2011-04-19,106.7
2011-04-20,107.18
2011-04-21,110.84
2011-04-25,111.72
2011-04-26,111.68
2011-04-27,111.72
2011-04-28,112.31
2011-04-29,112.38
2011-05-02,113.39
2011-05-03,113.03
2011-05-04,110.6
2011-05-05,108.79
2011-05-06,99.89
2011-05-09,96.87
2011-05-10,100.32
2011-05-11,103.39
2011-05-12,97.88
2011-05-13,98.53
2011-05-16,99.21
2011-05-17,96.91
2011-05-18,96.4
2011-05-19,99.52
2011-05-20,97.99
2011-05-23,99.15
2011-05-24,97.06
2011-05-25,99.13
2011-05-26,100.78
2011-05-27,100.18
2011-05-31,100.58
2011-06-01,102.7
2011-06-02,100.3
2011-06-03,100.41
2011-06-06,100.28
2011-06-07,99.07
2011-06-08,99.18
2011-06-09,100.77
2011-06-10,101.95
2011-06-13,99.3
2011-06-14,97.2
2011-06-15,99.37
2011-06-16,94.83
2011-06-17,94.95
2011-06-20,93.02
2011-06-21,93.23
2011-06-22,93.7
2011-06-23,94.96
2011-06-24,90.7
2011-06-27,90.89
2011-06-28,90.65
2011-06-29,92.9
2011-06-30,94.85
2011-07-01,95.3
2011-07-05,94.81
2011-07-06,96.92
2011-07-07,96.67
2011-07-08,98.7
2011-07-11,96.2
2011-07-12,95.16
2011-07-13,97.41
2011-07-14,98.04
2011-07-15,95.75
2011-07-18,97.24
2011-07-19,95.94
2011-07-20,97.49
2011-07-21,98.11
2011-07-22,98.96
2011-07-25,99.53
2011-07-26,98.97
2011-07-27,99.61
2011-07-28,97.4
2011-07-29,97.48
2011-08-01,95.68
2011-08-02,94.98
2011-08-03,93.78
2011-08-04,91.87
2011-08-05,86.75
2011-08-08,86.89
2011-08-09,81.27
2011-08-10,79.32
2011-08-11,83.05
2011-08-12,85.48
2011-08-15,85.19
2011-08-16,87.88
2011-08-17,86.65
2011-08-18,87.58
2011-08-19,82.38
2011-08-22,82.33
2011-08-23,84.42
2011-08-24,85.35
2011-08-25,84.99
2011-08-26,85.15
2011-08-29,85.37
2011-08-30,87.27
2011-08-31,88.9
2011-09-01,88.81
2011-09-02,88.93
2011-09-06,86.45
2011-09-07,85.99
2011-09-08,89.34
2011-09-09,89.05
2011-09-12,87.24
2011-09-13,88.19
2011-09-14,90.21
2011-09-15,88.91
2011-09-16,89.4
2011-09-19,87.96
2011-09-20,85.7
2011-09-21,86.92
2011-09-22,85.77
2011-09-23,80.29
2011-09-26,79.58
2011-09-27,79.97
2011-09-28,84.18
2011-09-29,80.94
2011-09-30,81.87
2011-10-03,78.93
2011-10-04,77.34
2011-10-05,75.4
2011-10-06,79.41
2011-10-07,82.32
2011-10-10,82.7
2011-10-11,85.14
2011-10-12,85.54
2011-10-13,85.3
2011-10-14,83.96
2011-10-17,86.8
2011-10-18,86.38
2011-10-19,88.34
2011-10-20,86.11
2011-10-21,86.07
2011-10-24,87.19
2011-10-25,91.12
2011-10-26,92.98
2011-10-27,90.2
2011-10-28,93.96
2011-10-31,93.32
2011-11-01,93.19
2011-11-02,92.19
2011-11-03,92.51
2011-11-04,94.07
2011-11-07,94.26
2011-11-08,95.52
2011-11-09,96.8
2011-11-10,95.74
2011-11-11,97.78
2011-11-14,98.99
2011-11-15,98.14
2011-11-16,99.37
2011-11-17,102.59
2011-11-18,98.82
2011-11-21,97.67
2011-11-22,96.73
2011-11-23,97.76
2011-11-25,96.16
2011-11-28,96.91
2011-11-29,98.21
2011-11-30,99.79
2011-12-01,100.36
2011-12-02,100.2
2011-12-05,100.97
2011-12-06,100.94
2011-12-07,101.25
2011-12-08,100.45
2011-12-09,98.35
2011-12-12,99.4
2011-12-13,97.77
2011-12-14,100.24
2011-12-15,94.92
2011-12-16,93.84
2011-12-19,93.55
2011-12-20,93.86
2011-12-21,97.16
2011-12-22,98.54
2011-12-23,99.42
2011-12-27,99.72
2011-12-28,101.29
2011-12-29,99.44
2011-12-30,99.68
2012-01-03,98.83
2012-01-04,102.96
2012-01-05,103.22
2012-01-06,101.81
2012-01-09,101.56
2012-01-10,101.31
2012-01-11,102.24
2012-01-12,100.89
2012-01-13,99.03
2012-01-17,98.69
2012-01-18,100.7
2012-01-19,100.61
2012-01-20,100.32
2012-01-23,98.15
2012-01-24,99.47
2012-01-25,98.84
2012-01-26,99.23
2012-01-27,99.76
2012-01-30,99.47
2012-01-31,98.75
2012-02-01,98.46
2012-02-02,97.63
2012-02-03,96.36
2012-02-06,97.8
2012-02-07,96.89
2012-02-08,98.55
2012-02-09,98.8
2012-02-10,99.88
2012-02-13,98.68
2012-02-14,100.39
2012-02-15,100.82
2012-02-16,101.82
2012-02-17,102.33
2012-02-21,103.27
2012-02-22,105.88
2012-02-23,105.99
2012-02-24,107.44
2012-02-27,109.39
2012-02-28,108.49
2012-02-29,106.59
2012-03-01,107.08
2012-03-02,108.76
2012-03-05,106.68
2012-03-06,106.7
2012-03-07,104.71
2012-03-08,106.16
2012-03-09,106.65
2012-03-12,107.4
2012-03-13,106.34
2012-03-14,106.7
2012-03-15,105.49
2012-03-16,105.19
2012-03-19,107.03
2012-03-20,108.09
2012-03-21,105.68
2012-03-22,106.87
2012-03-23,104.98
2012-03-26,106.43
2012-03-27,107.07
2012-03-28,107.32
2012-03-29,105.4
2012-03-30,102.79
2012-04-02,103.03
2012-04-03,105.25
2012-04-04,104.02
2012-04-05,101.53
2012-04-09,103.29
2012-04-10,102.45
2012-04-11,101.12
2012-04-12,102.66
2012-04-13,103.69
2012-04-16,102.84
2012-04-17,102.92
2012-04-18,104.23
2012-04-19,102.65
2012-04-20,102.38
2012-04-23,103.58
2012-04-24,102.68
2012-04-25,103.1
2012-04-26,103.72
2012-04-27,104.56
2012-04-30,104.86
2012-05-01,104.89
2012-05-02,106.17
2012-05-03,105.25
2012-05-04,102.56
2012-05-07,98.49
2012-05-08,97.86
2012-05-09,97.13
2012-05-10,96.8
2012-05-11,97.1
2012-05-14,96.03
2012-05-15,94.75
2012-05-16,93.97
2012-05-17,92.78
2012-05-18,92.53
2012-05-21,91.51
2012-05-22,92.57
2012-05-23,91.44
2012-05-24,89.4
2012-05-25,90.36
2012-05-29,90.64
2012-05-30,90.75
2012-05-31,87.79
2012-06-01,86.52
2012-06-04,83.17
2012-06-05,83.95
2012-06-06,84.31
2012-06-07,85.05
2012-06-08,84.78
2012-06-11,84.08
2012-06-12,82.58
2012-06-13,83.35
2012-06-14,82.56
2012-06-15,83.83
2012-06-18,84.03
2012-06-19,83.26
2012-06-20,83.99
2012-06-21,81.06
2012-06-22,77.91
2012-06-25,79.33
2012-06-26,78.76
2012-06-27,79.34
2012-06-28,80.27
2012-06-29,77.72
2012-07-02,85.04
2012-07-03,83.72
2012-07-05,87.74
2012-07-06,87.11
2012-07-09,84.37
2012-07-10,85.93
2012-07-11,83.92
2012-07-12,85.88
2012-07-13,86.02
2012-07-16,87.15
2012-07-17,88.41
2012-07-18,89.07
2012-07-19,89.88
2012-07-20,92.78
2012-07-23,91.56
2012-07-24,87.77
2012-07-25,88.28
2012-07-26,88.8
2012-07-27,89.4
2012-07-30,90.13
2012-07-31,89.8
2012-08-01,88.08
2012-08-02,88.99
2012-08-03,87.22
2012-08-06,91.4
2012-08-07,92.3
2012-08-08,93.68
2012-08-09,93.39
2012-08-10,93.39
2012-08-13,92.94
2012-08-14,92.76
2012-08-15,93.4
2012-08-16,94.35
2012-08-17,95.66
2012-08-20,96
2012-08-21,96.03
2012-08-22,96.55
2012-08-23,96.89
2012-08-24,95.87
2012-08-27,95.78
2012-08-28,95.54
2012-08-29,96.3
2012-08-30,95.5
2012-08-31,94.61
2012-09-04,96.47
2012-09-05,95.34
2012-09-06,95.37
2012-09-07,95.58
2012-09-10,96.41
2012-09-11,96.52
2012-09-12,97.03
2012-09-13,97.02
2012-09-14,98.3
2012-09-17,98.94
2012-09-18,96.51
2012-09-19,95.25
2012-09-20,91.97
2012-09-21,92.14
2012-09-24,92.64
2012-09-25,91.68
2012-09-26,91.07
2012-09-27,89.92
2012-09-28,91.89
2012-10-01,92.18
2012-10-02,92.44
2012-10-03,91.88
2012-10-04,88.19
2012-10-05,91.69
2012-10-08,89.87
2012-10-09,89.43
2012-10-10,92.42
2012-10-11,91.24
2012-10-12,92.19
2012-10-15,91.83
2012-10-16,91.84
2012-10-17,92.07
2012-10-18,92.04
2012-10-19,92
2012-10-22,90
2012-10-23,88.3
2012-10-24,86.65
2012-10-25,85.39
2012-10-26,85.59
2012-10-29,85.84
2012-10-30,85.52
2012-10-31,85.65
2012-11-01,86.23
2012-11-02,87.05
2012-11-05,84.9
2012-11-06,85.64
2012-11-07,88.62
2012-11-08,84.5
2012-11-09,85.07
2012-11-12,86.08
2012-11-13,85.56
2012-11-14,85.38
2012-11-15,86.32
2012-11-16,85.45
2012-11-19,86.62
2012-11-20,89.05
2012-11-21,86.46
2012-11-23,87.08
2012-11-26,87.01
2012-11-27,87.28
2012-11-28,86.81
2012-11-29,86.1
2012-11-30,87.64
2012-12-03,88.54
2012-12-04,88.69
2012-12-05,88.04
2012-12-06,87.36
2012-12-07,85.47
2012-12-10,85.45
2012-12-11,85.14
2012-12-12,85.36
2012-12-13,86.35
2012-12-14,85.39
2012-12-17,86.32
2012-12-18,86.71
2012-12-19,87.46
2012-12-20,89.09
2012-12-21,89.76
2012-12-24,88.2
2012-12-26,88.29
2012-12-27,90.71
2012-12-28,90.91
2012-12-31,90.66
2013-01-02,91.83
2013-01-03,93.14
2013-01-04,92.97
2013-01-07,93.12
2013-01-08,93.2
2013-01-09,93.21
2013-01-10,93.08
2013-01-11,93.81
2013-01-14,93.6
2013-01-15,94.27
2013-01-16,93.26
2013-01-17,94.28
2013-01-18,95.49
2013-01-22,95.61
2013-01-23,96.09
2013-01-24,95.06
2013-01-25,95.35
2013-01-28,95.15
2013-01-29,95.95
2013-01-30,97.62
2013-01-31,97.98
2013-02-01,97.65
2013-02-04,97.46
2013-02-05,96.21
2013-02-06,96.68
2013-02-07,96.44
2013-02-08,95.84
2013-02-11,95.71
2013-02-12,97.01
2013-02-13,97.48
2013-02-14,97.03
2013-02-15,97.3
2013-02-19,95.95
2013-02-20,96.69
2013-02-21,94.92
2013-02-22,92.79
2013-02-25,93.12
2013-02-26,92.74
2013-02-27,92.63
2013-02-28,92.84
2013-03-01,92.03
2013-03-04,90.71
2013-03-05,90.13
2013-03-06,90.88
2013-03-07,90.47
2013-03-08,91.53
2013-03-11,92.01
2013-03-12,92.07
2013-03-13,92.44
2013-03-14,92.47
2013-03-15,93.03
2013-03-18,93.49
2013-03-19,93.71
2013-03-20,92.44
2013-03-21,93.21
2013-03-22,92.46
2013-03-25,93.41
2013-03-26,94.55
2013-03-27,95.99
2013-03-28,96.53
2013-04-01,97.24
2013-04-02,97.1
2013-04-03,97.23
2013-04-04,95.02
2013-04-05,93.26
2013-04-08,92.76
2013-04-09,93.36
2013-04-10,94.18
2013-04-11,94.59
2013-04-12,93.44
2013-04-15,91.23
2013-04-16,88.75
2013-04-17,88.73
2013-04-18,86.65
2013-04-19,87.83
2013-04-22,88.04
2013-04-23,88.81
2013-04-24,89.21
2013-04-25,91.07
2013-04-26,93.27
2013-04-29,92.63
2013-04-30,94.09
2013-05-01,93.22
2013-05-02,90.74
2013-05-03,93.7
2013-05-06,95.25
2013-05-07,95.8
2013-05-08,95.28
2013-05-09,96.24
2013-05-10,96.09
2013-05-13,95.81
2013-05-14,94.76
2013-05-15,93.96
2013-05-16,93.95
2013-05-17,94.85
2013-05-20,95.72
2013-05-21,96.29
2013-05-22,95.55
2013-05-23,93.98
2013-05-24,94.12
2013-05-28,93.84
2013-05-29,94.65
2013-05-30,93.13
2013-05-31,93.57
2013-06-03,91.93
2013-06-04,93.41
2013-06-05,93.36
2013-06-06,93.66
2013-06-07,94.71
2013-06-10,96.11
2013-06-11,95.82
2013-06-12,95.5
2013-06-13,95.98
2013-06-14,96.66
2013-06-17,97.83
2013-06-18,97.86
2013-06-19,98.46
2013-06-20,98.24
2013-06-21,94.89
2013-06-24,93.81
2013-06-25,95.07
2013-06-26,95.25
2013-06-27,95.47
2013-06-28,97
2013-07-01,96.36
2013-07-02,97.94
2013-07-03,99.65
2013-07-05,101.92
2013-07-08,103.09
2013-07-09,103.03
2013-07-10,103.46
2013-07-11,106.41
2013-07-12,104.77
2013-07-15,105.85
2013-07-16,106.2
2013-07-17,105.88
2013-07-18,106.39
2013-07-19,107.94
2013-07-22,108
2013-07-23,106.61
2013-07-24,107.13
2013-07-25,105.41
2013-07-26,105.47
2013-07-29,104.76
2013-07-30,104.61
2013-07-31,103.14
2013-08-01,105.1
2013-08-02,107.93
2013-08-05,106.94
2013-08-06,106.61
2013-08-07,105.32
2013-08-08,104.41
2013-08-09,103.45
2013-08-12,106.04
2013-08-13,106.19
2013-08-14,106.78
2013-08-15,106.89
2013-08-16,107.43
2013-08-19,107.58
2013-08-20,107.14
2013-08-21,104.9
2013-08-22,103.93
2013-08-23,104.93
2013-08-26,106.48
2013-08-27,105.88
2013-08-28,109.11
2013-08-29,110.17
2013-08-30,108.51
2013-09-03,107.98
2013-09-04,108.67
2013-09-05,107.29
2013-09-06,108.5
2013-09-09,110.62
2013-09-10,109.62
2013-09-11,107.48
2013-09-12,107.65
2013-09-13,108.72
2013-09-16,108.31
2013-09-17,106.54
2013-09-18,105.36
2013-09-19,108.23
2013-09-20,106.26
2013-09-23,104.7
2013-09-24,103.62
2013-09-25,103.22
2013-09-26,102.68
2013-09-27,103.1
2013-09-30,102.86
2013-10-01,102.36
2013-10-02,102.09
2013-10-03,104.15
2013-10-04,103.29
2013-10-07,103.83
2013-10-08,103.07
2013-10-09,103.54
2013-10-10,101.63
2013-10-11,103.08
2013-10-14,102.17
2013-10-15,102.46
2013-10-16,101.15
2013-10-17,102.34
2013-10-18,100.72
2013-10-21,100.87
2013-10-22,99.28
2013-10-23,97.63
2013-10-24,96.9
2013-10-25,96.65
2013-10-28,97.4
2013-10-29,98.74
2013-10-30,98.29
2013-10-31,96.81
2013-11-01,96.29
2013-11-04,94.56
2013-11-05,94.58
2013-11-06,93.4
2013-11-07,94.74
2013-11-08,94.25
2013-11-11,94.56
2013-11-12,95.13
2013-11-13,93.12
2013-11-14,93.91
2013-11-15,93.76
2013-11-18,93.8
2013-11-19,93.03
2013-11-20,93.35
2013-11-21,93.34
2013-11-22,95.35
2013-11-25,94.53
2013-11-26,93.86
2013-11-27,93.41
2013-11-29,92.05
2013-12-02,92.55
2013-12-03,93.61
2013-12-04,95.83
2013-12-05,96.97
2013-12-06,97.14
2013-12-09,97.48
2013-12-10,97.1
2013-12-11,98.32
2013-12-12,97.25
2013-12-13,97.21
2013-12-16,96.27
2013-12-17,97.18
2013-12-18,96.99
2013-12-19,97.59
2013-12-20,98.4
2013-12-23,99.11
2013-12-24,98.62
2013-12-26,98.87
2013-12-27,99.18
2013-12-30,99.94
2013-12-31,98.9
2014-01-02,98.17
2014-01-03,95.14
2014-01-06,93.66
2014-01-07,93.12
2014-01-08,93.31
2014-01-09,91.9
2014-01-10,91.36
2014-01-13,92.39
2014-01-14,91.45
2014-01-15,92.15
2014-01-16,93.78
2014-01-17,93.54
2014-01-21,93.96
2014-01-22,94.51
2014-01-23,96.35
2014-01-24,97.23
2014-01-27,96.66
2014-01-28,95.82
2014-01-29,97.49
2014-01-30,97.34
2014-01-31,98.25
2014-02-03,97.55
2014-02-04,96.44
2014-02-05,97.24
2014-02-06,97.4
2014-02-07,97.84
2014-02-10,99.98
2014-02-11,100.12
2014-02-12,99.96
2014-02-13,100.38
2014-02-14,100.27
2014-02-18,100.31
2014-02-19,102.54
2014-02-20,103.46
2014-02-21,103.2
2014-02-24,102.53
2014-02-25,103.17
2014-02-26,102.2
2014-02-27,102.93
2014-02-28,102.68
2014-03-03,102.88
2014-03-04,105.34
2014-03-05,103.64
2014-03-06,101.75
2014-03-07,101.82
2014-03-10,102.82
2014-03-11,101.39
2014-03-12,100.29
2014-03-13,98.29
2014-03-14,98.57
2014-03-17,99.23
2014-03-18,98.43
2014-03-19,100.08
2014-03-20,100.71
2014-03-21,99.68
2014-03-24,99.97
2014-03-25,100.05
2014-03-26,99.66
2014-03-27,100.61
2014-03-28,101.25
2014-03-31,101.73
2014-04-01,101.57
2014-04-02,99.69
2014-04-03,99.6
2014-04-04,100.29
2014-04-07,101.16
2014-04-08,100.43
2014-04-09,102.57
2014-04-10,103.55
2014-04-11,103.37
2014-04-14,103.68
2014-04-15,104.05
2014-04-16,103.7
2014-04-17,103.71
2014-04-21,104.33
2014-04-22,104.35
2014-04-23,101.69
2014-04-24,101.47
2014-04-25,102.2
2014-04-28,100.85
2014-04-29,101.13
2014-04-30,101.56
2014-05-01,100.07
2014-05-02,99.69
2014-05-05,100.09
2014-05-06,99.74
2014-05-07,99.81
2014-05-08,101.06
2014-05-09,100.52
2014-05-12,100.32
2014-05-13,100.89
2014-05-14,102.01
2014-05-15,102.63
2014-05-16,101.74
2014-05-19,102.31
2014-05-20,102.95
2014-05-21,102.8
2014-05-22,104.31
2014-05-23,104.03
2014-05-27,105.01
2014-05-28,104.78
2014-05-29,103.37
2014-05-30,104.26
2014-06-02,103.4
2014-06-03,103.07
2014-06-04,103.34
2014-06-05,103.27
2014-06-06,103.17
2014-06-09,103.32
2014-06-10,105.09
2014-06-11,105.02
2014-06-12,105.04
2014-06-13,107.2
2014-06-16,107.49
2014-06-17,107.52
2014-06-18,106.95
2014-06-19,106.64
2014-06-20,107.08
2014-06-23,107.95
2014-06-24,106.83
2014-06-25,106.64
2014-06-26,107.04
2014-06-27,106.49
2014-06-30,106.46
2014-07-01,106.07
2014-07-02,106.06
2014-07-03,105.18
2014-07-07,104.76
2014-07-08,104.19
2014-07-09,104.06
2014-07-10,102.93
2014-07-11,103.61
2014-07-14,101.48
2014-07-15,101.73
2014-07-16,100.56
2014-07-17,101.88
2014-07-18,103.84
2014-07-21,103.83
2014-07-22,105.34
2014-07-23,104.59
2014-07-24,103.81
2014-07-25,102.76
2014-07-28,105.23
2014-07-29,105.68
2014-07-30,104.91
2014-07-31,104.29
2014-08-01,98.23
2014-08-04,97.86
2014-08-05,98.26
2014-08-06,97.34
2014-08-07,96.93
2014-08-08,97.34
2014-08-11,97.61
2014-08-12,98.09
2014-08-13,97.36
2014-08-14,97.57
2014-08-15,95.54
2014-08-18,97.3
2014-08-19,96.44
2014-08-20,94.35
2014-08-21,96.4
2014-08-22,93.97
2014-08-25,93.61
2014-08-26,95.39
2014-08-27,95.78
2014-08-28,95.82
2014-08-29,96.44
2014-09-02,97.86
2014-09-03,92.92
2014-09-04,95.5
2014-09-05,94.51
2014-09-08,93.32
2014-09-09,92.64
2014-09-10,92.73
2014-09-11,91.71
2014-09-12,92.89
2014-09-15,92.18
2014-09-16,92.86
2014-09-17,94.91
2014-09-18,94.33
2014-09-19,93.07
2014-09-22,92.43
2014-09-23,91.46
2014-09-24,91.55
2014-09-25,93.6
2014-09-26,93.59
2014-09-29,95.55
2014-09-30,94.53
2014-10-01,91.17
2014-10-02,90.74
2014-10-03,91.02
2014-10-06,89.76
2014-10-07,90.33
2014-10-08,88.89
2014-10-09,87.29
2014-10-10,85.76
2014-10-13,85.87
2014-10-14,85.73
2014-10-15,81.72
2014-10-16,81.82
2014-10-17,82.33
2014-10-20,82.8
2014-10-21,82.76
2014-10-22,83.25
2014-10-23,80.52
2014-10-24,82.81
2014-10-27,81.27
2014-10-28,81.26
2014-10-29,81.36
2014-10-30,82.25
2014-10-31,81.06
2014-11-03,80.53
2014-11-04,78.77
2014-11-05,77.15
2014-11-06,78.71
2014-11-07,77.87
2014-11-10,78.71
2014-11-11,77.43
2014-11-12,77.85
2014-11-13,77.16
2014-11-14,74.13
2014-11-17,75.91
2014-11-18,75.64
2014-11-19,74.55
2014-11-20,74.55
2014-11-21,75.63
2014-11-24,76.52
2014-11-25,75.74
2014-11-26,74.04
2014-11-28,73.7
2014-12-01,65.94
2014-12-02,68.98
2014-12-03,66.99
2014-12-04,67.3
2014-12-05,66.73
2014-12-08,65.89
2014-12-09,63.13
2014-12-10,63.74
2014-12-11,60.99
2014-12-12,60.01
2014-12-15,57.81
2014-12-16,55.96
2014-12-17,55.97
2014-12-18,56.43
2014-12-19,54.18
2014-12-22,56.91
2014-12-23,55.25
2014-12-24,56.78
2014-12-26,55.7
2014-12-29,54.59
2014-12-30,53.46
2014-12-31,54.14
2015-01-02,53.45
2015-01-05,52.72
2015-01-06,50.05
2015-01-07,47.98
2015-01-08,48.69
2015-01-09,48.8
2015-01-12,48.35
2015-01-13,46.06
2015-01-14,45.92
2015-01-15,48.49
2015-01-16,46.37
2015-01-20,48.49
2015-01-21,46.79
2015-01-22,47.85
2015-01-23,45.93
2015-01-26,45.26
2015-01-27,44.8
2015-01-28,45.84
2015-01-29,44.08
2015-01-30,44.12
2015-02-02,47.79
2015-02-03,49.25
2015-02-04,53.04
2015-02-05,48.45
2015-02-06,50.48
2015-02-09,51.66
2015-02-10,52.99
2015-02-11,50.06
2015-02-12,48.8
2015-02-13,51.17
2015-02-17,52.66
2015-02-18,53.56
2015-02-19,52.13
2015-02-20,51.12
2015-02-23,49.95
2015-02-24,49.56
2015-02-25,48.48
2015-02-26,50.25
2015-02-27,47.65
2015-03-02,49.84
2015-03-03,49.59
2015-03-04,50.43
2015-03-05,51.53
2015-03-06,50.76
2015-03-09,49.61
2015-03-10,49.95
2015-03-11,48.42
2015-03-12,48.06
2015-03-13,47.12
2015-03-16,44.88
2015-03-17,43.93
2015-03-18,43.39
2015-03-19,44.63
2015-03-20,44.02
2015-03-23,46
2015-03-24,47.4
2015-03-25,47.03
2015-03-26,48.75
2015-03-27,51.41
2015-03-30,48.83
2015-03-31,48.66
2015-04-01,47.72
2015-04-02,50.12
2015-04-06,49.13
2015-04-07,52.08
2015-04-08,53.95
2015-04-09,50.44
2015-04-10,50.79
2015-04-13,51.63
2015-04-14,51.95
2015-04-15,53.3
2015-04-16,56.25
2015-04-17,56.69
2015-04-20,55.71
2015-04-21,56.37
2015-04-22,55.58
2015-04-23,56.17
2015-04-24,56.59
2015-04-27,55.98
2015-04-28,55.56
2015-04-29,57.05
2015-04-30,58.55
2015-05-01,59.62
2015-05-04,59.1
2015-05-05,58.92
2015-05-06,60.38
2015-05-07,60.93
2015-05-08,58.99
2015-05-11,59.41
2015-05-12,59.23
2015-05-13,60.72
2015-05-14,60.5
2015-05-15,59.89
2015-05-18,59.73
2015-05-19,59.44
2015-05-20,57.3
2015-05-21,58.96
2015-05-22,60.18
2015-05-26,58.88
2015-05-27,57.29
2015-05-28,57.51
2015-05-29,57.69
2015-06-01,60.25
2015-06-02,60.24
2015-06-03,61.3
2015-06-04,59.67
2015-06-05,58
2015-06-08,59.11
2015-06-09,58.15
2015-06-10,60.15
2015-06-11,61.36
2015-06-12,60.74
2015-06-15,59.96
2015-06-16,59.53
2015-06-17,60.01
2015-06-18,59.89
2015-06-19,60.41
2015-06-22,59.62
2015-06-23,60.01
2015-06-24,61.05
2015-06-25,60.01
2015-06-26,59.59
2015-06-29,59.41
2015-06-30,58.34
2015-07-01,59.48
2015-07-02,56.94
2015-07-06,56.93
2015-07-07,52.48
2015-07-08,52.33
2015-07-09,51.61
2015-07-10,52.76
2015-07-13,52.74
2015-07-14,52.19
2015-07-15,53.05
2015-07-16,51.4
2015-07-17,50.9
2015-07-20,50.88
2015-07-21,50.11
2015-07-22,50.59
2015-07-23,49.27
2015-07-24,48.11
2015-07-27,47.98
2015-07-28,47.17
2015-07-29,47.97
2015-07-30,48.77
2015-07-31,48.53
2015-08-03,47.11
2015-08-04,45.25
2015-08-05,45.75
2015-08-06,45.13
2015-08-07,44.69
2015-08-10,43.87
2015-08-11,44.94
2015-08-12,43.11
2015-08-13,43.22
2015-08-14,42.27
2015-08-17,42.45
2015-08-18,41.93
2015-08-19,42.58
2015-08-20,40.75
2015-08-21,41
2015-08-24,40.45
2015-08-25,38.22
2015-08-26,39.15
2015-08-27,38.5
2015-08-28,42.47
2015-08-31,45.29
2015-09-01,49.2
2015-09-02,45.38
2015-09-03,46.3
2015-09-04,46.75
2015-09-08,46.02
2015-09-09,45.92
2015-09-10,44.13
2015-09-11,45.85
2015-09-14,44.75
2015-09-15,44.07
2015-09-16,44.58
2015-09-17,47.12
2015-09-18,46.93
2015-09-21,44.71
2015-09-22,46.67
2015-09-23,46.17
2015-09-24,44.53
2015-09-25,44.94
2015-09-28,45.55
2015-09-29,44.4
2015-09-30,45.24
2015-10-01,45.06
2015-10-02,44.75
2015-10-05,45.54
2015-10-06,46.28
2015-10-07,48.53
2015-10-08,47.86
2015-10-09,49.46
2015-10-12,49.67
2015-10-13,47.09
2015-10-14,46.7
2015-10-15,46.63
2015-10-16,46.38
2015-10-19,47.3
2015-10-20,45.91
2015-10-21,45.84
2015-10-22,45.22
2015-10-23,44.9
2015-10-26,43.91
2015-10-27,43.19
2015-10-28,43.21
2015-10-29,45.93
2015-10-30,46.02
2015-11-02,46.6
2015-11-03,46.12
2015-11-04,47.88
2015-11-05,46.32
2015-11-06,45.27
2015-11-09,44.32
2015-11-10,43.87
2015-11-11,44.23
2015-11-12,42.95
2015-11-13,41.74
2015-11-16,40.69
2015-11-17,41.68
2015-11-18,40.73
2015-11-19,40.75
2015-11-20,40.55
2015-11-23,39.39
2015-11-24,39.27
2015-11-25,40.89
2015-11-27,41.22
2015-11-30,40.57
2015-12-01,40.43
2015-12-02,40.58
2015-12-03,39.93
2015-12-04,41.08
2015-12-07,40
2015-12-08,37.64
2015-12-09,37.46
2015-12-10,37.16
2015-12-11,36.76
2015-12-14,35.65
2015-12-15,36.31
2015-12-16,37.32
2015-12-17,35.55
2015-12-18,34.98
2015-12-21,34.72
2015-12-22,34.55
2015-12-23,36.12
2015-12-24,36.76
2015-12-28,37.62
2015-12-29,36.36
2015-12-30,37.88
2015-12-31,36.59
2016-01-04,37.13
2016-01-05,36.81
2016-01-06,35.97
2016-01-07,33.97
2016-01-08,33.29
2016-01-11,33.2
2016-01-12,31.42
2016-01-13,30.42
2016-01-14,30.42
2016-01-15,31.22
2016-01-19,29.45
2016-01-20,28.47
2016-01-21,26.68
2016-01-22,29.55
2016-01-25,32.07
2016-01-26,30.31
2016-01-27,29.54
2016-01-28,32.32
2016-01-29,33.21
2016-02-01,33.66
2016-02-02,31.62
2016-02-03,29.9
2016-02-04,32.29
2016-02-05,31.63
2016-02-08,30.86
2016-02-09,29.71
2016-02-10,27.96
2016-02-11,27.54
2016-02-12,26.19
2016-02-16,29.32
2016-02-17,29.05
2016-02-18,30.68
2016-02-19,30.77
2016-02-22,29.59
2016-02-23,31.37
2016-02-24,31.84
2016-02-25,30.35
2016-02-26,31.4
2016-02-29,31.65
2016-03-01,32.74
2016-03-02,34.39
2016-03-03,34.57
2016-03-04,34.56
2016-03-07,35.91
2016-03-08,37.9
2016-03-09,36.67
2016-03-10,37.62
2016-03-11,37.77
2016-03-14,38.51
2016-03-15,37.2
2016-03-16,36.32
2016-03-17,38.43
2016-03-18,40.17
2016-03-21,39.47
2016-03-22,39.91
2016-03-23,41.45
2016-03-24,38.28
2016-03-28,38.14
2016-03-29,37.99
2016-03-30,36.91
2016-03-31,36.91
2016-04-01,36.94
2016-04-04,35.36
2016-04-05,34.3
2016-04-06,34.52
2016-04-07,37.74
2016-04-08,37.3
2016-04-11,39.74
2016-04-12,40.46
2016-04-13,42.12
2016-04-14,41.7
2016-04-15,41.45
2016-04-18,40.4
2016-04-19,39.74
2016-04-20,40.88
2016-04-21,42.72
2016-04-22,43.18
2016-04-25,42.76
2016-04-26,41.67
2016-04-27,42.52
2016-04-28,45.29
2016-04-29,46.03
2016-05-02,45.98
2016-05-03,44.75
2016-05-04,43.65
2016-05-05,43.77
2016-05-06,44.33
2016-05-09,44.58
2016-05-10,43.45
2016-05-11,44.68
2016-05-12,46.21
2016-05-13,46.64
2016-05-16,46.22
2016-05-17,47.72
2016-05-18,48.29
2016-05-19,48.12
2016-05-20,48.16
2016-05-23,47.67
2016-05-24,48.12
2016-05-25,48.04
2016-05-26,49.1
2016-05-27,49
2016-05-31,49.36
2016-06-01,49.1
2016-06-02,49.07
2016-06-03,49.14
2016-06-06,48.69
2016-06-07,49.71
2016-06-08,50.37
2016-06-09,51.23
2016-06-10,50.52
2016-06-13,49.09
2016-06-14,48.89
2016-06-15,48.49
2016-06-16,47.92
2016-06-17,46.14
2016-06-20,48
2016-06-21,49.4
2016-06-22,48.95
2016-06-23,49.16
2016-06-24,49.34
2016-06-27,46.7
2016-06-28,45.8
2016-06-29,47.93
2016-06-30,49.85
2016-07-01,48.27
2016-07-05,49.02
2016-07-06,46.73
2016-07-07,47.37
2016-07-08,45.22
2016-07-11,45.37
2016-07-12,44.73
2016-07-13,46.82
2016-07-14,44.87
2016-07-15,45.64
2016-07-18,45.93
2016-07-19,45.23
2016-07-20,44.64
2016-07-21,44.96
2016-07-22,43.96
2016-07-25,43.41
2016-07-26,42.4
2016-07-27,42.16
2016-07-28,41.9
2016-07-29,41.13
2016-08-01,41.54
2016-08-02,40.05
2016-08-03,39.5
2016-08-04,40.8
2016-08-05,41.92
2016-08-08,41.83
2016-08-09,43.06
2016-08-10,42.78
2016-08-11,41.75
2016-08-12,43.51
2016-08-15,44.47
2016-08-16,45.72
2016-08-17,46.57
2016-08-18,46.81
2016-08-19,48.2
2016-08-22,48.48
2016-08-23,46.8
2016-08-24,47.54
2016-08-25,46.29
2016-08-26,46.97
2016-08-29,47.64
2016-08-30,46.97
2016-08-31,46.32
2016-09-01,44.68
2016-09-02,43.17
2016-09-06,44.39
2016-09-07,44.85
2016-09-08,45.47
2016-09-09,47.63
2016-09-12,45.88
2016-09-13,46.28
2016-09-14,44.91
2016-09-15,43.62
2016-09-16,43.85
2016-09-19,43.04
2016-09-20,43.34
2016-09-21,43.85
2016-09-22,45.33
2016-09-23,46.1
2016-09-26,44.36
2016-09-27,45.6
2016-09-28,44.65
2016-09-29,47.07
2016-09-30,47.72
2016-10-03,47.72
2016-10-04,48.8
2016-10-05,48.67
2016-10-06,49.75
2016-10-07,50.44
2016-10-10,49.76
2016-10-11,49.76
2016-10-12,50.72
2016-10-13,50.14
2016-10-14,50.47
2016-10-17,50.35
2016-10-18,49.97
2016-10-19,50.3
2016-10-20,51.59
2016-10-21,50.31
2016-10-24,50.61
2016-10-25,50.18
2016-10-26,49.45
2016-10-27,48.75
2016-10-28,49.71
2016-10-31,48.72
2016-11-01,46.83
2016-11-02,46.66
2016-11-03,45.32
2016-11-04,44.66
2016-11-07,44.07
2016-11-08,44.88
2016-11-09,44.96
2016-11-10,45.2
2016-11-11,44.62
2016-11-14,43.39
2016-11-15,43.29
2016-11-16,45.86
2016-11-17,45.56
2016-11-18,45.37
2016-11-21,45.69
2016-11-22,47.48
2016-11-23,48.07
2016-11-25,46.72
2016-11-28,46.72
2016-11-29,45.66
2016-11-30,45.29
2016-12-01,49.41
2016-12-02,51.08
2016-12-05,51.7
2016-12-06,51.72
2016-12-07,50.95
2016-12-08,49.85
2016-12-09,50.84
2016-12-12,51.51
2016-12-13,52.74
2016-12-14,52.99
2016-12-15,51.01
2016-12-16,50.9
2016-12-19,51.93
2016-12-20,52.13
2016-12-21,52.22
2016-12-22,51.44
2016-12-23,51.98
2016-12-27,52.01
2016-12-28,52.82
2016-12-29,54.01
2016-12-30,53.8
2017-01-03,53.75
2017-01-04,52.36
2017-01-05,53.26
2017-01-06,53.77
2017-01-09,53.98
2017-01-10,51.95
2017-01-11,50.82
2017-01-12,52.19
2017-01-13,53.01
2017-01-17,52.36
2017-01-18,52.45
2017-01-19,51.12
2017-01-20,51.39
2017-01-23,52.33
2017-01-24,52.77
2017-01-25,52.38
2017-01-26,52.14
2017-01-27,53.24
2017-01-30,53.18
2017-01-31,52.63
2017-02-01,52.75
2017-02-02,53.9
2017-02-03,53.55
2017-02-06,53.81
2017-02-07,53.01
2017-02-08,52.19
2017-02-09,52.37
2017-02-10,52.99
2017-02-13,53.84
2017-02-14,52.96
2017-02-15,53.21
2017-02-16,53.11
2017-02-17,53.41
2017-02-21,53.41
2017-02-22,54.02
2017-02-23,53.61
2017-02-24,54.48
2017-02-27,53.99
2017-02-28,54.04
2017-03-01,54
2017-03-02,53.82
2017-03-03,52.63
2017-03-06,53.33
2017-03-07,53.19
2017-03-08,52.68
2017-03-09,49.83
2017-03-10,48.75
2017-03-13,48.05
2017-03-14,47.95
2017-03-15,47.24
2017-03-16,48.34
2017-03-17,48.3
2017-03-20,48.34
2017-03-21,47.79
2017-03-22,47.02
2017-03-23,47.29
2017-03-24,47
2017-03-27,47.3
2017-03-28,47.02
2017-03-29,48.36
2017-03-30,49.47
2017-03-31,50.3
2017-04-03,50.54
2017-04-04,50.25
2017-04-05,50.99
2017-04-06,51.14
2017-04-07,51.69
2017-04-10,52.25
2017-04-11,53.06
2017-04-12,53.38
2017-04-13,53.12
2017-04-17,53.19
2017-04-18,52.62
2017-04-19,52.46
2017-04-20,50.49
2017-04-21,50.26
2017-04-24,49.64
2017-04-25,48.9
2017-04-26,49.22
2017-04-27,49.22
2017-04-28,48.96
2017-05-01,49.31
2017-05-02,48.83
2017-05-03,47.65
2017-05-04,47.79
2017-05-05,45.55
2017-05-08,46.23
2017-05-09,46.46
2017-05-10,45.84
2017-05-11,47.28
2017-05-12,47.81
2017-05-15,47.83
2017-05-16,48.86
2017-05-17,48.64
2017-05-18,49.04
2017-05-19,49.36
2017-05-22,50.32
2017-05-23,50.81
2017-05-24,51.12
2017-05-25,50.99
2017-05-26,48.57
2017-05-30,49.58
2017-05-31,49.63
2017-06-01,48.29
2017-06-02,48.32
2017-06-05,47.68
2017-06-06,47.4
2017-06-07,48.13
2017-06-08,45.8
2017-06-09,45.68
2017-06-12,45.82
2017-06-13,46.1
2017-06-14,46.41
2017-06-15,44.79
2017-06-16,44.47
2017-06-19,44.73
2017-06-20,44.24
2017-06-21,43.34
2017-06-22,42.48
2017-06-23,42.53
2017-06-26,42.86
2017-06-27,43.24
2017-06-28,44.25
2017-06-29,44.74
2017-06-30,44.88
2017-07-05,46.02
2017-07-06,45.11
2017-07-07,45.52
2017-07-10,44.25
2017-07-11,44.4
2017-07-12,45.06
2017-07-13,45.48
2017-07-14,46.06
2017-07-17,46.53
2017-07-18,46.02
2017-07-19,46.4
2017-07-20,47.1
2017-07-21,46.73
2017-07-24,45.78
2017-07-25,46.21
2017-07-26,47.77
2017-07-27,48.58
2017-07-28,49.05
2017-07-31,49.72
2017-08-01,50.21
2017-08-02,49.19
2017-08-03,49.6
2017-08-04,49.03
2017-08-07,49.57
2017-08-08,49.37
2017-08-09,49.07
2017-08-10,49.59
2017-08-11,48.54
2017-08-14,48.81
2017-08-15,47.59
2017-08-16,47.57
2017-08-17,46.8
2017-08-18,47.07
2017-08-21,48.59
2017-08-22,47.39
2017-08-23,47.65
2017-08-24,48.45
2017-08-25,47.24
2017-08-28,47.65
2017-08-29,46.4
2017-08-30,46.46
2017-08-31,45.96
2017-09-01,47.26
2017-09-05,47.32
2017-09-06,48.63
2017-09-07,49.13
2017-09-08,49.1
2017-09-11,47.44
2017-09-12,48.06
2017-09-13,48.21
2017-09-14,49.3
2017-09-15,49.86
2017-09-18,49.9
2017-09-19,49.88
2017-09-20,49.54
2017-09-21,50.29
2017-09-22,50.58
2017-09-25,50.33
2017-09-26,51.85
2017-09-27,51.59
2017-09-28,52.14
2017-09-29,51.62
2017-10-02,51.67
2017-10-03,50.59
2017-10-04,50.44
2017-10-05,50
2017-10-06,50.79
2017-10-09,49.34
2017-10-10,49.58
2017-10-11,50.93
2017-10-12,51.3
2017-10-13,50.61
2017-10-16,51.43
2017-10-17,51.86
2017-10-18,51.87
2017-10-19,52.05
2017-10-20,51.29
2017-10-23,51.63
2017-10-24,51.91
2017-10-25,52.32
2017-10-26,51.97
2017-10-27,52.41
2017-10-30,53.92
2017-10-31,54.11
2017-11-01,54.36
2017-11-02,54.32
2017-11-03,54.55
2017-11-06,55.63
2017-11-07,57.34
2017-11-08,57.19
2017-11-09,56.82
2017-11-10,57.16
2017-11-13,56.75
2017-11-14,56.77
2017-11-15,55.67
2017-11-16,55.28
2017-11-17,55.14
2017-11-20,56.21
2017-11-21,56.21
2017-11-22,56.84
2017-11-24,57.88
2017-11-27,58.94
2017-11-28,58.1
2017-11-29,57.96
2017-11-30,57.25
2017-12-01,57.4
2017-12-04,58.35
2017-12-05,57.48
2017-12-06,57.66
2017-12-07,55.79
2017-12-08,56.5
2017-12-11,57.15
2017-12-12,57.84
2017-12-13,57.12
2017-12-14,56.59
2017-12-15,57
2017-12-18,57.29
2017-12-19,57.17
2017-12-20,57.49
2017-12-21,58.09
2017-12-22,58.34
2017-12-26,58.25
2017-12-27,59.55
2017-12-28,59.67
2017-12-29,59.84
2018-01-02,60.46
2018-01-03,60.37
2018-01-04,61.61
2018-01-05,61.98
2018-01-08,61.49
2018-01-09,61.73
2018-01-10,62.92
2018-01-11,63.6
2018-01-12,63.81
2018-01-16,64.22
2018-01-17,63.82
2018-01-18,63.92
2018-01-19,63.96
2018-01-22,63.38
2018-01-23,63.66
2018-01-24,64.45
2018-01-25,65.69
2018-01-26,65.62
2018-01-29,66.27
2018-01-30,65.71
2018-01-31,64.64
2018-02-01,64.82
2018-02-02,65.92
2018-02-05,65.5
2018-02-06,64.18
2018-02-07,63.48
2018-02-08,61.91
2018-02-09,61.3
2018-02-12,59.2
2018-02-13,59.41
2018-02-14,59.33
2018-02-15,60.7
2018-02-16,61.48
2018-02-20,61.89
2018-02-21,61.91
2018-02-22,61.73
2018-02-23,62.72
2018-02-26,63.52
2018-02-27,63.81
2018-02-28,62.94
2018-03-01,61.43
2018-03-02,60.98
2018-03-05,61.19
2018-03-06,62.49
2018-03-07,62.54
2018-03-08,61.09
2018-03-09,60.13
2018-03-12,62.02
2018-03-13,61.35
2018-03-14,60.69
2018-03-15,60.89
2018-03-16,61.16
2018-03-19,62.29
2018-03-20,62.01
2018-03-21,63.37
2018-03-22,65.1
2018-03-23,64.25
2018-03-26,65.8
2018-03-27,65.49
2018-03-28,65.21
2018-03-29,64.3
2018-04-02,64.87
2018-04-03,63.05
2018-04-04,63.41
2018-04-05,63.35
2018-04-06,63.53
2018-04-09,62.03
2018-04-10,63.4
2018-04-11,65.48
2018-04-12,66.81
2018-04-13,67.07
2018-04-16,67.35
2018-04-17,66.23
2018-04-18,66.5
2018-04-19,68.44
2018-04-20,68.3
2018-04-23,68.26
2018-04-24,67.61
2018-04-25,67.66
2018-04-26,68
2018-04-27,68.18
2018-04-30,68.11
2018-05-01,68.56
2018-05-02,67.28
2018-05-03,67.91
2018-05-04,68.45
2018-05-07,69.71
2018-05-08,70.74
2018-05-09,68.83
2018-05-10,71.16
2018-05-11,71.36
2018-05-14,70.69
2018-05-15,71.01
2018-05-16,71.34
2018-05-17,71.43
2018-05-18,71.47
2018-05-21,71.23
2018-05-22,72.26
2018-05-23,72.09
2018-05-24,71.85
2018-05-25,70.77
2018-05-29,67.92
2018-05-30,66.8
2018-05-31,68.24
2018-06-01,66.98
2018-06-04,65.81
2018-06-05,64.76
2018-06-06,65.51
2018-06-07,64.75
2018-06-08,65.96
2018-06-11,65.77
2018-06-12,66.1
2018-06-13,66.38
2018-06-14,66.63
2018-06-15,66.91
2018-06-18,65.01
2018-06-19,65.91
2018-06-20,65.09
2018-06-21,65.92
2018-06-22,65.68
2018-06-25,69.02
2018-06-26,69.91
2018-06-27,75.23
2018-06-28,77.41
2018-06-29,73.45
2018-07-02,74.13
2018-07-03,73.89
2018-07-05,74.19
2018-07-06,73.05
2018-07-09,73.78
2018-07-10,73.93
2018-07-11,74.11
2018-07-12,70.47
2018-07-13,70.28
2018-07-16,71.03
2018-07-17,68.22
2018-07-18,68.03
2018-07-19,68.78
2018-07-20,69.42
2018-07-23,70.31
2018-07-24,67.9
2018-07-25,70.77
2018-07-26,71.13
2018-07-27,71.59
2018-07-30,68.66
2018-07-31,71.19
2018-08-01,69.88
2018-08-02,68.8
2018-08-03,68.95
2018-08-06,68.49
2018-08-07,69.01
2018-08-08,69.17
2018-08-09,66.92
2018-08-10,66.81
2018-08-13,67.61
2018-08-14,67.25
2018-08-15,67.04
2018-08-16,65.07
2018-08-17,65.44
2018-08-20,65.93
2018-08-21,66.5
2018-08-22,67.32
2018-08-23,67.85
2018-08-24,69.13
2018-08-27,69.71
2018-08-28,69.97
2018-08-29,68.54
2018-08-30,69.68
2018-08-31,70.25
2018-09-04,69.84
2018-09-05,69.82
2018-09-06,68.69
2018-09-07,67.81
2018-09-10,67.73
2018-09-11,67.55
2018-09-12,69.29
2018-09-13,70.37
2018-09-14,68.6
2018-09-17,68.98
2018-09-18,68.86
2018-09-19,69.87
2018-09-20,71.08
2018-09-21,70.77
2018-09-24,70.8
2018-09-25,73.23
2018-09-26,73.4
2018-09-27,72.22
2018-09-28,72.18
2018-10-01,73.16
2018-10-02,75.37
2018-10-03,75.16
2018-10-04,76.4
2018-10-05,74.44
2018-10-08,74.26
2018-10-09,74.27
2018-10-10,74.95
2018-10-11,73.18
2018-10-12,70.97
2018-10-15,71.41
2018-10-16,71.84
2018-10-17,71.93
2018-10-18,69.63
2018-10-19,68.63
2018-10-22,69.16
2018-10-23,69.25
2018-10-24,66.49
2018-10-25,66.56
2018-10-26,67.25
2018-10-29,67.58
2018-10-30,67
2018-10-31,66.18
2018-11-01,65.31
2018-11-02,63.67
2018-11-05,63.12
2018-11-06,63.12
2018-11-07,62.16
2018-11-08,61.69
2018-11-09,60.71
2018-11-12,60.19
2018-11-13,59.85
2018-11-14,55.63
2018-11-15,56.16
2018-11-16,56.45
2018-11-19,56.49
2018-11-20,57.16
2018-11-21,53.39
2018-11-26,54.41
2018-11-27,51.46
2018-11-28,51.31
2018-11-29,50.06
2018-11-30,51.46
2018-12-03,50.78
2018-12-04,52.98
2018-12-05,53.21
2018-12-06,52.64
2018-12-07,51.54
2018-12-10,52.76
2018-12-11,51.07
2018-12-12,51.65
2018-12-13,51.04
2018-12-14,52.69
2018-12-17,51.26
2018-12-18,49.8
2018-12-19,46.12
2018-12-20,47.96
2018-12-21,45.64
2018-12-26,45.38
2018-12-27,46.04
2018-12-28,44.48
2019-01-02,45.15
2019-01-03,46.31
2019-01-04,46.92
2019-01-07,47.76
2019-01-08,48.27
2019-01-09,49.58
2019-01-10,52.19
2019-01-11,52.42
2019-01-14,51.44
2019-01-15,50.31
2019-01-16,51.8
2019-01-17,52.08
2019-01-18,51.83
2019-01-22,53.6
2019-01-23,52.59
2019-01-24,52.44
2019-01-25,52.94
2019-01-28,53.53
2019-01-29,51.79
2019-01-30,53.07
2019-01-31,54.18
2019-02-01,53.84
2019-02-04,55.29
2019-02-05,54.57
2019-02-06,53.69
2019-02-07,53.94
2019-02-08,52.68
2019-02-11,52.75
2019-02-12,52.43
2019-02-13,53.14
2019-02-14,53.84
2019-02-15,54.4
2019-02-19,55.58
2019-02-20,56.12
2019-02-21,56.9
2019-02-22,56.95
2019-02-25,57.01
2019-02-26,55.32
2019-02-27,55.4
2019-02-28,56.92
2019-03-01,57.21
2019-03-04,55.76
2019-03-05,56.6
2019-03-06,56.55
2019-03-07,56.22
2019-03-08,56.6
2019-03-11,55.77
2019-03-12,56.79
2019-03-13,56.89
2019-03-14,58.27
2019-03-15,58.59
2019-03-18,58.51
2019-03-19,59.09
2019-03-20,59.12
2019-03-21,60.12
2019-03-22,59.98
2019-03-25,58.87
2019-03-26,58.71
2019-03-27,59.87
2019-03-28,59.39
2019-03-29,59.29
2019-04-01,60.19
2019-04-02,61.59
2019-04-03,62.53
2019-04-04,62.46
2019-04-05,62.12
2019-04-08,63.1
2019-04-09,64.37
2019-04-10,64.05
2019-04-11,64.62
2019-04-12,63.61
2019-04-15,63.86
2019-04-16,63.43
2019-04-17,64.01
2019-04-18,63.74
2019-04-22,64.02
2019-04-23,65.66
2019-04-24,66.24
2019-04-25,65.96
2019-04-26,65.23
2019-04-29,63.29
2019-04-30,63.39
2019-05-01,63.83
2019-05-02,63.55
2019-05-03,61.75
2019-05-06,61.98
2019-05-07,62.3
2019-05-08,61.41
2019-05-09,62.13
2019-05-10,61.58
2019-05-13,61.65
2019-05-14,60.97
2019-05-15,61.82
2019-05-16,62.03
2019-05-17,62.93
2019-05-20,62.77
2019-05-21,63.12
2019-05-22,63.02
2019-05-23,61.42
2019-05-24,57.65
2019-05-28,58.4
2019-05-29,58.91
2019-05-30,58.84
2019-05-31,56.47
2019-06-03,53.49
2019-06-04,53.25
2019-06-05,53.5
2019-06-06,51.57
2019-06-07,52.59
2019-06-10,53.95
2019-06-11,53.33
2019-06-12,53.3
2019-06-13,51.13
2019-06-14,52.38
2019-06-17,52.47
2019-06-18,51.94
2019-06-19,53.86
2019-06-20,53.74
2019-06-21,56.88
2019-06-24,57.35
2019-06-25,57.73
2019-06-26,57.63
2019-06-27,59.17
2019-06-28,59.18
2019-07-01,58.2
2019-07-02,58.91
2019-07-03,56
2019-07-08,57.06
2019-07-09,57.35
2019-07-10,57.57
2019-07-11,60.28
2019-07-12,59.93
2019-07-15,59.99
2019-07-16,59.3
2019-07-17,57.44
2019-07-18,56.5
2019-07-19,55.08
2019-07-22,55.42
2019-07-23,55.87
2019-07-24,56.58
2019-07-25,55.9
2019-07-26,55.88
2019-07-29,56.04
2019-07-30,56.85
2019-07-31,58.04
2019-08-01,58.53
2019-08-02,53.64
2019-08-05,55.67
2019-08-06,54.63
2019-08-07,53.6
2019-08-08,51.14
2019-08-09,52.6
2019-08-12,54.41
2019-08-13,54.98
2019-08-14,57.05
2019-08-15,55.16
2019-08-16,54.51
2019-08-19,54.83
2019-08-20,56.24
2019-08-21,56.18
2019-08-22,55.65
2019-08-23,55.33
2019-08-26,54.08
2019-08-27,53.54
2019-08-28,54.99
2019-08-29,55.76
2019-08-30,56.67
2019-09-03,55.07
2019-09-04,53.91
2019-09-05,56.22
2019-09-06,56.33
2019-09-09,56.45
2019-09-10,57.88
2019-09-11,57.37
2019-09-12,55.66
2019-09-13,55.13
2019-09-16,54.76
2019-09-17,63.1
2019-09-18,59.26
2019-09-19,58.19
2019-09-20,58.19
2019-09-23,57.92
2019-09-24,58.69
2019-09-25,57.22
2019-09-26,56.38
2019-09-27,56.24
2019-09-30,55.95
2019-10-01,54.09
2019-10-02,53.6
2019-10-03,52.67
2019-10-04,52.41
2019-10-07,52.84
2019-10-08,52.76
2019-10-09,52.64
2019-10-10,52.63
2019-10-11,53.57
2019-10-14,54.76
2019-10-15,53.57
2019-10-16,52.81
2019-10-17,53.42
2019-10-18,53.89
2019-10-21,53.75
2019-10-22,53.28
2019-10-23,54.21
2019-10-24,55.9
2019-10-25,56.11
2019-10-28,56.52
2019-10-29,55.6
2019-10-30,55.34
2019-10-31,54.85
2019-11-01,54.02
2019-11-04,56.04
2019-11-05,56.33
2019-11-06,57.04
2019-11-07,56.15
2019-11-08,56.91
2019-11-12,57.02
2019-11-13,56.67
2019-11-14,56.88
2019-11-15,56.57
2019-11-18,57.54
2019-11-19,56.82
2019-11-20,54.93
2019-11-21,56.71
2019-11-22,58.36
2019-11-25,57.68
2019-11-26,57.79
2019-11-27,58.25
2019-11-29,58.12
2019-12-02,58.12
2019-12-03,55.97
2019-12-04,56.15
2019-12-05,58.46
2019-12-06,58.42
2019-12-09,59.2
2019-12-10,58.99
2019-12-11,59.22
2019-12-12,58.74
2019-12-13,59.18
2019-12-16,60.11
2019-12-17,60.21
2019-12-18,60.88
2019-12-19,60.93
2019-12-20,61.3
2019-12-23,60.43
2019-12-24,60.51
2019-12-26,61.17
2019-12-27,61.72
2019-12-30,61.76
2019-12-31,61.66
2020-01-02,61.14
2020-01-03,61.17
2020-01-06,63
2020-01-07,63.27
2020-01-08,62.7
2020-01-09,59.65
2020-01-10,59.56
2020-01-13,59.02
2020-01-14,58.17
2020-01-15,58.34
2020-01-16,57.86
2020-01-17,58.52
2020-01-21,58.55
2020-01-22,58.25
2020-01-23,56.76
2020-01-24,55.51
2020-01-27,54.09
2020-01-28,53.09
2020-01-29,53.33
2020-01-30,53.29
2020-01-31,52.19
2020-02-03,51.58
2020-02-04,50.06
2020-02-05,49.59
2020-02-06,50.87
2020-02-07,50.94
2020-02-10,50.34
2020-02-11,49.59
2020-02-12,50
2020-02-13,51.13
2020-02-14,51.41
2020-02-18,52.03
2020-02-19,52.1
2020-02-20,53.31
2020-02-21,53.77
2020-02-24,53.36
2020-02-25,51.36
2020-02-26,49.78
2020-02-27,48.67
2020-02-28,47.17
2020-03-02,44.83
2020-03-03,46.78
2020-03-04,47.27
2020-03-05,46.78
2020-03-06,45.9
2020-03-09,41.14
2020-03-10,31.05
2020-03-11,34.47
2020-03-12,33.13
2020-03-13,31.56
2020-03-16,31.72
2020-03-17,28.96
2020-03-18,26.96
2020-03-19,20.48
2020-03-20,25.09
2020-03-23,19.48
2020-03-24,23.33
2020-03-25,21.03
2020-03-26,20.75
2020-03-27,16.6
2020-03-30,15.48
2020-03-31,14.1
2020-04-01,20.51
2020-04-02,20.28
2020-04-03,25.18
2020-04-06,28.36
2020-04-07,26.21
2020-04-08,23.54
2020-04-09,24.97
2020-04-13,22.9
2020-04-14,22.36
2020-04-15,20.15
2020-04-16,19.96
2020-04-17,19.82
2020-04-20,18.31
2020-04-21,-36.98
2020-04-22,8.91
2020-04-23,13.64
2020-04-24,15.06
2020-04-27,15.99
2020-04-28,12.17
2020-04-29,12.4
2020-04-30,15.04
2020-05-01,19.23
2020-05-04,19.72
2020-05-05,20.47
2020-05-06,24.56
2020-05-07,23.88
2020-05-08,23.68
2020-05-11,24.73
2020-05-12,24.02
2020-05-13,25.76
2020-05-14,25.37
2020-05-15,27.4
2020-05-18,29.44
2020-05-19,31.83
2020-05-20,32.3
2020-05-21,33.56
2020-05-22,34.3
2020-05-26,33.49
2020-05-27,34.7
2020-05-28,32.8
2020-05-29,33.67
2020-06-01,35.57
2020-06-02,35.49
2020-06-03,36.88
2020-06-04,37.33
2020-06-05,37.42
2020-06-08,39.49
2020-06-09,38.17
2020-06-10,38.98
2020-06-11,39.54
2020-06-12,36.43
2020-06-15,36.24
2020-06-16,37.07
2020-06-17,38.26
2020-06-18,37.91
2020-06-19,38.79
2020-06-22,39.72
2020-06-23,40.6
2020-06-24,40.4
2020-06-25,37.91
2020-06-26,38.66
2020-06-29,38.53
2020-06-30,39.67
2020-07-01,39.27
2020-07-02,39.88
2020-07-06,40.57
2020-07-07,40.51
2020-07-08,40.59
2020-07-09,40.91
2020-07-10,39.64
2020-07-13,40.56
2020-07-14,40.06
2020-07-15,40.3
2020-07-16,41.2
2020-07-17,40.74
2020-07-20,40.55
2020-07-21,40.83
2020-07-22,41.76
2020-07-23,41.88
2020-07-24,40.99
2020-07-27,41.23
2020-07-28,41.46
2020-07-29,40.89
2020-07-30,41.13
2020-07-31,39.85
2020-08-03,40.1
2020-08-04,40.83
2020-08-05,41.67
2020-08-06,42.25
2020-08-07,41.93
2020-08-10,41.16
2020-08-11,41.94
2020-08-12,41.53
2020-08-13,42.6
2020-08-14,42.26
2020-08-17,42.05
2020-08-18,42.89
2020-08-19,42.89
2020-08-20,42.91
2020-08-21,42.62
2020-08-24,42.32
2020-08-25,42.44
2020-08-26,43.17
2020-08-27,43.21
2020-08-28,42.88
2020-08-31,42.96
2020-09-01,42.61
2020-09-02,42.76
2020-09-03,42.76
2020-09-04,41.39
2020-09-08,39.69
2020-09-09,36.87
2020-09-10,38.05
2020-09-11,37.25
2020-09-14,37.33
2020-09-15,37.23
2020-09-16,38.29
2020-09-17,40.17
2020-09-18,40.99
2020-09-21,41.09
2020-09-22,39.26
2020-09-23,39.55
2020-09-24,39.92
2020-09-25,40.11
2020-09-28,40.06
2020-09-29,40.47
2020-09-30,39.03
2020-10-05,36.9
